-- phpMyAdmin SQL Dump
-- version 5.0.2
-- https://www.phpmyadmin.net/
--
-- Host: localhost
-- Generation Time: Aug 05, 2020 at 01:31 PM
-- Server version: 10.4.11-MariaDB
-- PHP Version: 7.2.31

SET SQL_MODE = "NO_AUTO_VALUE_ON_ZERO";
START TRANSACTION;
SET time_zone = "+00:00";


/*!40101 SET @OLD_CHARACTER_SET_CLIENT=@@CHARACTER_SET_CLIENT */;
/*!40101 SET @OLD_CHARACTER_SET_RESULTS=@@CHARACTER_SET_RESULTS */;
/*!40101 SET @OLD_COLLATION_CONNECTION=@@COLLATION_CONNECTION */;
/*!40101 SET NAMES utf8mb4 */;

--
-- Database: `dev_crm`
--

-- --------------------------------------------------------

--
-- Table structure for table `tblactivity_log`
--

CREATE TABLE `tblactivity_log` (
  `id` int(11) NOT NULL,
  `description` mediumtext NOT NULL,
  `date` datetime NOT NULL,
  `staffid` varchar(100) DEFAULT NULL
) ENGINE=InnoDB DEFAULT CHARSET=utf8;

--
-- Dumping data for table `tblactivity_log`
--

INSERT INTO `tblactivity_log` (`id`, `description`, `date`, `staffid`) VALUES
(1, 'Non Existing User Tried to Login [Email: admin@admin.com, Is Staff Member: No, IP: 192.168.15.1]', '2019-12-12 19:06:06', NULL),
(2, 'Non Existing User Tried to Login [Email: admin@admin.com, Is Staff Member: No, IP: 192.168.15.1]', '2019-12-12 19:16:14', NULL),
(3, 'Non Existing User Tried to Login [Email: admin@admin.com, Is Staff Member: No, IP: 192.168.15.1]', '2019-12-12 19:39:22', 'Admin tts'),
(4, 'New Role Added [ID: 2.Team Lead]', '2019-12-13 09:50:17', 'Admin tts'),
(5, 'Role Updated [ID: 2, Name: Team Lead]', '2019-12-13 09:51:44', 'Admin tts'),
(6, 'New Staff Member Added [ID: 2, Max G]', '2019-12-13 09:53:18', 'Admin tts'),
(7, 'New Staff Member Added [ID: 3, Test User]', '2019-12-13 09:56:57', 'Admin tts'),
(8, 'New Leads Source Added [SourceID: 3, Name: Custom Source 1]', '2019-12-13 09:57:32', 'Admin tts'),
(9, 'New Leads Status Added [StatusID: 2, Name: Custom Status 1]', '2019-12-13 09:58:09', 'Admin tts'),
(10, 'Leads Status Updated [StatusID: 2, Name: New]', '2019-12-13 10:12:13', 'Admin tts'),
(11, 'New Leads Status Added [StatusID: 3, Name: Contacted]', '2019-12-13 10:12:36', 'Admin tts'),
(12, 'New Leads Status Added [StatusID: 4, Name: Qualified]', '2019-12-13 10:12:54', 'Admin tts'),
(13, 'New Leads Status Added [StatusID: 5, Name: Proposal Sent]', '2019-12-13 10:13:14', 'Admin tts'),
(14, 'Leads Status Updated [StatusID: 5, Name: Proposal Sent]', '2019-12-13 10:13:38', 'Admin tts'),
(15, 'New Leads Status Added [StatusID: 6, Name: Working]', '2019-12-13 10:13:52', 'Admin tts'),
(16, 'Leads Source Updated [SourceID: 3, Name: LinkedIn]', '2019-12-13 10:14:36', 'Admin tts'),
(17, 'New Leads Source Added [SourceID: 4, Name: NewsPaper]', '2019-12-13 10:14:47', 'Admin tts'),
(18, 'New Staff Member Added [ID: 4, Elliot J]', '2019-12-13 10:19:21', 'Admin tts'),
(19, 'Staff Member Updated [ID: 4, Elliot J]', '2019-12-13 11:17:39', 'Admin tts'),
(20, 'Staff Member Updated [ID: 2, Max G]', '2019-12-13 11:18:31', 'Admin tts'),
(21, 'Non Existing User Tried to Login [Email: elliot.j@tts.net, Is Staff Member: No, IP: 192.168.15.1]', '2019-12-13 11:18:59', NULL),
(22, 'New Client Created [ID: 1, From Staff: 1]', '2019-12-13 11:21:20', 'Admin tts'),
(23, 'Role Updated [ID: 1, Name: Employee]', '2019-12-13 11:23:27', 'Admin tts'),
(24, 'Contact Created [ID: 1]', '2019-12-13 11:29:47', 'Admin tts'),
(25, 'Non Existing User Tried to Login [Email: admin@admin.com, Is Staff Member: No, IP: 192.168.15.1]', '2019-12-13 11:32:25', 'Admin tts'),
(26, 'Non Existing User Tried to Login [Email: admin@admin.com, Is Staff Member: No, IP: 192.168.15.1]', '2019-12-13 11:32:37', 'Admin tts'),
(27, 'Non Existing User Tried to Login [Email: admin@admin.com, Is Staff Member: No, IP: 192.168.15.1]', '2019-12-13 11:32:44', 'Admin tts'),
(28, 'Non Existing User Tried to Login [Email: admin@admin.com, Is Staff Member: No, IP: 192.168.15.1]', '2019-12-13 11:32:55', 'Admin tts'),
(29, 'Contact Updated [ID: 1]', '2019-12-13 11:34:24', 'Admin tts'),
(30, 'Contact Updated [ID: 1]', '2019-12-13 11:35:01', 'Admin tts'),
(31, 'Non Existing User Tried to Login [Email: elliot.j@tts.net, Is Staff Member: No, IP: 192.168.15.1]', '2019-12-13 11:35:55', NULL),
(32, 'Non Existing User Tried to Login [Email: elliot.j@tts.net, Is Staff Member: No, IP: 192.168.15.1]', '2019-12-13 11:36:13', NULL),
(33, 'Failed Login Attempt [Email: admin@admin.com, Is Staff Member: Yes, IP: 192.168.15.1]', '2019-12-13 11:54:56', NULL),
(34, 'New Customer Group Created [ID:1, Name:Group]', '2019-12-13 15:31:41', 'Elliot J'),
(35, 'New Client Created [ID: 2, From Staff: 4]', '2019-12-13 15:32:28', 'Elliot J'),
(36, 'Failed Login Attempt [Email: admin@admin.com, Is Staff Member: Yes, IP: 123.176.34.16]', '2019-12-16 11:09:53', NULL),
(37, 'Non Existing User Tried to Login [Email: admin@admin.com, Is Staff Member: No, IP: 192.168.2.128]', '2019-12-25 10:01:54', NULL),
(38, 'Non Existing User Tried to Login [Email: admin@admin.com, Is Staff Member: No, IP: 192.168.2.128]', '2019-12-25 10:02:10', NULL),
(39, 'Failed Login Attempt [Email: admin@admin.com, Is Staff Member: Yes, IP: 192.168.2.128]', '2019-12-25 10:06:18', NULL),
(40, 'New Article Group Added [GroupID: 1]', '2019-12-25 16:28:58', 'Admin tts'),
(41, 'New Article Added [ArticleID: 1 GroupID: 1]', '2019-12-25 16:29:11', 'Admin tts'),
(42, 'Role Updated [ID: 2, Name: Team Lead]', '2019-12-25 16:36:59', 'Admin tts'),
(43, 'Campaign Updated [CampaignID: 1]', '2019-12-25 18:26:56', 'Admin tts'),
(44, 'Role Updated [ID: 2, Name: Team Lead]', '2019-12-25 18:34:25', 'Admin tts'),
(45, 'Role Updated [ID: 2, Name: Team Lead]', '2019-12-25 18:34:46', 'Admin tts'),
(46, 'Role Updated [ID: 2, Name: Team Lead]', '2019-12-25 18:35:49', 'Admin tts'),
(47, 'Role Updated [ID: 1, Name: Employee]', '2019-12-25 18:40:45', 'Admin tts'),
(48, 'Non Existing User Tried to Login [Email: elliot.j@tts.net, Is Staff Member: No, IP: 192.168.2.128]', '2019-12-25 18:41:42', NULL),
(49, 'Role Updated [ID: 2, Name: Team Lead]', '2019-12-25 18:43:09', 'Admin tts'),
(50, 'Role Updated [ID: 2, Name: Team Lead]', '2019-12-25 18:43:33', 'Admin tts'),
(51, 'Staff Member Updated [ID: 2, Max G]', '2019-12-25 18:47:31', 'Admin tts'),
(52, 'Role Updated [ID: 2, Name: Team Lead]', '2019-12-25 18:51:47', 'Admin tts'),
(53, 'Staff Member Updated [ID: 2, Max G]', '2019-12-25 18:52:16', 'Admin tts'),
(54, 'Staff Member Updated [ID: 2, Max G]', '2019-12-25 18:58:09', 'Admin tts'),
(55, 'Staff Member Updated [ID: 3, Test User]', '2019-12-25 18:58:41', 'Admin tts'),
(56, 'Staff Member Updated [ID: 4, Elliot J]', '2019-12-25 18:59:13', 'Admin tts'),
(57, 'Campaign Updated [CampaignID: 1]', '2019-12-25 19:36:58', 'Admin tts'),
(58, 'Campaign Updated [CampaignID: 1]', '2019-12-25 19:57:12', 'Admin tts'),
(59, 'Campaign Updated [CampaignID: 1]', '2019-12-25 20:01:51', 'Admin tts'),
(60, 'Campaign Updated [CampaignID: 1]', '2019-12-26 10:12:32', 'Admin tts'),
(61, 'Campaign Updated [CampaignID: 1]', '2019-12-26 10:12:46', 'Admin tts'),
(62, 'Campaign Updated [CampaignID: 1]', '2019-12-26 10:28:07', 'Admin tts'),
(63, 'New Article Group Added [GroupID: 2]', '2019-12-26 10:29:41', 'Admin tts'),
(64, 'Campaign Updated [CampaignID: 1]', '2019-12-26 10:36:16', 'Admin tts'),
(65, 'Campaign Deleted [CampaignID: 1]', '2019-12-26 10:47:23', 'Admin tts'),
(66, 'New Campaign Added [CampaignID: 2]', '2019-12-26 10:48:08', 'Admin tts'),
(67, 'Campaign Deleted [CampaignID: 2]', '2019-12-26 10:48:16', 'Admin tts'),
(68, 'New Campaign Added [CampaignID: 1]', '2019-12-26 10:48:44', 'Admin tts'),
(69, 'New Campaign Added [CampaignID: 2]', '2019-12-26 10:48:56', 'Admin tts'),
(70, 'New Campaign Added [CampaignID: 1]', '2019-12-26 11:02:14', 'Admin tts'),
(71, 'New Campaign Added [CampaignID: 2]', '2019-12-26 11:02:25', 'Admin tts'),
(72, 'New Lead Added [ID: 1]', '2019-12-26 11:40:52', 'Admin tts'),
(73, 'Lead Updated [ID: 1]', '2019-12-26 11:42:39', 'Admin tts'),
(74, 'Lead Updated [ID: 1]', '2019-12-26 11:42:55', 'Admin tts'),
(75, 'Campaign Updated [CampaignID: 2]', '2019-12-27 09:43:56', 'Admin tts'),
(76, 'Campaign Updated [CampaignID: 2]', '2019-12-27 09:44:09', 'Admin tts'),
(77, 'Campaign Updated [CampaignID: 1]', '2019-12-27 09:44:33', 'Admin tts'),
(78, 'Campaign Updated [CampaignID: 2]', '2019-12-27 10:02:36', 'Admin tts'),
(79, 'Campaign Updated [CampaignID: 2]', '2019-12-27 10:02:47', 'Admin tts'),
(80, 'Campaign Updated [CampaignID: 1]', '2019-12-27 10:03:00', 'Admin tts'),
(81, 'Pipeline Updated [PipelineID: 2]', '2019-12-30 10:25:19', 'Admin tts'),
(82, 'Pipeline Updated [PipelineID: 2]', '2019-12-30 11:39:31', 'Admin tts'),
(83, 'Pipeline Updated [PipelineID: 2]', '2019-12-30 11:40:25', 'Admin tts'),
(84, 'Pipeline Updated [PipelineID: 2]', '2019-12-30 12:07:46', 'Admin tts'),
(85, 'Pipeline Updated [PipelineID: 2]', '2019-12-30 12:10:07', 'Admin tts'),
(86, 'Lead Updated [ID: 1]', '2019-12-30 16:36:21', 'Admin tts'),
(87, 'Lead Updated [ID: 1]', '2019-12-30 16:51:47', 'Admin tts'),
(88, 'Pipeline Updated [PipelineID: 2]', '2019-12-30 18:10:24', 'Admin tts'),
(89, 'Pipeline Updated [PipelineID: 2]', '2019-12-30 18:24:51', 'Admin tts'),
(90, 'Pipeline Updated [PipelineID: 1]', '2019-12-30 18:25:21', 'Admin tts'),
(91, 'Non Existing User Tried to Login [Email: elliot.j@tts.net, Is Staff Member: No, IP: 192.168.2.128]', '2019-12-30 18:53:42', NULL),
(92, 'Lead Updated [ID: 1]', '2019-12-30 18:55:44', 'Admin tts'),
(93, 'Lead Updated [ID: 1]', '2019-12-30 18:56:08', 'Admin tts'),
(94, 'New Staff Member Added [ID: 5, Sample User]', '2020-01-03 16:22:35', 'Admin tts'),
(95, 'Role Updated [ID: 1, Name: Employee]', '2020-01-03 16:25:18', 'Admin tts'),
(96, 'Role Updated [ID: 1, Name: Employee]', '2020-01-03 16:27:03', 'Admin tts'),
(97, 'Non Existing User Tried to Login [Email: admin@admin.com, Is Staff Member: No, IP: 192.168.2.128]', '2020-01-06 09:27:48', NULL),
(98, 'Non Existing User Tried to Login [Email: admin@admin.com, Is Staff Member: No, IP: 192.168.2.128]', '2020-01-06 09:27:53', NULL),
(99, 'New pipeline added [PipelineID: 1]', '2020-01-07 16:55:33', 'Admin tts'),
(100, 'Pipeline Updated [PipelineID: 1]', '2020-01-07 16:56:34', 'Admin tts'),
(101, 'Pipeline Updated [PipelineID: 1]', '2020-01-07 17:51:56', 'Admin tts'),
(102, 'New pipeline added [PipelineID: 2]', '2020-01-07 18:35:11', 'Admin tts'),
(103, 'Pipeline Updated [PipelineID: 1]', '2020-01-07 18:35:29', 'Admin tts'),
(104, 'Staff Member Updated [ID: 3, Richard S]', '2020-01-08 09:45:12', 'Admin tts'),
(105, 'Staff Member Updated [ID: 5, William S]', '2020-01-08 09:46:20', 'Admin tts'),
(106, 'Staff Member Updated [ID: 3, Richard S]', '2020-01-08 09:46:39', 'Admin tts'),
(107, 'Staff Member Updated [ID: 3, Richard G]', '2020-01-08 09:46:55', 'Admin tts'),
(108, 'Staff Member Updated [ID: 5, William G]', '2020-01-08 09:47:37', 'Admin tts'),
(109, 'Staff Member Updated [ID: 4, James G]', '2020-01-08 09:48:42', 'Admin tts'),
(110, 'Staff Member Updated [ID: 2, Max G]', '2020-01-08 09:49:25', 'Admin tts'),
(111, 'Staff Member Updated [ID: 2, Max G]', '2020-01-08 09:49:36', 'Admin tts'),
(112, 'Staff Member Updated [ID: 3, Richard G]', '2020-01-08 09:50:07', 'Admin tts'),
(113, 'Staff Member Updated [ID: 5, William G]', '2020-01-08 09:50:12', 'Admin tts'),
(114, 'Lead Updated [ID: 1]', '2020-01-14 11:36:56', 'Admin tts'),
(115, 'New Lead Added [ID: 2]', '2020-01-14 11:48:30', 'Admin tts'),
(116, 'Lead Updated [ID: 2]', '2020-01-14 11:48:53', 'Admin tts'),
(117, 'Lead Updated [ID: 1]', '2020-01-14 12:05:07', 'Admin tts'),
(118, 'Lead Updated [ID: 2]', '2020-01-14 12:05:21', 'Admin tts'),
(119, 'Lead Updated [ID: 2]', '2020-01-14 12:05:41', 'Admin tts'),
(120, 'New Staff Member Added [ID: 6, Andrew G]', '2020-01-14 19:47:09', 'Admin tts'),
(121, 'Staff Member Updated [ID: 6, Andrew G]', '2020-01-14 19:47:19', 'Admin tts'),
(122, 'Pipeline Updated [PipelineID: 1]', '2020-01-14 19:48:35', 'Admin tts'),
(123, 'Pipeline Updated [PipelineID: 1]', '2020-01-17 09:54:08', 'Admin tts'),
(124, 'Pipeline Updated [PipelineID: 2]', '2020-01-17 09:54:18', 'Admin tts'),
(125, 'Lead Updated [ID: 2]', '2020-01-17 10:05:47', 'Admin tts'),
(126, 'Lead Updated [ID: 2]', '2020-01-17 12:11:02', 'Admin tts'),
(127, 'Lead Updated [ID: 2]', '2020-01-17 12:11:31', 'Admin tts'),
(128, 'Failed Login Attempt [Email: james.g@tts.net, Is Staff Member: Yes, IP: 192.168.2.128]', '2020-01-17 12:16:07', NULL),
(129, 'Failed Login Attempt [Email: james.g@tts.net, Is Staff Member: Yes, IP: 192.168.2.128]', '2020-01-17 12:16:12', NULL),
(130, 'Failed Login Attempt [Email: james.g@tts.net, Is Staff Member: Yes, IP: 192.168.2.128]', '2020-01-17 12:16:19', NULL),
(131, 'Staff Member Updated [ID: 4, James G]', '2020-01-17 12:17:10', 'Admin tts'),
(132, 'Staff Member Updated [ID: 2, Max G]', '2020-01-17 12:24:10', 'Admin tts'),
(133, 'New Lead Added [ID: 3]', '2020-01-17 13:20:08', 'Admin tts'),
(134, 'Lead Updated [ID: 1]', '2020-01-17 13:20:38', 'Admin tts'),
(135, 'Lead Updated [ID: 2]', '2020-01-17 13:20:54', 'Admin tts'),
(136, 'Lead Updated [ID: 3]', '2020-01-17 13:21:14', 'Admin tts'),
(137, 'Staff Member Updated [ID: 3, Richard G]', '2020-01-17 13:22:05', 'Admin tts'),
(138, 'Lead Updated [ID: 3]', '2020-01-17 13:23:27', 'Admin tts'),
(139, 'Pipeline Updated [PipelineID: 2]', '2020-01-17 16:12:42', 'Admin tts'),
(140, 'Non Existing User Tried to Login [Email: richard.j@tts.com, Is Staff Member: Yes, IP: 192.168.2.128]', '2020-01-17 16:13:10', NULL),
(141, 'Non Existing User Tried to Login [Email: richard.j@tts.com, Is Staff Member: Yes, IP: 192.168.2.128]', '2020-01-17 16:13:20', NULL),
(142, 'Pipeline Updated [PipelineID: 1]', '2020-01-17 16:14:53', 'Admin tts'),
(143, 'Staff Member Updated [ID: 5, William G]', '2020-01-17 16:15:27', 'Admin tts'),
(144, 'Lead Updated [ID: 3]', '2020-01-17 16:16:54', 'Admin tts'),
(145, 'Lead Updated [ID: 3]', '2020-01-17 16:17:37', 'Admin tts'),
(146, 'Pipeline Updated [PipelineID: 1]', '2020-01-17 16:19:59', 'Admin tts'),
(147, 'Pipeline Updated [PipelineID: 1]', '2020-01-17 17:56:26', 'Admin tts'),
(148, 'Pipeline Updated [PipelineID: 2]', '2020-01-17 17:56:29', 'Admin tts'),
(149, 'Pipeline Updated [PipelineID: 1]', '2020-01-17 17:56:50', 'Admin tts'),
(150, 'Pipeline Updated [PipelineID: 1]', '2020-01-17 18:08:58', 'Admin tts'),
(151, 'Pipeline Updated [PipelineID: 2]', '2020-01-17 18:19:29', 'Admin tts'),
(152, 'New Role Added [ID: 3.Admin]', '2020-01-20 10:10:54', 'Admin tts'),
(153, 'Lead Updated [ID: 4]', '2020-01-20 12:36:42', 'Admin tts'),
(154, 'Lead Updated [ID: 1]', '2020-01-20 13:08:07', 'Admin tts'),
(155, 'New pipeline added [PipelineID: 3]', '2020-01-21 10:49:46', 'Admin tts'),
(156, 'Pipeline Deleted [PipelineID: 3]', '2020-01-21 11:09:09', 'Admin tts'),
(157, 'Leads Status Updated [StatusID: 1, Name: Converted]', '2020-01-21 12:40:01', 'Admin tts'),
(158, 'Leads Status Updated [StatusID: 1, Name: Lead In]', '2020-01-22 09:33:50', 'Admin tts'),
(159, 'Leads Status Updated [StatusID: 2, Name: Contact Made]', '2020-01-22 09:34:14', 'Admin tts'),
(160, 'Leads Status Updated [StatusID: 3, Name: Negotiations Started]', '2020-01-22 09:34:30', 'Admin tts'),
(161, 'Leads Status Updated [StatusID: 4, Name: Needs Defined]', '2020-01-22 09:34:47', 'Admin tts'),
(162, 'New Task Added [ID:1, Name: Sample Task]', '2020-01-22 12:20:31', 'Admin tts'),
(163, 'Task Updated [ID:1, Name: Sample Task]', '2020-01-22 12:41:07', 'Admin tts'),
(164, 'Tried to access page where don\'t have permission [settings]', '2020-01-22 12:58:34', 'Admin tts'),
(165, 'Pipeline Updated [PipelineID: 1]', '2020-01-22 16:20:29', 'Admin tts'),
(166, 'Pipeline Updated [PipelineID: 1]', '2020-01-22 16:21:14', 'Admin tts'),
(167, 'Pipeline Updated [PipelineID: 1]', '2020-01-22 16:23:47', 'Admin tts'),
(168, 'Pipeline Updated [PipelineID: 2]', '2020-01-22 16:24:36', 'Admin tts'),
(169, 'New pipeline added [PipelineID: 3]', '2020-01-22 16:35:48', 'Admin tts'),
(170, 'Pipeline Deleted [PipelineID: 3]', '2020-01-22 16:36:38', 'Admin tts'),
(171, 'New pipeline added [PipelineID: 3]', '2020-01-22 16:37:58', 'Admin tts'),
(172, 'Pipeline Updated [PipelineID: 1]', '2020-01-23 09:37:18', 'Admin tts'),
(173, 'Lead Updated [ID: 1]', '2020-01-23 10:48:23', 'Admin tts'),
(174, 'Lead Updated [ID: 1]', '2020-01-23 10:56:38', 'Admin tts'),
(175, 'Lead Updated [ID: 1]', '2020-01-23 10:58:06', 'Admin tts'),
(176, 'Lead Updated [ID: 1]', '2020-01-23 11:06:08', 'Admin tts'),
(177, 'Lead Updated [ID: 3]', '2020-01-23 11:17:43', 'Admin tts'),
(178, 'Lead Updated [ID: 2]', '2020-01-23 12:19:48', 'Admin tts'),
(179, 'Lead Updated [ID: 4]', '2020-01-23 12:20:22', 'Admin tts'),
(180, 'Tried to access page where don\'t have permission [pipeline]', '2020-01-23 12:21:14', 'Max G'),
(181, 'Tried to access page where don\'t have permission [pipeline]', '2020-01-23 12:23:10', 'Max G'),
(182, 'Pipeline Updated [PipelineID: 2]', '2020-01-23 16:28:05', 'Admin tts'),
(183, 'Pipeline Updated [PipelineID: 2]', '2020-01-23 16:28:30', 'Admin tts'),
(184, 'Role Updated [ID: 2, Name: Team Lead]', '2020-01-23 17:41:40', 'Admin tts'),
(185, 'New task-type added [Task-type-ID: 1]', '2020-01-23 18:24:45', 'Admin tts'),
(186, 'Task-type Deleted [Task-type-ID: 1]', '2020-01-23 18:25:07', 'Admin tts'),
(187, 'New task-type added [Task-type-ID: 2]', '2020-01-23 18:25:17', 'Admin tts'),
(188, 'New task-type added [Task-type-ID: 1]', '2020-01-23 18:26:07', 'Admin tts'),
(189, 'New task-type added [Task-type-ID: 2]', '2020-01-23 18:26:16', 'Admin tts'),
(190, 'Task-type Updated [Task-type-ID: 1]', '2020-01-23 18:36:25', 'Admin tts'),
(191, 'Task-type Updated [Task-type-ID: 2]', '2020-01-23 18:36:31', 'Admin tts'),
(192, 'Task-type Updated [Task-type-ID: 2]', '2020-01-23 18:36:39', 'Admin tts'),
(193, 'Task Updated [ID:1, Name: Sample Task]', '2020-01-23 19:36:36', 'Admin tts'),
(194, 'Lead Updated [ID: 1]', '2020-01-23 20:12:05', 'Admin tts'),
(195, 'Lead Updated [ID: 1]', '2020-01-23 20:12:20', 'Admin tts'),
(196, 'Lead Updated [ID: 1]', '2020-01-23 20:17:14', 'Admin tts'),
(197, 'Lead Updated [ID: 1]', '2020-01-23 20:17:22', 'Admin tts'),
(198, 'Role Updated [ID: 1, Name: Employee]', '2020-01-27 10:37:54', 'Admin tts'),
(199, 'Role Updated [ID: 2, Name: Team Lead]', '2020-01-27 10:38:18', 'Admin tts'),
(200, 'Staff Member Updated [ID: 2, Max G]', '2020-01-27 10:46:12', 'Admin tts'),
(201, 'Staff Member Updated [ID: 3, Richard G]', '2020-01-27 10:46:37', 'Admin tts'),
(202, 'New Lead Added [ID: 5]', '2020-01-27 11:34:00', 'Admin tts'),
(203, 'Lead Deleted [Deleted by: Admin tts, ID: 5]', '2020-01-27 12:02:31', 'Admin tts'),
(204, 'New pipeline added [PipelineID: 3]', '2020-01-27 16:53:12', 'Admin tts'),
(205, 'Contact Updated [ID: 1]', '2020-01-27 16:54:10', 'Admin tts'),
(206, 'New Lead Added [ID: 5]', '2020-01-27 16:54:29', 'Admin tts'),
(207, 'Pipeline Updated [PipelineID: 2]', '2020-02-03 11:20:35', 'Admin tts'),
(208, 'Lead Updated [ID: 2]', '2020-02-03 11:23:03', 'Admin tts'),
(209, 'New Task Added [ID:2, Name: 12 o]', '2020-02-03 11:52:29', 'Admin tts'),
(210, 'New Project Created [ID: 1]', '2020-02-06 10:04:48', 'Admin tts'),
(211, 'Project Copied [ID: 1, NewID: 2]', '2020-02-06 10:41:13', 'Admin tts'),
(212, 'Project Updated [ID: 2]', '2020-02-06 10:41:44', 'Admin tts'),
(213, 'New Task Added [ID:3, Name: call 06 02 2020]', '2020-02-06 13:12:30', 'Admin tts'),
(214, 'New Task Added [ID:4, Name: 06022020]', '2020-02-06 13:14:43', 'Admin tts'),
(215, 'Project Updated [ID: 2]', '2020-02-12 16:38:59', 'Admin tts'),
(216, 'Contact Created [ID: 2]', '2020-02-12 16:44:29', 'Admin tts'),
(217, 'New Task Added [ID:5, Name: call 12 02 2020]', '2020-02-12 16:56:46', 'Admin tts'),
(218, 'Project Copied [ID: 2, NewID: 3]', '2020-02-12 16:57:37', 'Admin tts'),
(219, 'Project Updated [ID: 3]', '2020-02-12 16:57:53', 'Admin tts'),
(220, 'New Task Added [ID:7, Name: call 12 02 2020 02]', '2020-02-12 16:58:17', 'Admin tts'),
(221, 'Project Updated [ID: 3]', '2020-02-12 17:17:50', 'Admin tts'),
(222, 'Project Copied [ID: 3, NewID: 4]', '2020-02-12 17:18:04', 'Admin tts'),
(223, 'Project Updated [ID: 4]', '2020-02-12 17:18:27', 'Admin tts'),
(224, 'Project Updated [ID: 4]', '2020-02-12 17:19:24', 'Admin tts'),
(225, 'Invoice Status Updated [Invoice Number: INV-000001, From: Draft To: Unpaid]', '2020-02-12 17:25:31', 'Admin tts'),
(226, 'New Task Added [ID:10, Name: sd]', '2020-02-12 17:34:24', 'Admin tts'),
(227, 'Task Updated [ID:5, Name: call 12 02 2020]', '2020-02-13 10:20:11', 'Admin tts'),
(228, 'Task Updated [ID:7, Name: call 12 02 2020 02]', '2020-02-13 10:20:24', 'Admin tts'),
(229, 'Task Updated [ID:9, Name: call 12 02 2020 02]', '2020-02-13 10:20:51', 'Admin tts'),
(230, 'Invoice Status Updated [Invoice Number: INV-000001, From: Unpaid To: Paid]', '2020-02-13 10:23:15', 'Admin tts'),
(231, 'Payment Recorded [ID:1, Invoice Number: INV-000001, Total: $34.00]', '2020-02-13 10:23:15', 'Admin tts'),
(232, 'New Task Added [ID:11, Name: Job1]', '2020-02-14 11:57:18', 'Admin tts'),
(233, 'Non Existing User Tried to Login [Email: admin@gmail.com, Is Staff Member: No, IP: 192.168.15.1]', '2020-02-17 16:44:36', NULL),
(234, 'Non Existing User Tried to Login [Email: admin@gmail.com, Is Staff Member: No, IP: 192.168.15.1]', '2020-02-17 16:44:46', NULL),
(235, 'Non Existing User Tried to Login [Email: admin@admin.com, Is Staff Member: No, IP: 192.168.15.1]', '2020-02-17 16:45:09', NULL),
(236, 'Non Existing User Tried to Login [Email: admin@admin.com, Is Staff Member: No, IP: 103.96.96.114]', '2020-02-17 16:47:39', NULL),
(237, 'Project Updated [ID: 2]', '2020-02-17 16:48:14', 'Admin tts'),
(238, 'Project Updated [ID: 1]', '2020-02-17 16:48:26', 'Admin tts'),
(239, 'Project Updated [ID: 3]', '2020-02-17 16:48:39', 'Admin tts'),
(240, 'Project Updated [ID: 4]', '2020-02-17 16:48:49', 'Admin tts'),
(241, 'Project Updated [ID: 2]', '2020-02-18 09:13:38', 'Admin tts'),
(242, 'Project Updated [ID: 2]', '2020-02-18 09:13:53', 'Admin tts'),
(243, 'Project Updated [ID: 2]', '2020-02-18 09:14:00', 'Admin tts'),
(244, 'New Project Created [ID: 5]', '2020-02-19 09:59:59', 'Admin tts'),
(245, 'Project Updated [ID: 2]', '2020-02-20 11:33:12', 'Admin tts'),
(246, 'Project Updated [ID: 3]', '2020-02-20 11:33:55', 'Admin tts'),
(247, 'Contact Created [ID: 3]', '2020-02-27 16:25:11', 'Admin tts'),
(248, 'New Task Added [ID:12, Name: dr]', '2020-02-27 16:27:49', 'Admin tts'),
(249, 'New pipeline added [PipelineID: 4]', '2020-02-28 09:58:16', 'Admin tts'),
(250, 'New Client Created [ID: 3, From Staff: 1]', '2020-02-28 09:58:40', 'Admin tts'),
(251, 'Contact Created [ID: 4]', '2020-02-28 09:59:48', 'Admin tts'),
(252, 'New Project Created [ID: 6]', '2020-02-28 10:00:35', 'Admin tts'),
(253, 'New Task Added [ID:13, Name: Activities 0228]', '2020-02-28 10:01:13', 'Admin tts'),
(254, 'New pipeline added [PipelineID: 5]', '2020-02-28 10:33:20', 'Admin tts'),
(255, 'New Client Created [ID: 4, From Staff: 1]', '2020-02-28 10:33:42', 'Admin tts'),
(256, 'Contact Created [ID: 5]', '2020-02-28 10:35:05', 'Admin tts'),
(257, 'New Project Created [ID: 7]', '2020-02-28 10:35:40', 'Admin tts'),
(258, 'New Task Added [ID:14, Name: Activities 0229]', '2020-02-28 10:36:23', 'Admin tts'),
(259, 'New task-type added [Task-type-ID: 3]', '2020-02-28 10:37:32', 'Admin tts'),
(260, 'Project Updated [ID: 7]', '2020-02-28 10:45:56', 'Admin tts'),
(261, 'New Task Added [ID:15, Name: sd]', '2020-02-28 12:16:05', 'Person  0228'),
(262, 'Contact Status Changed [ContactID: 3 Status(Active/Inactive): 0]', '2020-02-28 16:34:05', 'Admin tts'),
(263, 'Contact Status Changed [ContactID: 3 Status(Active/Inactive): 1]', '2020-02-28 16:34:12', 'Admin tts'),
(264, 'New Task Added [ID:16, Name: visit]', '2020-02-28 17:44:19', 'Admin tts'),
(265, 'Task Updated [ID:16, Name: visit]', '2020-03-02 16:26:58', 'Admin tts'),
(266, 'New Staff Member Added [ID: 7, ADMIN A]', '2020-03-04 12:59:05', 'Admin tts'),
(267, 'New Staff Member Added [ID: 8, Sivaneswaran S]', '2020-03-04 13:01:55', 'Admin tts'),
(268, 'New pipeline added [PipelineID: 6]', '2020-03-05 15:04:52', 'Admin tts'),
(269, 'New pipeline added [PipelineID: 7]', '2020-03-05 15:07:48', 'Admin tts'),
(270, 'New pipeline added [PipelineID: 8]', '2020-03-05 15:09:04', 'Admin tts'),
(271, 'Pipeline Updated [PipelineID: 8]', '2020-03-05 15:41:07', 'Admin tts'),
(272, 'Pipeline Deleted [PipelineID: 8]', '2020-03-05 15:41:11', 'Admin tts'),
(273, 'Contact Status Changed [ContactID: 3 Status(Active/Inactive): 0]', '2020-03-06 12:20:56', 'Admin tts'),
(274, 'Contact Status Changed [ContactID: 3 Status(Active/Inactive): 1]', '2020-03-06 12:20:57', 'Admin tts'),
(275, 'Contact Created [ID: 6]', '2020-03-06 17:20:56', 'Admin tts'),
(276, 'Contact Updated [ID: 6]', '2020-03-06 17:21:10', 'Admin tts'),
(277, 'Pipeline Updated [PipelineID: 5]', '2020-03-06 17:21:37', 'Admin tts'),
(278, 'New Project Created [ID: 8]', '2020-03-06 17:22:43', 'Admin tts'),
(279, 'Pipeline Updated [PipelineID: 6]', '2020-03-09 10:14:30', 'Admin tts'),
(280, 'Pipeline Updated [PipelineID: 6]', '2020-03-09 10:14:49', 'Admin tts'),
(281, 'Contact Updated [ID: 3]', '2020-03-10 10:45:00', 'Admin tts'),
(282, 'Contact Updated [ID: 3]', '2020-03-10 12:10:29', 'Admin tts'),
(283, 'New Client Created [ID: 5, From Staff: 1]', '2020-03-10 13:56:16', 'Admin tts'),
(284, 'Contact Created [ID: 7]', '2020-03-10 13:56:39', 'Admin tts'),
(285, 'New Project Created [ID: 9]', '2020-03-10 14:08:32', 'Admin tts'),
(286, 'New Task Added [ID:17, Name: Call]', '2020-03-10 14:10:37', 'Admin tts'),
(287, 'New Task Added [ID:18, Name: call and convice]', '2020-03-10 14:20:06', 'Admin tts'),
(288, 'New Task Added [ID:19, Name: call]', '2020-03-10 14:30:14', 'Admin tts'),
(289, 'New Task Added [ID:20, Name: Call]', '2020-03-11 19:57:32', 'Admin tts'),
(290, 'New Task Added [ID:21, Name: Visit 1]', '2020-03-11 20:04:07', 'Admin tts'),
(291, 'Task Updated [ID:15, Name: sd]', '2020-03-12 09:50:39', 'Admin tts'),
(292, 'New Client Created [ID: 6, From Staff: 1]', '2020-03-12 11:03:49', 'Admin tts'),
(293, 'Contact Created [ID: 8]', '2020-03-12 11:04:17', 'Admin tts'),
(294, 'New Project Created [ID: 10]', '2020-03-12 11:06:38', 'Admin tts'),
(295, 'New Task Added [ID:22, Name: Email]', '2020-03-12 11:23:46', 'Admin tts'),
(296, 'Pipelin-estatus Updated [Pipelin-estatus-ID: 8]', '2020-03-12 16:16:49', 'Admin tts'),
(297, 'Pipelin-estatus Updated [Pipelin-estatus-ID: 7]', '2020-03-12 16:16:56', 'Admin tts'),
(298, 'Pipelin-estatus Updated [Pipelin-estatus-ID: 1]', '2020-03-12 16:17:02', 'Admin tts'),
(299, 'Pipelin-estatus Updated [Pipelin-estatus-ID: 5]', '2020-03-12 16:17:09', 'Admin tts'),
(300, 'Pipelin-estatus Updated [Pipelin-estatus-ID: 3]', '2020-03-12 16:17:15', 'Admin tts'),
(301, 'Pipelin-estatus Updated [Pipelin-estatus-ID: 4]', '2020-03-12 16:17:21', 'Admin tts'),
(302, 'Pipelin-estatus Updated [Pipelin-estatus-ID: 4]', '2020-03-12 16:17:29', 'Admin tts'),
(303, 'Pipelin-estatus Updated [Pipelin-estatus-ID: 2]', '2020-03-12 16:17:36', 'Admin tts'),
(304, 'Pipelin-estatus Updated [Pipelin-estatus-ID: 6]', '2020-03-12 16:17:44', 'Admin tts'),
(305, 'Project Updated [ID: 9]', '2020-03-12 16:18:11', 'Admin tts'),
(306, 'Project Updated [ID: 2]', '2020-03-12 19:39:38', 'Admin tts'),
(307, 'Project Updated [ID: 2]', '2020-03-12 19:39:54', 'Admin tts'),
(308, 'Project Deleted [ID: 2, Name: Tech mango Project 1002]', '2020-03-13 08:59:28', 'Admin tts'),
(309, 'Project Updated [ID: 3]', '2020-03-13 10:44:45', 'Admin tts'),
(310, 'Project Updated [ID: 3]', '2020-03-13 10:44:59', 'Admin tts'),
(311, 'Project Updated [ID: 8]', '2020-03-13 16:30:28', 'Admin tts'),
(312, 'Project Updated [ID: 8]', '2020-03-13 16:30:38', 'Admin tts'),
(313, 'Project Updated [ID: 9]', '2020-03-13 16:44:12', 'Admin tts'),
(314, 'Project Updated [ID: 9]', '2020-03-13 16:48:54', 'Admin tts'),
(315, 'Project Updated [ID: 9]', '2020-03-13 16:53:44', 'Admin tts'),
(316, 'Project Updated [ID: 9]', '2020-03-13 17:03:10', 'Admin tts'),
(317, 'Project Updated [ID: 9]', '2020-03-13 17:04:14', 'Admin tts'),
(318, 'Project Updated [ID: 9]', '2020-03-13 17:06:01', 'Admin tts'),
(319, 'Pipeline Updated [PipelineID: 7]', '2020-03-13 17:07:55', 'Admin tts'),
(320, 'New Client Created [ID: 7, From Staff: 1]', '2020-03-13 17:09:03', 'Admin tts'),
(321, 'Contact Created [ID: 9]', '2020-03-13 17:09:49', 'Admin tts'),
(322, 'New Project Created [ID: 11]', '2020-03-13 17:10:35', 'Admin tts'),
(323, 'Contact Updated [ID: 9]', '2020-03-13 17:13:34', 'Admin tts'),
(324, 'Project Updated [ID: 11]', '2020-03-13 17:49:25', 'Admin tts'),
(325, 'Project Updated [ID: 11]', '2020-03-13 17:49:41', 'Admin tts'),
(326, 'Project Updated [ID: 11]', '2020-03-13 17:49:59', 'Admin tts'),
(327, 'Project Updated [ID: 11]', '2020-03-13 17:50:06', 'Admin tts'),
(328, 'Project Updated [ID: 11]', '2020-03-17 17:23:43', 'Admin tts'),
(329, 'Project Updated [ID: 11]', '2020-03-17 17:23:44', 'Admin tts'),
(330, 'Project Updated [ID: 11]', '2020-03-17 17:23:44', 'Admin tts'),
(331, 'Project Updated [ID: 11]', '2020-03-17 17:23:45', 'Admin tts'),
(332, 'New Client Created [ID: 8, From Staff: 1]', '2020-03-17 17:24:05', 'Admin tts'),
(333, 'Project Updated [ID: 11]', '2020-03-17 17:24:18', 'Admin tts'),
(334, 'Project Updated [ID: 11]', '2020-03-17 17:24:19', 'Admin tts'),
(335, 'Project Updated [ID: 11]', '2020-03-17 17:24:20', 'Admin tts'),
(336, 'Project Updated [ID: 11]', '2020-03-17 17:24:21', 'Admin tts'),
(337, 'Project Updated [ID: 11]', '2020-03-17 17:24:34', 'Admin tts'),
(338, 'Project Updated [ID: 11]', '2020-03-17 17:24:35', 'Admin tts'),
(339, 'New Task Added [ID:23, Name: E-mail]', '2020-03-17 17:27:41', 'Admin tts'),
(340, 'Project Updated [ID: 11]', '2020-03-17 17:28:22', 'Admin tts'),
(341, 'Project Updated [ID: 11]', '2020-03-17 17:28:23', 'Admin tts'),
(342, 'New Task Added [ID:24, Name: Visit]', '2020-03-17 17:28:50', 'Admin tts'),
(343, 'Task Updated [ID:24, Name: Visit]', '2020-03-17 17:30:17', 'Admin tts'),
(344, 'New Task Added [ID:25, Name: Call]', '2020-03-17 18:01:28', 'Admin tts'),
(345, 'New Task Added [ID:26, Name: Call]', '2020-03-17 18:49:25', 'Admin tts'),
(346, 'New Task Added [ID:27, Name: E-mail]', '2020-03-18 10:59:35', 'Admin tts'),
(347, 'New Task Added [ID:28, Name: E-mail]', '2020-03-18 11:00:26', 'Admin tts'),
(348, 'New Task Added [ID:29, Name: Visit Directly]', '2020-03-18 11:02:50', 'Admin tts'),
(349, 'New Task Added [ID:30, Name: Call]', '2020-03-18 11:05:09', 'Admin tts'),
(350, 'New Task Added [ID:31, Name: Call]', '2020-03-18 11:08:09', 'Admin tts'),
(351, 'New Task Added [ID:32, Name: Call]', '2020-03-18 11:12:12', 'Admin tts'),
(352, 'New Task Added [ID:33, Name: Call]', '2020-03-18 11:12:59', 'Admin tts'),
(353, 'New Client Created [ID: 9, From Staff: 1]', '2020-03-18 11:15:11', 'Admin tts'),
(354, 'Contact Created [ID: 10]', '2020-03-18 11:15:20', 'Admin tts'),
(355, 'New Project Created [ID: 12]', '2020-03-18 11:15:51', 'Admin tts'),
(356, 'New Task Added [ID:34, Name: Call]', '2020-03-18 11:20:38', 'Admin tts'),
(357, 'New Task Added [ID:35, Name: Call]', '2020-03-18 18:54:51', 'Admin tts'),
(358, 'Contact Updated [ID: 2]', '2020-03-20 09:10:50', 'Admin tts'),
(359, 'New Task Added [ID:36, Name: Call]', '2020-03-20 09:46:46', 'Admin tts'),
(360, 'New Client Created [ID: 10, From Staff: 1]', '2020-03-21 11:59:16', 'Admin tts'),
(361, 'Contact Created [ID: 11]', '2020-03-21 12:00:39', 'Admin tts'),
(362, 'New Project Created [ID: 13]', '2020-03-21 12:01:52', 'Admin tts'),
(363, 'New Task Added [ID:37, Name: Call]', '2020-03-21 12:11:42', 'Admin tts'),
(364, 'New Task Added [ID:38, Name: Call]', '2020-03-23 10:26:56', 'Admin tts'),
(365, 'New Task Added [ID:39, Name: E-mail]', '2020-03-23 10:33:33', 'Admin tts'),
(366, 'New Task Added [ID:40, Name: E-mail]', '2020-03-23 10:35:15', 'Admin tts'),
(367, 'New Task Added [ID:41, Name: Visit]', '2020-03-23 10:49:37', 'Admin tts'),
(368, 'New Task Added [ID:42, Name: intro E-mail]', '2020-03-23 11:06:21', 'Admin tts'),
(369, 'New task-type added [Task-type-ID: 4]', '2020-03-24 11:38:31', 'Admin tts'),
(370, 'New pipeline added [PipelineID: 8]', '2020-03-24 11:44:38', 'Admin tts'),
(371, 'Pipeline Updated [PipelineID: 8]', '2020-03-24 11:45:49', 'Admin tts'),
(372, 'Contact Created [ID: 12]', '2020-03-24 11:47:36', 'Admin tts'),
(373, 'New Client Created [ID: 11, From Staff: 1]', '2020-03-24 11:48:18', 'Admin tts'),
(374, 'Contact Updated [ID: 12]', '2020-03-24 11:48:47', 'Admin tts'),
(375, 'Contact Created [ID: 13]', '2020-03-24 11:49:59', 'Admin tts'),
(376, 'New Project Created [ID: 14]', '2020-03-24 11:53:23', 'Admin tts'),
(377, 'Project Updated [ID: 14]', '2020-03-24 11:54:59', 'Admin tts'),
(378, 'Project Updated [ID: 14]', '2020-03-24 11:56:13', 'Admin tts'),
(379, 'New Task Added [ID:43, Name: Direct Visit - Thakur]', '2020-03-24 11:58:03', 'Admin tts'),
(380, 'New Project Created [ID: 15]', '2020-03-24 12:03:28', 'Admin tts'),
(381, 'Contact Created [ID: 14]', '2020-03-25 21:25:53', 'Admin tts'),
(382, 'New Client Created [ID: 12, From Staff: 1]', '2020-03-25 21:27:40', 'Admin tts'),
(383, 'New Client Created [ID: 13, From Staff: 1]', '2020-03-26 07:19:03', 'Admin tts'),
(384, 'Contact Created [ID: 15]', '2020-03-26 07:19:17', 'Admin tts'),
(385, 'New Project Created [ID: 16]', '2020-03-26 07:19:50', 'Admin tts'),
(386, 'Project Updated [ID: 16]', '2020-03-26 07:20:11', 'Admin tts'),
(387, 'New Project Created [ID: 17]', '2020-03-26 07:25:20', 'Admin tts'),
(388, 'New Client Created [ID: 14, From Staff: 1]', '2020-03-26 09:33:09', 'Admin tts'),
(389, 'Contact Created [ID: 16]', '2020-03-26 09:38:26', 'Admin tts'),
(390, 'New Project Created [ID: 18]', '2020-03-26 09:40:19', 'Admin tts'),
(391, 'Project Updated [ID: 18]', '2020-03-26 09:41:58', 'Admin tts'),
(392, 'Project Updated [ID: 18]', '2020-03-26 09:41:58', 'Admin tts'),
(393, 'Project Updated [ID: 18]', '2020-03-26 09:42:00', 'Admin tts'),
(394, 'Project Updated [ID: 18]', '2020-03-26 09:42:00', 'Admin tts'),
(395, 'New Task Added [ID:44, Name: today we need to speak him ]', '2020-03-26 09:49:46', 'Admin tts'),
(396, 'New Reminder Added [TaskID: 44 Description: hi]', '2020-03-26 09:52:12', 'Admin tts'),
(397, 'New Client Created [ID: 15, From Staff: 1]', '2020-03-26 09:57:28', 'Admin tts'),
(398, 'Contact Created [ID: 17]', '2020-03-26 09:58:36', 'Admin tts'),
(399, 'New Project Created [ID: 19]', '2020-03-26 09:59:30', 'Admin tts'),
(400, 'New Client Created [ID: 16, From Staff: 1]', '2020-03-26 10:11:12', 'Admin tts'),
(401, 'Contact Created [ID: 18]', '2020-03-26 10:11:45', 'Admin tts'),
(402, 'New Project Created [ID: 20]', '2020-03-26 10:13:18', 'Admin tts'),
(403, 'Project Updated [ID: 20]', '2020-03-26 10:19:00', 'Admin tts'),
(404, 'Project Updated [ID: 20]', '2020-03-26 10:19:02', 'Admin tts'),
(405, 'Project Updated [ID: 20]', '2020-03-26 10:19:02', 'Admin tts'),
(406, 'Project Updated [ID: 20]', '2020-03-26 10:19:03', 'Admin tts'),
(407, 'Task Updated [ID:44, Name: today we need to speak him ]', '2020-03-26 10:36:39', 'Admin tts'),
(408, 'New Client Created [ID: 17, From Staff: 1]', '2020-03-26 10:40:43', 'Admin tts'),
(409, 'Contact Created [ID: 19]', '2020-03-26 10:41:18', 'Admin tts'),
(410, 'New Project Created [ID: 21]', '2020-03-26 10:42:06', 'Admin tts'),
(411, 'Contact Created [ID: 20]', '2020-03-26 10:43:31', 'Admin tts'),
(412, 'Project Updated [ID: 18]', '2020-03-26 10:45:09', 'Admin tts'),
(413, 'Project Updated [ID: 18]', '2020-03-26 10:45:11', 'Admin tts'),
(414, 'Contact Created [ID: 21]', '2020-03-26 10:46:50', 'Admin tts'),
(415, 'Contact Created [ID: 22]', '2020-03-26 10:52:22', 'Admin tts'),
(416, 'Contact Created [ID: 23]', '2020-03-26 10:54:22', 'Admin tts'),
(417, 'Contact Created [ID: 24]', '2020-03-26 10:56:27', 'Admin tts'),
(418, 'Contact Updated [ID: 24]', '2020-03-26 11:03:07', 'Admin tts'),
(419, 'Customer Info Updated [ID: 14]', '2020-03-26 11:05:58', 'Admin tts'),
(420, 'Contact Status Changed [ContactID: 23 Status(Active/Inactive): 0]', '2020-03-26 11:06:27', 'Admin tts'),
(421, 'Contact Status Changed [ContactID: 22 Status(Active/Inactive): 0]', '2020-03-26 11:06:31', 'Admin tts'),
(422, 'Contact Status Changed [ContactID: 23 Status(Active/Inactive): 1]', '2020-03-26 11:08:26', 'Admin tts'),
(423, 'Contact Status Changed [ContactID: 22 Status(Active/Inactive): 1]', '2020-03-26 11:08:28', 'Admin tts'),
(424, 'Contact Created [ID: 25]', '2020-03-26 11:13:05', 'Admin tts'),
(425, 'New Project Created [ID: 22]', '2020-03-26 11:13:32', 'Admin tts'),
(426, 'Pipeline Deleted [PipelineID: 1]', '2020-03-26 11:23:24', 'Admin tts'),
(427, 'Pipeline Deleted [PipelineID: 2]', '2020-03-26 11:23:30', 'Admin tts'),
(428, 'Pipeline Deleted [PipelineID: 3]', '2020-03-26 11:23:35', 'Admin tts'),
(429, 'Pipeline Deleted [PipelineID: 5]', '2020-03-26 11:24:19', 'Admin tts'),
(430, 'Pipeline Deleted [PipelineID: 4]', '2020-03-26 11:24:26', 'Admin tts'),
(431, 'New Client Created [ID: 18, From Staff: 1]', '2020-03-26 12:08:45', 'Admin tts'),
(432, 'New Project Created [ID: 23]', '2020-03-26 12:09:24', 'Admin tts'),
(433, 'New Client Created [ID: 19, From Staff: 1]', '2020-03-26 12:10:22', 'Admin tts'),
(434, 'New Project Created [ID: 24]', '2020-03-26 12:11:02', 'Admin tts'),
(435, 'New Client Created [ID: 20, From Staff: 1]', '2020-03-26 12:11:26', 'Admin tts'),
(436, 'Contact Created [ID: 26]', '2020-03-26 12:19:29', 'Admin tts'),
(437, 'New Project Created [ID: 25]', '2020-03-26 12:19:54', 'Admin tts'),
(438, 'New Client Created [ID: 21, From Staff: 1]', '2020-03-26 12:20:31', 'Admin tts'),
(439, 'New Client Created [ID: 22, From Staff: 1]', '2020-03-26 12:20:32', 'Admin tts'),
(440, 'Contact Created [ID: 27]', '2020-03-26 12:20:53', 'Admin tts'),
(441, 'New Project Created [ID: 26]', '2020-03-26 12:21:24', 'Admin tts'),
(442, 'New Client Created [ID: 23, From Staff: 1]', '2020-03-26 12:22:16', 'Admin tts'),
(443, 'Contact Created [ID: 28]', '2020-03-26 12:22:39', 'Admin tts'),
(444, 'New Project Created [ID: 27]', '2020-03-26 12:23:13', 'Admin tts'),
(445, 'New Client Created [ID: 24, From Staff: 1]', '2020-03-26 12:23:37', 'Admin tts'),
(446, 'New Project Created [ID: 28]', '2020-03-26 12:24:05', 'Admin tts'),
(447, 'New Client Created [ID: 25, From Staff: 1]', '2020-03-26 12:24:34', 'Admin tts'),
(448, 'Contact Created [ID: 29]', '2020-03-26 12:24:54', 'Admin tts'),
(449, 'New Project Created [ID: 29]', '2020-03-26 12:25:24', 'Admin tts'),
(450, 'New Client Created [ID: 26, From Staff: 1]', '2020-03-26 12:25:57', 'Admin tts'),
(451, 'Contact Created [ID: 30]', '2020-03-26 12:26:34', 'Admin tts'),
(452, 'New Project Created [ID: 30]', '2020-03-26 12:27:10', 'Admin tts'),
(453, 'New Client Created [ID: 27, From Staff: 1]', '2020-03-26 12:27:45', 'Admin tts'),
(454, 'Contact Created [ID: 31]', '2020-03-26 12:28:10', 'Admin tts'),
(455, 'New Client Created [ID: 28, From Staff: 1]', '2020-03-26 12:29:52', 'Admin tts'),
(456, 'New Project Created [ID: 31]', '2020-03-26 12:30:22', 'Admin tts'),
(457, 'New Client Created [ID: 29, From Staff: 1]', '2020-03-26 12:31:08', 'Admin tts'),
(458, 'New Project Created [ID: 32]', '2020-03-26 12:31:36', 'Admin tts'),
(459, 'New Client Created [ID: 30, From Staff: 1]', '2020-03-26 12:32:03', 'Admin tts'),
(460, 'Contact Created [ID: 32]', '2020-03-26 12:32:42', 'Admin tts'),
(461, 'New Project Created [ID: 33]', '2020-03-26 12:33:11', 'Admin tts'),
(462, 'New Client Created [ID: 31, From Staff: 1]', '2020-03-26 12:33:45', 'Admin tts'),
(463, 'Contact Created [ID: 33]', '2020-03-26 12:34:04', 'Admin tts'),
(464, 'New Project Created [ID: 34]', '2020-03-26 12:34:56', 'Admin tts'),
(465, 'New Client Created [ID: 32, From Staff: 1]', '2020-03-26 12:35:22', 'Admin tts'),
(466, 'New Client Created [ID: 33, From Staff: 1]', '2020-03-26 12:35:36', 'Admin tts'),
(467, 'Contact Created [ID: 34]', '2020-03-26 12:36:01', 'Admin tts'),
(468, 'New Project Created [ID: 35]', '2020-03-26 12:36:29', 'Admin tts'),
(469, 'New Client Created [ID: 34, From Staff: 1]', '2020-03-26 12:36:59', 'Admin tts'),
(470, 'Contact Created [ID: 35]', '2020-03-26 12:37:16', 'Admin tts'),
(471, 'New Project Created [ID: 36]', '2020-03-26 12:37:50', 'Admin tts'),
(472, 'New Client Created [ID: 35, From Staff: 1]', '2020-03-26 12:38:19', 'Admin tts'),
(473, 'Contact Created [ID: 36]', '2020-03-26 12:38:37', 'Admin tts'),
(474, 'New Project Created [ID: 37]', '2020-03-26 12:39:12', 'Admin tts'),
(475, 'New Client Created [ID: 36, From Staff: 1]', '2020-03-26 12:46:47', 'Admin tts'),
(476, 'Contact Created [ID: 37]', '2020-03-26 12:47:12', 'Admin tts'),
(477, 'New Project Created [ID: 38]', '2020-03-26 12:47:38', 'Admin tts'),
(478, 'New Client Created [ID: 37, From Staff: 1]', '2020-03-26 12:48:07', 'Admin tts'),
(479, 'Contact Created [ID: 38]', '2020-03-26 12:48:26', 'Admin tts'),
(480, 'New Project Created [ID: 39]', '2020-03-26 12:48:46', 'Admin tts'),
(481, 'New Client Created [ID: 38, From Staff: 1]', '2020-03-26 12:53:18', 'Admin tts'),
(482, 'Contact Created [ID: 39]', '2020-03-26 12:53:38', 'Admin tts'),
(483, 'New Project Created [ID: 40]', '2020-03-26 12:54:07', 'Admin tts'),
(484, 'New Client Created [ID: 39, From Staff: 1]', '2020-03-26 12:54:34', 'Admin tts'),
(485, 'Contact Created [ID: 40]', '2020-03-26 12:55:09', 'Admin tts'),
(486, 'New Project Created [ID: 41]', '2020-03-26 12:55:41', 'Admin tts'),
(487, 'New Client Created [ID: 40, From Staff: 1]', '2020-03-26 12:56:12', 'Admin tts'),
(488, 'Contact Created [ID: 41]', '2020-03-26 12:56:34', 'Admin tts'),
(489, 'New Project Created [ID: 42]', '2020-03-26 12:57:12', 'Admin tts'),
(490, 'New Client Created [ID: 41, From Staff: 1]', '2020-03-26 12:57:35', 'Admin tts'),
(491, 'Contact Created [ID: 42]', '2020-03-26 12:57:51', 'Admin tts'),
(492, 'New Project Created [ID: 43]', '2020-03-26 12:58:22', 'Admin tts'),
(493, 'New Client Created [ID: 42, From Staff: 1]', '2020-03-26 12:58:52', 'Admin tts'),
(494, 'Contact Created [ID: 43]', '2020-03-26 12:59:11', 'Admin tts'),
(495, 'New Project Created [ID: 44]', '2020-03-26 12:59:43', 'Admin tts'),
(496, 'New Client Created [ID: 43, From Staff: 1]', '2020-03-26 13:00:11', 'Admin tts'),
(497, 'Contact Created [ID: 44]', '2020-03-26 13:00:39', 'Admin tts'),
(498, 'New Project Created [ID: 45]', '2020-03-26 13:01:03', 'Admin tts'),
(499, 'New Client Created [ID: 44, From Staff: 1]', '2020-03-26 13:01:24', 'Admin tts'),
(500, 'Contact Created [ID: 45]', '2020-03-26 13:01:43', 'Admin tts'),
(501, 'New Project Created [ID: 46]', '2020-03-26 13:02:08', 'Admin tts'),
(502, 'New Client Created [ID: 45, From Staff: 1]', '2020-03-26 13:02:30', 'Admin tts'),
(503, 'Contact Created [ID: 46]', '2020-03-26 13:02:49', 'Admin tts'),
(504, 'New Project Created [ID: 47]', '2020-03-26 13:03:21', 'Admin tts'),
(505, 'New Client Created [ID: 46, From Staff: 1]', '2020-03-26 13:03:50', 'Admin tts'),
(506, 'Contact Created [ID: 47]', '2020-03-26 13:04:04', 'Admin tts'),
(507, 'New Project Created [ID: 48]', '2020-03-26 13:04:31', 'Admin tts'),
(508, 'New Client Created [ID: 47, From Staff: 1]', '2020-03-26 13:05:04', 'Admin tts'),
(509, 'Contact Created [ID: 48]', '2020-03-26 13:05:29', 'Admin tts'),
(510, 'New Project Created [ID: 49]', '2020-03-26 13:05:49', 'Admin tts'),
(511, 'New Client Created [ID: 48, From Staff: 1]', '2020-03-26 13:11:59', 'Admin tts'),
(512, 'Contact Created [ID: 49]', '2020-03-26 13:12:22', 'Admin tts'),
(513, 'New Project Created [ID: 50]', '2020-03-26 13:17:00', 'Admin tts'),
(514, 'New Client Created [ID: 49, From Staff: 1]', '2020-03-26 13:17:28', 'Admin tts'),
(515, 'Contact Created [ID: 50]', '2020-03-26 13:17:49', 'Admin tts'),
(516, 'New Project Created [ID: 51]', '2020-03-26 13:19:14', 'Admin tts'),
(517, 'New Client Created [ID: 50, From Staff: 1]', '2020-03-26 13:19:33', 'Admin tts'),
(518, 'Contact Created [ID: 51]', '2020-03-26 13:19:52', 'Admin tts'),
(519, 'New Project Created [ID: 52]', '2020-03-26 13:20:12', 'Admin tts'),
(520, 'New Client Created [ID: 51, From Staff: 1]', '2020-03-26 13:25:42', 'Admin tts'),
(521, 'Contact Created [ID: 52]', '2020-03-26 13:25:59', 'Admin tts'),
(522, 'New Project Created [ID: 53]', '2020-03-26 13:26:22', 'Admin tts'),
(523, 'New Client Created [ID: 52, From Staff: 1]', '2020-03-26 13:32:10', 'Admin tts'),
(524, 'Contact Created [ID: 53]', '2020-03-26 13:32:34', 'Admin tts'),
(525, 'New Project Created [ID: 54]', '2020-03-26 13:32:59', 'Admin tts'),
(526, 'New Client Created [ID: 53, From Staff: 1]', '2020-03-26 13:40:10', 'Admin tts'),
(527, 'Contact Created [ID: 54]', '2020-03-26 13:40:37', 'Admin tts'),
(528, 'New Project Created [ID: 55]', '2020-03-26 13:41:03', 'Admin tts'),
(529, 'New Client Created [ID: 54, From Staff: 1]', '2020-03-26 13:42:21', 'Admin tts'),
(530, 'Contact Created [ID: 55]', '2020-03-26 13:42:54', 'Admin tts'),
(531, 'New Project Created [ID: 56]', '2020-03-26 13:43:21', 'Admin tts'),
(532, 'Contact Created [ID: 56]', '2020-03-26 13:43:21', 'Admin tts'),
(533, 'New Client Created [ID: 55, From Staff: 1]', '2020-03-26 13:44:16', 'Admin tts'),
(534, 'Contact Created [ID: 57]', '2020-03-26 13:45:09', 'Admin tts'),
(535, 'New Project Created [ID: 57]', '2020-03-26 13:45:31', 'Admin tts'),
(536, 'New Client Created [ID: 56, From Staff: 1]', '2020-03-26 13:46:00', 'Admin tts'),
(537, 'Contact Created [ID: 58]', '2020-03-26 13:46:18', 'Admin tts'),
(538, 'New Project Created [ID: 58]', '2020-03-26 13:46:47', 'Admin tts'),
(539, 'New Client Created [ID: 57, From Staff: 1]', '2020-03-26 13:47:42', 'Admin tts'),
(540, 'Contact Created [ID: 59]', '2020-03-26 13:48:07', 'Admin tts'),
(541, 'New Project Created [ID: 59]', '2020-03-26 13:48:29', 'Admin tts'),
(542, 'New Client Created [ID: 58, From Staff: 1]', '2020-03-26 13:49:52', 'Admin tts'),
(543, 'Contact Created [ID: 60]', '2020-03-26 13:50:10', 'Admin tts'),
(544, 'New Project Created [ID: 60]', '2020-03-26 13:50:29', 'Admin tts'),
(545, 'New Client Created [ID: 59, From Staff: 1]', '2020-03-26 13:51:31', 'Admin tts'),
(546, 'Contact Created [ID: 61]', '2020-03-26 13:51:48', 'Admin tts'),
(547, 'New Project Created [ID: 61]', '2020-03-26 13:52:12', 'Admin tts'),
(548, 'New Client Created [ID: 60, From Staff: 1]', '2020-03-26 13:53:28', 'Admin tts'),
(549, 'Contact Created [ID: 62]', '2020-03-26 13:53:46', 'Admin tts'),
(550, 'New Project Created [ID: 62]', '2020-03-26 13:54:14', 'Admin tts'),
(551, 'New Client Created [ID: 61, From Staff: 1]', '2020-03-26 13:55:04', 'Admin tts'),
(552, 'Contact Created [ID: 63]', '2020-03-26 13:55:27', 'Admin tts'),
(553, 'New Project Created [ID: 63]', '2020-03-26 13:55:48', 'Admin tts'),
(554, 'New Client Created [ID: 62, From Staff: 1]', '2020-03-26 13:57:10', 'Admin tts'),
(555, 'Contact Created [ID: 64]', '2020-03-26 13:57:45', 'Admin tts'),
(556, 'New Project Created [ID: 64]', '2020-03-26 13:58:17', 'Admin tts'),
(557, 'New Client Created [ID: 63, From Staff: 1]', '2020-03-26 13:58:49', 'Admin tts'),
(558, 'Contact Created [ID: 65]', '2020-03-26 13:59:07', 'Admin tts'),
(559, 'New Project Created [ID: 65]', '2020-03-26 13:59:27', 'Admin tts'),
(560, 'New Client Created [ID: 64, From Staff: 1]', '2020-03-26 16:17:38', 'Admin tts'),
(561, 'Contact Created [ID: 66]', '2020-03-26 16:18:00', 'Admin tts'),
(562, 'New Project Created [ID: 66]', '2020-03-26 16:18:32', 'Admin tts'),
(563, 'New Client Created [ID: 65, From Staff: 1]', '2020-03-26 16:19:16', 'Admin tts'),
(564, 'Contact Created [ID: 67]', '2020-03-26 16:19:35', 'Admin tts'),
(565, 'New Project Created [ID: 67]', '2020-03-26 16:19:55', 'Admin tts'),
(566, 'New Client Created [ID: 66, From Staff: 1]', '2020-03-26 16:21:12', 'Admin tts'),
(567, 'Contact Created [ID: 68]', '2020-03-26 16:21:29', 'Admin tts'),
(568, 'New Project Created [ID: 68]', '2020-03-26 16:22:22', 'Admin tts'),
(569, 'New Client Created [ID: 67, From Staff: 1]', '2020-03-26 16:25:15', 'Admin tts'),
(570, 'Contact Created [ID: 69]', '2020-03-26 16:25:32', 'Admin tts'),
(571, 'New Project Created [ID: 69]', '2020-03-26 16:25:55', 'Admin tts'),
(572, 'New Client Created [ID: 68, From Staff: 1]', '2020-03-26 16:26:55', 'Admin tts'),
(573, 'Contact Created [ID: 70]', '2020-03-26 16:27:12', 'Admin tts'),
(574, 'New Project Created [ID: 70]', '2020-03-26 16:27:33', 'Admin tts'),
(575, 'New Client Created [ID: 69, From Staff: 1]', '2020-03-26 16:27:59', 'Admin tts'),
(576, 'Contact Created [ID: 71]', '2020-03-26 16:28:22', 'Admin tts'),
(577, 'New Project Created [ID: 71]', '2020-03-26 16:28:51', 'Admin tts'),
(578, 'New Client Created [ID: 70, From Staff: 1]', '2020-03-26 16:30:11', 'Admin tts'),
(579, 'Contact Created [ID: 72]', '2020-03-26 16:30:26', 'Admin tts'),
(580, 'New Project Created [ID: 72]', '2020-03-26 16:30:59', 'Admin tts'),
(581, 'New Client Created [ID: 71, From Staff: 1]', '2020-03-26 16:32:38', 'Admin tts'),
(582, 'Contact Created [ID: 73]', '2020-03-26 16:33:22', 'Admin tts'),
(583, 'New Project Created [ID: 73]', '2020-03-26 16:33:44', 'Admin tts'),
(584, 'New Client Created [ID: 72, From Staff: 1]', '2020-03-26 16:34:35', 'Admin tts'),
(585, 'New Client Created [ID: 73, From Staff: 1]', '2020-03-26 16:35:23', 'Admin tts'),
(586, 'Contact Created [ID: 74]', '2020-03-26 16:35:39', 'Admin tts'),
(587, 'New Project Created [ID: 74]', '2020-03-26 16:35:59', 'Admin tts'),
(588, 'New Client Created [ID: 74, From Staff: 1]', '2020-03-26 16:41:04', 'Admin tts'),
(589, 'New Client Created [ID: 75, From Staff: 1]', '2020-03-26 16:41:34', 'Admin tts'),
(590, 'Contact Created [ID: 75]', '2020-03-26 16:41:51', 'Admin tts'),
(591, 'New Project Created [ID: 75]', '2020-03-26 16:42:18', 'Admin tts'),
(592, 'New Client Created [ID: 76, From Staff: 1]', '2020-03-26 16:53:20', 'Admin tts'),
(593, 'Contact Created [ID: 76]', '2020-03-26 16:53:35', 'Admin tts'),
(594, 'New Project Created [ID: 76]', '2020-03-26 16:53:57', 'Admin tts'),
(595, 'New Client Created [ID: 77, From Staff: 1]', '2020-03-26 16:54:34', 'Admin tts'),
(596, 'Contact Created [ID: 77]', '2020-03-26 16:54:47', 'Admin tts'),
(597, 'New Project Created [ID: 77]', '2020-03-26 16:55:13', 'Admin tts'),
(598, 'New Client Created [ID: 78, From Staff: 1]', '2020-03-26 16:55:49', 'Admin tts'),
(599, 'New Client Created [ID: 79, From Staff: 1]', '2020-03-26 16:55:58', 'Admin tts'),
(600, 'Contact Created [ID: 78]', '2020-03-26 16:56:14', 'Admin tts'),
(601, 'New Project Created [ID: 78]', '2020-03-26 16:56:39', 'Admin tts'),
(602, 'New Client Created [ID: 80, From Staff: 1]', '2020-03-26 16:57:36', 'Admin tts'),
(603, 'Contact Created [ID: 79]', '2020-03-26 16:57:50', 'Admin tts'),
(604, 'New Project Created [ID: 79]', '2020-03-26 16:58:10', 'Admin tts'),
(605, 'New Client Created [ID: 81, From Staff: 1]', '2020-03-26 16:58:42', 'Admin tts'),
(606, 'Contact Created [ID: 80]', '2020-03-26 16:58:56', 'Admin tts'),
(607, 'New Project Created [ID: 80]', '2020-03-26 16:59:16', 'Admin tts'),
(608, 'New Client Created [ID: 82, From Staff: 1]', '2020-03-26 16:59:52', 'Admin tts'),
(609, 'Contact Created [ID: 81]', '2020-03-26 17:03:44', 'Admin tts'),
(610, 'New Project Created [ID: 81]', '2020-03-26 17:04:34', 'Admin tts'),
(611, 'New Client Created [ID: 83, From Staff: 1]', '2020-03-26 17:05:10', 'Admin tts'),
(612, 'Contact Created [ID: 82]', '2020-03-26 17:05:28', 'Admin tts'),
(613, 'New Project Created [ID: 82]', '2020-03-26 17:06:11', 'Admin tts'),
(614, 'New Client Created [ID: 84, From Staff: 1]', '2020-03-26 17:06:50', 'Admin tts'),
(615, 'New Client Created [ID: 85, From Staff: 1]', '2020-03-26 17:07:23', 'Admin tts'),
(616, 'Contact Created [ID: 83]', '2020-03-26 17:07:41', 'Admin tts'),
(617, 'New Project Created [ID: 83]', '2020-03-26 17:08:03', 'Admin tts'),
(618, 'New Client Created [ID: 86, From Staff: 1]', '2020-03-26 17:08:42', 'Admin tts'),
(619, 'New Client Created [ID: 87, From Staff: 1]', '2020-03-26 17:28:54', 'Admin tts'),
(620, 'Contact Created [ID: 84]', '2020-03-26 17:29:10', 'Admin tts'),
(621, 'New Project Created [ID: 84]', '2020-03-26 17:29:38', 'Admin tts'),
(622, 'New Client Created [ID: 88, From Staff: 1]', '2020-03-26 17:30:12', 'Admin tts'),
(623, 'Contact Created [ID: 85]', '2020-03-26 17:30:39', 'Admin tts');
INSERT INTO `tblactivity_log` (`id`, `description`, `date`, `staffid`) VALUES
(624, 'New Project Created [ID: 85]', '2020-03-26 17:31:08', 'Admin tts'),
(625, 'New Client Created [ID: 89, From Staff: 1]', '2020-03-26 17:31:50', 'Admin tts'),
(626, 'Contact Created [ID: 86]', '2020-03-26 17:32:05', 'Admin tts'),
(627, 'New Project Created [ID: 86]', '2020-03-26 17:35:31', 'Admin tts'),
(628, 'New Client Created [ID: 90, From Staff: 1]', '2020-03-26 17:36:02', 'Admin tts'),
(629, 'New Client Created [ID: 91, From Staff: 1]', '2020-03-26 17:36:16', 'Admin tts'),
(630, 'Contact Created [ID: 87]', '2020-03-26 17:36:39', 'Admin tts'),
(631, 'New Project Created [ID: 87]', '2020-03-26 17:37:02', 'Admin tts'),
(632, 'New Client Created [ID: 92, From Staff: 1]', '2020-03-26 17:38:59', 'Admin tts'),
(633, 'Contact Created [ID: 88]', '2020-03-26 17:39:25', 'Admin tts'),
(634, 'New Project Created [ID: 88]', '2020-03-26 17:39:46', 'Admin tts'),
(635, 'Project Updated [ID: 24]', '2020-03-26 20:33:19', 'Admin tts'),
(636, 'Project Updated [ID: 21]', '2020-03-26 20:34:00', 'Admin tts'),
(637, 'Project Updated [ID: 26]', '2020-03-26 20:34:18', 'Admin tts'),
(638, 'Project Updated [ID: 27]', '2020-03-26 20:34:36', 'Admin tts'),
(639, 'Project Updated [ID: 41]', '2020-03-26 20:34:56', 'Admin tts'),
(640, 'Project Updated [ID: 42]', '2020-03-26 20:35:16', 'Admin tts'),
(641, 'Project Updated [ID: 45]', '2020-03-26 20:35:52', 'Admin tts'),
(642, 'Project Updated [ID: 23]', '2020-03-26 20:36:18', 'Admin tts'),
(643, 'Project Updated [ID: 29]', '2020-03-26 20:36:36', 'Admin tts'),
(644, 'Project Updated [ID: 30]', '2020-03-26 20:36:55', 'Admin tts'),
(645, 'Project Updated [ID: 31]', '2020-03-26 20:37:18', 'Admin tts'),
(646, 'Project Updated [ID: 33]', '2020-03-26 20:37:35', 'Admin tts'),
(647, 'Project Updated [ID: 25]', '2020-03-26 20:39:22', 'Admin tts'),
(648, 'Project Updated [ID: 20]', '2020-03-27 09:30:24', 'Admin tts'),
(649, 'Project Updated [ID: 55]', '2020-03-27 09:33:45', 'Admin tts'),
(650, 'Project Updated [ID: 54]', '2020-03-27 09:34:28', 'Admin tts'),
(651, 'Project Updated [ID: 56]', '2020-03-27 09:47:26', 'Admin tts'),
(652, 'Project Updated [ID: 57]', '2020-03-27 10:05:29', 'Admin tts'),
(653, 'Project Updated [ID: 34]', '2020-03-27 10:06:31', 'Admin tts'),
(654, 'Project Updated [ID: 35]', '2020-03-27 10:07:08', 'Admin tts'),
(655, 'Project Updated [ID: 58]', '2020-03-27 10:07:53', 'Admin tts'),
(656, 'Project Updated [ID: 37]', '2020-03-27 10:08:32', 'Admin tts'),
(657, 'Project Updated [ID: 39]', '2020-03-27 10:09:05', 'Admin tts'),
(658, 'Project Updated [ID: 40]', '2020-03-27 10:09:38', 'Admin tts'),
(659, 'Project Updated [ID: 61]', '2020-03-27 10:30:34', 'Admin tts'),
(660, 'Project Updated [ID: 46]', '2020-03-27 10:37:06', 'Admin tts'),
(661, 'Project Updated [ID: 49]', '2020-03-27 10:38:12', 'Admin tts'),
(662, 'Project Updated [ID: 50]', '2020-03-27 10:38:43', 'Admin tts'),
(663, 'Project Updated [ID: 51]', '2020-03-27 10:39:10', 'Admin tts'),
(664, 'Project Updated [ID: 64]', '2020-03-27 10:39:33', 'Admin tts'),
(665, 'Project Updated [ID: 65]', '2020-03-27 10:40:25', 'Admin tts'),
(666, 'Project Updated [ID: 66]', '2020-03-27 10:40:54', 'Admin tts'),
(667, 'Project Updated [ID: 68]', '2020-03-27 10:41:21', 'Admin tts'),
(668, 'Project Updated [ID: 69]', '2020-03-27 10:41:51', 'Admin tts'),
(669, 'Project Updated [ID: 70]', '2020-03-27 10:42:17', 'Admin tts'),
(670, 'Project Updated [ID: 72]', '2020-03-27 10:43:08', 'Admin tts'),
(671, 'Project Updated [ID: 73]', '2020-03-27 10:43:42', 'Admin tts'),
(672, 'Project Updated [ID: 74]', '2020-03-27 10:47:59', 'Admin tts'),
(673, 'Project Updated [ID: 76]', '2020-03-27 10:48:35', 'Admin tts'),
(674, 'Project Updated [ID: 77]', '2020-03-27 10:49:04', 'Admin tts'),
(675, 'Project Updated [ID: 78]', '2020-03-27 10:50:01', 'Admin tts'),
(676, 'Project Updated [ID: 79]', '2020-03-27 10:50:30', 'Admin tts'),
(677, 'Project Updated [ID: 80]', '2020-03-27 10:51:24', 'Admin tts'),
(678, 'Project Updated [ID: 81]', '2020-03-27 10:52:04', 'Admin tts'),
(679, 'Project Updated [ID: 82]', '2020-03-27 10:52:38', 'Admin tts'),
(680, 'Project Updated [ID: 83]', '2020-03-27 10:53:21', 'Admin tts'),
(681, 'Project Updated [ID: 84]', '2020-03-27 10:53:59', 'Admin tts'),
(682, 'Project Updated [ID: 85]', '2020-03-27 10:55:21', 'Admin tts'),
(683, 'Project Updated [ID: 86]', '2020-03-27 10:56:10', 'Admin tts'),
(684, 'Project Updated [ID: 87]', '2020-03-27 10:57:08', 'Admin tts'),
(685, 'Project Updated [ID: 88]', '2020-03-27 10:57:47', 'Admin tts'),
(686, 'Project Updated [ID: 22]', '2020-03-27 10:58:17', 'Admin tts'),
(687, 'Project Updated [ID: 16]', '2020-03-27 10:58:49', 'Admin tts'),
(688, 'Project Updated [ID: 17]', '2020-03-27 10:59:26', 'Admin tts'),
(689, 'Contact Updated [ID: 24]', '2020-03-28 22:19:14', 'Admin tts'),
(690, 'New Task Added [ID:45, Name: when we can discuss]', '2020-03-28 22:24:37', 'Admin tts'),
(691, 'New Reminder Added [CustomerID: 14 Description: about the online]', '2020-03-28 22:38:09', 'Admin tts'),
(692, 'Staff Member Updated [ID: 4, James G]', '2020-03-28 22:40:18', 'Admin tts'),
(693, 'Staff Member Updated [ID: 4, James G]', '2020-03-28 22:40:20', 'Admin tts'),
(694, 'Contact Created [ID: 89]', '2020-03-29 09:34:28', 'Admin tts'),
(695, 'Contact Updated [ID: 89]', '2020-03-29 09:42:54', 'Admin tts'),
(696, 'New Project Created [ID: 89]', '2020-03-29 10:32:35', 'Admin tts'),
(697, 'Project Updated [ID: 13]', '2020-03-29 12:21:50', 'Admin tts'),
(698, 'Pipeline Updated [PipelineID: 6]', '2020-03-29 15:59:32', 'Admin tts'),
(699, 'Pipeline Updated [PipelineID: 6]', '2020-03-29 16:02:14', 'Admin tts'),
(700, 'New Task Added [ID:46, Name: Activity against Organization]', '2020-03-29 21:00:41', 'Admin tts'),
(701, 'Contact Created [ID: 90]', '2020-03-29 21:01:19', 'Admin tts'),
(702, 'Project Updated [ID: 18]', '2020-03-29 21:04:07', 'Admin tts'),
(703, 'Project Updated [ID: 18]', '2020-03-29 21:04:08', 'Admin tts'),
(704, 'Customer Info Updated [ID: 14]', '2020-03-29 21:05:03', 'Admin tts'),
(705, 'Customer Info Updated [ID: 14]', '2020-03-29 21:05:42', 'Admin tts'),
(706, 'Contact Created [ID: 91]', '2020-03-30 12:46:50', 'Admin tts'),
(707, 'Contact Created [ID: 92]', '2020-04-02 11:18:36', 'Admin tts'),
(708, 'New Task Added [ID:47, Name: E-mail]', '2020-04-02 11:27:43', 'Admin tts'),
(709, 'New Project Created [ID: 90]', '2020-04-02 16:20:18', 'Admin tts'),
(710, 'New Task Added [ID:48, Name: Visit tts]', '2020-04-02 16:53:20', 'Admin tts'),
(711, 'New Client Created [ID: 93, From Staff: 1]', '2020-04-03 14:17:30', 'Admin tts'),
(712, 'Contact Created [ID: 93]', '2020-04-03 14:18:23', 'Admin tts'),
(713, 'New Project Created [ID: 91]', '2020-04-03 14:21:34', 'Admin tts'),
(714, 'New Task Added [ID:49, Name: Call]', '2020-04-03 14:22:52', 'Admin tts'),
(715, 'New Task Added [ID:50, Name: Call]', '2020-04-03 14:24:29', 'Admin tts'),
(716, 'Task Updated [ID:50, Name: Call]', '2020-04-03 14:24:52', 'Admin tts'),
(717, 'Project Deleted [ID: 91, Name: Shadow Enterprises Deal ]', '2020-04-04 10:57:38', 'Admin tts'),
(718, 'Client Deleted [ID: 93]', '2020-04-04 10:59:35', 'Admin tts'),
(719, 'New Client Created [ID: 94, From Staff: 1]', '2020-04-04 11:01:22', 'Admin tts'),
(720, 'Contact Created [ID: 94]', '2020-04-04 11:01:41', 'Admin tts'),
(721, 'New Project Created [ID: 92]', '2020-04-04 11:13:46', 'Admin tts'),
(722, 'New Task Added [ID:51, Name: Call]', '2020-04-04 11:16:48', 'Admin tts'),
(723, 'New Task Added [ID:52, Name: Call]', '2020-04-04 11:22:22', 'Admin tts'),
(724, 'Contact Created [ID: 95]', '2020-04-04 11:30:06', 'Admin tts'),
(725, 'Project Updated [ID: 92]', '2020-04-04 11:47:29', 'Admin tts'),
(726, 'Project Updated [ID: 92]', '2020-04-04 11:47:29', 'Admin tts'),
(727, 'Project Updated [ID: 92]', '2020-04-04 11:47:31', 'Admin tts'),
(728, 'Project Updated [ID: 92]', '2020-04-04 11:47:31', 'Admin tts'),
(729, 'Project Updated [ID: 21]', '2020-04-06 16:31:38', 'Admin tts'),
(730, 'Project Updated [ID: 21]', '2020-04-06 16:31:51', 'Admin tts'),
(731, 'Project Updated [ID: 21]', '2020-04-06 16:32:15', 'Admin tts'),
(732, 'Contact Status Changed [ContactID: 12 Status(Active/Inactive): 0]', '2020-04-07 10:56:40', 'Admin tts'),
(733, 'New Client Created [ID: 95, From Staff: 1]', '2020-04-07 12:43:49', 'Admin tts'),
(734, 'Contact Created [ID: 96]', '2020-04-07 12:44:28', 'Admin tts'),
(735, 'New Project Created [ID: 93]', '2020-04-07 12:45:22', 'Admin tts'),
(736, 'Contact Updated [ID: 96]', '2020-04-07 12:48:10', 'Admin tts'),
(737, 'New task-type added [Task-type-ID: 5]', '2020-04-07 12:50:10', 'Admin tts'),
(738, 'New task-type added [Task-type-ID: 6]', '2020-04-07 12:50:33', 'Admin tts'),
(739, 'New task-type added [Task-type-ID: 7]', '2020-04-07 12:51:01', 'Admin tts'),
(740, 'New task-type added [Task-type-ID: 8]', '2020-04-07 12:51:19', 'Admin tts'),
(741, 'New task-type added [Task-type-ID: 9]', '2020-04-07 12:51:34', 'Admin tts'),
(742, 'New task-type added [Task-type-ID: 10]', '2020-04-07 12:51:44', 'Admin tts'),
(743, 'New task-type added [Task-type-ID: 11]', '2020-04-07 12:52:04', 'Admin tts'),
(744, 'New Task Added [ID:53, Name: Call]', '2020-04-07 12:55:02', 'Admin tts'),
(745, 'Pipeline Updated [PipelineID: 8]', '2020-04-07 14:24:12', 'Admin tts'),
(746, 'New Client Created [ID: 96, From Staff: 1]', '2020-04-07 14:25:48', 'Admin tts'),
(747, 'Contact Created [ID: 97]', '2020-04-07 14:26:39', 'Admin tts'),
(748, 'New Project Created [ID: 94]', '2020-04-07 14:27:09', 'Admin tts'),
(749, 'Project Updated [ID: 94]', '2020-04-07 14:27:39', 'Admin tts'),
(750, 'Project Updated [ID: 94]', '2020-04-07 14:27:40', 'Admin tts'),
(751, 'Project Updated [ID: 94]', '2020-04-07 14:27:41', 'Admin tts'),
(752, 'Project Updated [ID: 94]', '2020-04-07 14:27:42', 'Admin tts'),
(753, 'Project Updated [ID: 94]', '2020-04-07 14:27:42', 'Admin tts'),
(754, 'Project Updated [ID: 94]', '2020-04-07 14:27:43', 'Admin tts'),
(755, 'New Task Added [ID:54, Name: Call]', '2020-04-07 14:32:28', 'Admin tts'),
(756, 'Task Updated [ID:54, Name: Call]', '2020-04-07 14:33:34', 'Admin tts'),
(757, 'New Task Added [ID:55, Name: E-mail]', '2020-04-07 14:33:51', 'Admin tts'),
(758, 'New Task Added [ID:56, Name: E-mail]', '2020-04-07 14:34:39', 'Admin tts'),
(759, 'New Task Added [ID:57, Name: Call]', '2020-04-07 14:36:31', 'Admin tts'),
(760, 'Contact Status Changed [ContactID: 12 Status(Active/Inactive): 1]', '2020-04-07 14:58:27', 'Admin tts'),
(761, 'Contact Status Changed [ContactID: 12 Status(Active/Inactive): 0]', '2020-04-07 14:58:30', 'Admin tts'),
(762, 'Contact Status Changed [ContactID: 12 Status(Active/Inactive): 1]', '2020-04-07 14:58:34', 'Admin tts'),
(763, 'Task Updated [ID:40, Name: E-mail]', '2020-04-08 12:59:08', 'Admin tts'),
(764, 'Timesheet Deleted [6]', '2020-04-08 13:44:22', 'Admin tts'),
(765, 'New Client Created [ID: 97, From Staff: 1]', '2020-04-08 16:45:19', 'Admin tts'),
(766, 'New Project Created [ID: 95]', '2020-04-08 16:48:00', 'Admin tts'),
(767, 'Task Updated [ID:52, Name: Call]', '2020-04-08 17:04:04', 'Admin tts'),
(768, 'New Task Added [ID:58, Name: Online Demo]', '2020-04-08 17:57:18', 'Admin tts'),
(770, 'Client Deleted [ID: 60]', '2020-04-09 14:10:26', 'Admin tts'),
(771, 'Project Updated [ID: 95]', '2020-04-09 14:11:48', 'Admin tts'),
(772, 'Customer Info Updated [ID: 56]', '2020-04-09 14:42:30', 'Admin tts'),
(773, 'New Client Created [ID: 98, From Staff: 1]', '2020-05-02 11:49:41', 'Admin tts'),
(774, 'New Project Created [ID: 96]', '2020-05-02 11:54:37', 'Admin tts'),
(775, 'Contact Created [ID: 98]', '2020-05-02 12:25:58', 'Admin tts'),
(776, 'Contact Status Changed [ContactID: 98 Status(Active/Inactive): 0]', '2020-05-02 12:26:04', 'Admin tts'),
(777, 'Contact Status Changed [ContactID: 98 Status(Active/Inactive): 1]', '2020-05-02 12:26:06', 'Admin tts'),
(778, 'New Task Added [ID:59, Name: Call]', '2020-05-02 12:36:06', 'Admin tts'),
(779, 'Task Updated [ID:59, Name: Call]', '2020-05-02 12:59:58', 'Admin tts'),
(780, 'New Task Added [ID:60, Name: Call]', '2020-05-02 13:02:15', 'Admin tts'),
(781, 'Customer Status Changed [ID: 98 Status(Active/Inactive): 0]', '2020-05-02 13:37:54', 'Admin tts'),
(782, 'Customer Status Changed [ID: 98 Status(Active/Inactive): 1]', '2020-05-02 13:40:28', 'Admin tts'),
(783, 'Non Existing User Tried to Login [Email: admin@admin.com, Is Staff Member: No, IP: 49.205.78.172]', '2020-05-05 14:08:09', 'Admin tts'),
(784, 'Non Existing User Tried to Login [Email: admin@admin.com, Is Staff Member: No, IP: 49.205.78.172]', '2020-05-05 14:08:14', 'Admin tts'),
(785, 'New Task Added [ID:61, Name: Call]', '2020-05-05 14:09:06', 'Admin tts'),
(786, 'New Task Added [ID:62, Name: Visit]', '2020-05-05 14:10:00', 'Admin tts'),
(787, 'New Task Added [ID:63, Name: Visit]', '2020-05-05 14:19:10', 'Admin tts'),
(788, 'New Task Added [ID:64, Name: Direct Visit]', '2020-05-05 14:19:40', 'Admin tts'),
(789, 'New Task Added [ID:65, Name: Cold Call]', '2020-05-05 14:20:18', 'Admin tts'),
(790, 'New Task Added [ID:66, Name: Trial Account]', '2020-05-05 14:21:32', 'Admin tts'),
(791, 'New Task Added [ID:67, Name: Transit ]', '2020-05-05 14:22:26', 'Admin tts'),
(792, 'New Task Added [ID:68, Name: Transit ]', '2020-05-05 14:22:56', 'Admin tts'),
(793, 'New Task Added [ID:69, Name: Training]', '2020-05-05 14:23:20', 'Admin tts'),
(794, 'New Task Added [ID:70, Name: Cold Call]', '2020-05-05 14:24:24', 'Admin tts'),
(795, 'New Task Added [ID:71, Name: Proposal]', '2020-05-05 14:24:56', 'Admin tts'),
(796, 'New Task Added [ID:72, Name: Online Demo]', '2020-05-05 14:25:31', 'Admin tts'),
(797, 'New Task Added [ID:73, Name: Call]', '2020-05-05 14:26:58', 'Admin tts'),
(798, 'New Task Added [ID:74, Name: E-mail]', '2020-05-05 14:27:58', 'Admin tts'),
(799, 'New Client Created [ID: 99, From Staff: 1]', '2020-05-05 15:22:47', 'Admin tts'),
(800, 'Contact Created [ID: 99]', '2020-05-05 15:23:35', 'Admin tts'),
(801, 'Contact Created [ID: 100]', '2020-05-05 15:24:02', 'Admin tts'),
(802, 'New Client Created [ID: 100, From Staff: 1]', '2020-05-05 15:25:39', 'Admin tts'),
(803, 'New Project Created [ID: 97]', '2020-05-05 15:27:07', 'Admin tts'),
(804, 'New Task Added [ID:75, Name: Direct Visit]', '2020-05-05 15:28:54', 'Admin tts'),
(805, 'New pipeline added [PipelineID: 9]', '2020-05-05 15:36:09', 'Admin tts'),
(806, 'New task-type added [Task-type-ID: 12]', '2020-05-05 15:36:39', 'Admin tts'),
(807, 'New Pipelin-estatus added [Pipelin-estatus-ID: 9]', '2020-05-05 15:37:46', 'Admin tts'),
(808, 'Pipeline Updated [PipelineID: 9]', '2020-05-05 15:38:07', 'Admin tts'),
(809, 'New Client Created [ID: 101, From Staff: 1]', '2020-05-05 15:39:37', 'Admin tts'),
(810, 'Contact Created [ID: 101]', '2020-05-05 15:40:02', 'Admin tts'),
(811, 'New Project Created [ID: 98]', '2020-05-05 15:40:27', 'Admin tts'),
(812, 'New Task Added [ID:76, Name: Call]', '2020-05-05 15:46:51', 'Admin tts'),
(813, 'New Client Created [ID: 102, From Staff: 1]', '2020-05-19 13:24:39', 'Admin tts'),
(814, 'Contact Created [ID: 102]', '2020-05-19 13:25:22', 'Admin tts'),
(815, 'New Customer Group Created [ID:2, Name:business]', '2020-05-19 13:26:28', 'Admin tts'),
(816, 'Customer Info Updated [ID: 102]', '2020-05-19 13:26:40', 'Admin tts'),
(817, 'Customer Info Updated [ID: 102]', '2020-05-19 13:27:10', 'Admin tts'),
(818, 'New Project Created [ID: 99]', '2020-05-19 13:31:33', 'Admin tts'),
(819, 'New Project Created [ID: 100]', '2020-05-19 13:33:18', 'Admin tts'),
(820, 'Contact Created [ID: 103]', '2020-05-19 15:29:49', 'Admin tts'),
(821, 'New Project Created [ID: 101]', '2020-05-19 15:30:22', 'Admin tts'),
(822, 'New Task Added [ID:77, Name: Visit]', '2020-05-19 15:32:17', 'Admin tts'),
(823, 'Project Updated [ID: 100]', '2020-05-29 17:25:42', 'Admin tts'),
(824, 'New Task Added [ID:78, Name: E-mail]', '2020-05-29 17:26:25', 'Admin tts'),
(825, 'New Task Added [ID:79, Name: Visit]', '2020-05-29 17:29:14', 'Admin tts'),
(826, 'Contact Created [ID: 104]', '2020-05-29 17:34:26', 'Admin tts'),
(827, 'Pipelin-estatus Updated [Pipelin-estatus-ID: 8]', '2020-05-29 17:35:29', 'Admin tts'),
(828, 'New Client Created [ID: 103, From Staff: 1]', '2020-05-30 08:12:21', 'Admin tts'),
(829, 'Contact Created [ID: 105]', '2020-05-30 08:16:39', 'Admin tts'),
(830, 'Pipelin-estatus Updated [Pipelin-estatus-ID: 7]', '2020-05-30 08:18:06', 'Admin tts'),
(831, 'Pipelin-estatus Updated [Pipelin-estatus-ID: 1]', '2020-05-30 08:18:21', 'Admin tts'),
(832, 'Pipelin-estatus Updated [Pipelin-estatus-ID: 5]', '2020-05-30 08:18:37', 'Admin tts'),
(833, 'New Project Created [ID: 102]', '2020-05-30 08:18:43', 'Admin tts'),
(834, 'New Task Added [ID:80, Name: Negotiation]', '2020-05-30 08:21:24', 'Admin tts'),
(835, 'Pipelin-estatus Updated [Pipelin-estatus-ID: 3]', '2020-05-30 08:21:28', 'Admin tts'),
(836, 'Pipelin-estatus Deleted [Pipelin-estatus-ID: 2]', '2020-05-30 08:21:38', 'Admin tts'),
(837, 'Pipelin-estatus Updated [Pipelin-estatus-ID: 6]', '2020-05-30 08:21:56', 'Admin tts'),
(838, 'Pipelin-estatus Updated [Pipelin-estatus-ID: 9]', '2020-05-30 08:24:08', 'Admin tts'),
(839, 'Pipelin-estatus Deleted [Pipelin-estatus-ID: 9]', '2020-05-30 09:08:22', 'Admin tts'),
(840, 'Pipelin-estatus Deleted [Pipelin-estatus-ID: 4]', '2020-05-30 09:08:58', 'Admin tts'),
(841, 'Customer Status Changed [ID: 13 Status(Active/Inactive): 0]', '2020-05-31 16:42:41', 'Admin tts'),
(842, 'New Task Added [ID:81, Name: E-mail]', '2020-06-01 14:54:19', 'Admin tts'),
(843, 'Project Updated [ID: 102]', '2020-06-01 14:55:34', 'Admin tts'),
(844, 'Project Updated [ID: 102]', '2020-06-01 14:55:34', 'Admin tts'),
(845, 'Project Updated [ID: 7]', '2020-06-07 18:12:42', 'Admin tts'),
(846, 'New Custom Field Added [Custom Field Deals]', '2020-06-08 16:41:21', 'Admin tts'),
(847, 'Custom Field Status Changed [FieldID: 1 - Active: 0]', '2020-06-08 16:42:30', 'Admin tts'),
(848, 'Custom Field Status Changed [FieldID: 1 - Active: 1]', '2020-06-08 17:13:04', 'Admin tts'),
(849, 'Project Updated [ID: 6]', '2020-06-08 17:13:55', 'Admin tts'),
(850, 'Custom Field Deleted [1]', '2020-06-08 17:22:43', 'Admin tts'),
(851, 'New Custom Field Added [Custom Field Deals]', '2020-06-08 17:24:37', 'Admin tts'),
(852, 'Project Updated [ID: 6]', '2020-06-08 17:25:33', 'Admin tts'),
(853, 'Custom Field Deleted [2]', '2020-06-08 17:28:16', 'Admin tts'),
(854, 'New Custom Field Added [Custom Field Deals]', '2020-06-08 17:29:17', 'Admin tts'),
(855, 'Project Updated [ID: 6]', '2020-06-08 17:30:06', 'Admin tts'),
(856, 'Custom Field Updated [Session Time]', '2020-06-08 20:39:35', 'Admin tts'),
(857, 'New Custom Field Added [Competitors]', '2020-06-08 20:41:05', 'Admin tts'),
(858, 'New Customer Group Created [ID:3, Name:Diagnostics ]', '2020-06-09 12:04:38', 'Admin tts'),
(859, 'Customer Info Updated [ID: 102]', '2020-06-09 12:05:34', 'Admin tts'),
(860, 'Contact Updated [ID: 102]', '2020-06-09 12:08:27', 'Admin tts'),
(861, 'Contact Updated [ID: 102]', '2020-06-09 12:10:58', 'Admin tts'),
(862, 'Project Updated [ID: 100]', '2020-06-09 12:20:49', 'Admin tts'),
(863, 'Project Updated [ID: 101]', '2020-06-09 12:27:28', 'Admin tts'),
(864, 'New Task Added [ID:82, Name: E-mail]', '2020-06-09 12:40:19', 'Admin tts'),
(865, 'New Task Added [ID:83, Name: E-mail]', '2020-06-09 12:43:13', 'Admin tts'),
(866, 'New Task Added [ID:84, Name: Call]', '2020-06-09 12:47:34', 'Admin tts'),
(867, 'New Reminder Added [CustomerID: 102 Description: speak about training  also.]', '2020-06-09 12:50:04', 'Admin tts'),
(868, 'Staff Member Updated [ID: 4, James G]', '2020-06-09 12:56:15', 'Admin tts'),
(869, 'New Task Added [ID:85, Name: E-mail]', '2020-06-09 13:08:31', 'James G'),
(870, 'New Task Added [ID:86, Name: Direct Visit]', '2020-06-09 13:09:32', 'James G'),
(871, 'New Task Added [ID:87, Name: Cold Call]', '2020-06-09 13:10:04', 'James G'),
(872, 'New Task Added [ID:88, Name: Cold Call]', '2020-06-09 13:14:30', 'James G'),
(873, 'New Task Added [ID:89, Name: Proposal]', '2020-06-09 13:15:02', 'James G'),
(874, 'New Task Added [ID:90, Name: Trial Account]', '2020-06-09 13:16:36', 'James G'),
(875, 'New Task Added [ID:91, Name: Call]', '2020-06-09 13:17:07', 'Admin tts'),
(876, 'New Reminder Added [TaskID: 89 Description: please complete this task]', '2020-06-09 13:20:38', 'James G'),
(877, 'New Task Added [ID:92, Name: Call]', '2020-06-09 13:21:52', 'Admin tts'),
(878, 'New Task Added [ID:93, Name: Training]', '2020-06-09 13:21:58', 'James G'),
(879, 'New Task Added [ID:94, Name: Pilot ]', '2020-06-09 13:22:32', 'James G'),
(880, 'New Task Added [ID:95, Name: Call]', '2020-06-09 13:24:49', 'Admin tts'),
(881, 'New Task Added [ID:96, Name: Online Demo]', '2020-06-09 13:41:02', 'Admin tts'),
(882, 'New Task Added [ID:97, Name: Call]', '2020-06-09 14:08:11', 'Admin tts'),
(883, 'New Task Added [ID:98, Name: Call]', '2020-06-09 14:09:44', 'Admin tts'),
(884, 'Staff Member Updated [ID: 6, Andrew G]', '2020-06-09 15:02:22', 'Admin tts'),
(885, 'New Task Added [ID:99, Name: Visit]', '2020-06-09 15:42:16', 'Admin tts'),
(886, 'Project Updated [ID: 9]', '2020-06-09 15:43:19', 'Admin tts'),
(887, 'Project Updated [ID: 9]', '2020-06-09 15:43:21', 'Admin tts'),
(888, 'Project Updated [ID: 9]', '2020-06-09 15:43:21', 'Admin tts'),
(889, 'Project Updated [ID: 9]', '2020-06-09 15:43:23', 'Admin tts'),
(890, 'New Custom Field Added [test]', '2020-06-09 16:56:08', 'Admin tts'),
(891, 'Custom Field Updated [test]', '2020-06-09 17:01:53', 'Admin tts'),
(892, 'New Custom Field Added [Person CF]', '2020-06-12 15:50:55', 'Admin tts'),
(893, 'Custom Field Updated [Organizations CF]', '2020-06-12 15:51:19', 'Admin tts'),
(894, 'New Custom Field Added [Person CF]', '2020-06-12 15:51:45', 'Admin tts'),
(895, 'Contact Updated [ID: 95]', '2020-06-12 15:53:58', 'Admin tts'),
(896, 'Contact Updated [ID: 99]', '2020-06-12 15:54:37', 'Admin tts'),
(897, 'Project Updated [ID: 5]', '2020-06-18 19:23:03', 'Admin tts'),
(898, 'Project Updated [ID: 5]', '2020-06-18 19:23:04', 'Admin tts'),
(899, 'Project Updated [ID: 5]', '2020-06-18 19:23:08', 'Admin tts'),
(900, 'Project Updated [ID: 5]', '2020-06-18 19:23:09', 'Admin tts'),
(901, 'Custom Field Updated [test]', '2020-06-19 15:44:53', 'Admin tts'),
(902, 'Custom Field Updated [test]', '2020-06-19 15:45:22', 'Admin tts'),
(903, 'Custom Field Updated [test]', '2020-06-19 15:45:34', 'Admin tts'),
(904, 'Custom Field Updated [test]', '2020-06-19 15:46:10', 'Admin tts'),
(905, 'New Task Added [ID:100, Name: Call]', '2020-06-22 11:50:25', 'Admin tts'),
(906, 'New Custom Field Added [Type]', '2020-06-22 11:57:24', 'Admin tts'),
(907, 'Custom Field Updated [Type]', '2020-06-22 11:58:29', 'Admin tts'),
(908, 'Custom Field Updated [Type]', '2020-06-22 11:59:16', 'Admin tts'),
(909, 'New Role Added [ID: 3.Base]', '2020-06-26 12:40:09', 'Admin tts'),
(910, 'Role Updated [ID: 2, Name: Admin]', '2020-06-26 12:40:29', 'Admin tts'),
(911, 'Role Updated [ID: 1, Name: Manager]', '2020-06-26 12:40:54', 'Admin tts'),
(912, 'New Role Added [ID: 4.MD]', '2020-06-26 12:47:12', 'Admin tts'),
(913, 'Staff Member Updated [ID: 1, Admin tts]', '2020-06-26 12:47:58', 'Admin tts'),
(914, 'New Reminder Added [TaskID: 83 Description: please speak to me]', '2020-06-27 09:27:42', 'Admin tts'),
(915, 'New Role Added [ID: 5.Admin]', '2020-07-03 08:43:34', 'Admin tts'),
(916, 'Staff Member Updated [ID: 1, Admin tts]', '2020-07-03 08:43:53', 'Admin tts'),
(917, 'Staff Member Updated [ID: 7, ADMIN A]', '2020-07-03 08:44:45', 'Admin tts'),
(918, 'Staff Member Updated [ID: 1, Admin tts]', '2020-07-03 08:45:16', 'Admin tts'),
(919, 'Role Updated [ID: 5, Name: Admin]', '2020-07-03 08:48:53', 'Admin tts'),
(920, 'Role Updated [ID: 4, Name: MD]', '2020-07-03 08:50:39', 'Admin tts'),
(921, 'Staff Member Updated [ID: 1, Admin tts]', '2020-07-03 08:51:00', 'Admin tts'),
(922, 'Staff Member Updated [ID: 1, Admin tts]', '2020-07-03 08:57:20', 'Admin tts'),
(923, 'Staff Member Updated [ID: 1, Admin tts]', '2020-07-03 08:57:48', 'Admin tts'),
(924, 'Staff Member Updated [ID: 1, Admin tts]', '2020-07-03 08:58:17', 'Admin tts'),
(925, 'Staff Member Updated [ID: 7, ADMIN A]', '2020-07-03 08:58:35', 'Admin tts'),
(926, 'Staff Member Updated [ID: 7, ADMIN A]', '2020-07-03 08:58:53', 'Admin tts'),
(927, 'New Custom Field Added [Address 2. ]', '2020-07-13 19:29:02', 'Admin tts'),
(928, 'Contact Created [ID: 106]', '2020-07-13 22:40:13', 'Admin tts'),
(929, 'New Project Created [ID: 103]', '2020-07-13 22:41:16', 'Admin tts'),
(930, 'Project Updated [ID: 7]', '2020-07-16 09:51:43', 'Admin tts'),
(931, 'Project Updated [ID: 7]', '2020-07-16 09:51:52', 'Admin tts'),
(932, 'Project Updated [ID: 7]', '2020-07-16 09:51:59', 'Admin tts'),
(933, 'New DealLossReasons added [DealLossReasonsID: 1]', '2020-07-16 09:53:21', 'Admin tts'),
(934, 'Tried to access page where don\'t have permission [reports]', '2020-07-16 09:54:51', 'Admin tts'),
(935, 'Tried to access page where don\'t have permission [reports]', '2020-07-16 09:57:24', 'Admin tts'),
(936, 'Tried to access page where don\'t have permission [reports]', '2020-07-16 10:34:49', 'Admin tts'),
(937, 'New Currency Added [ID: INR]', '2020-07-16 20:36:31', 'Admin tts'),
(938, 'Currency Updated [INR]', '2020-07-16 20:37:33', 'Admin tts'),
(939, 'Project Updated [ID: 5]', '2020-07-24 15:58:30', 'Admin tts'),
(940, 'New DealLossReasons added [DealLossReasonsID: 2]', '2020-07-24 16:00:13', 'Admin tts'),
(941, 'Staff Member Updated [ID: 4, James G]', '2020-07-28 13:58:59', 'Admin tts'),
(942, 'Staff Member Updated [ID: 4, James G]', '2020-07-28 16:27:50', 'Admin tts'),
(943, 'Staff Member Updated [ID: 4, James G]', '2020-07-28 16:42:56', 'Admin tts'),
(944, 'New Role Added [ID: 6.Executive]', '2020-07-28 16:44:10', 'Admin tts'),
(945, 'New Role Added [ID: 7.1st Line Manager]', '2020-07-28 16:44:37', 'Admin tts'),
(946, 'Role Updated [ID: 3, Name: Base]', '2020-07-28 16:46:00', 'Admin tts'),
(947, 'Role Updated [ID: 2, Name: Manager]', '2020-07-28 16:47:08', 'Admin tts'),
(948, 'Staff Member Updated [ID: 4, James G]', '2020-07-28 16:47:19', 'Admin tts'),
(949, 'Staff Member Updated [ID: 5, William, Manager G]', '2020-07-28 16:49:28', 'Admin tts'),
(950, 'Staff Member Updated [ID: 5, William, 1st Line Manager G]', '2020-07-28 16:49:40', 'Admin tts'),
(951, 'Staff Member Updated [ID: 5, Seetha, 1st Line Manager G]', '2020-07-28 16:50:25', 'Admin tts'),
(952, 'Staff Member Updated [ID: 5, Seetha, 1st Line Manager G]', '2020-07-28 16:50:45', 'Admin tts'),
(953, 'Staff Member Updated [ID: 5, Seetha, 1st Line Manager G]', '2020-07-28 16:50:46', 'Admin tts'),
(954, 'Staff Member Updated [ID: 8, Sivaneswaran S]', '2020-07-28 18:05:00', 'Admin tts'),
(955, 'New Client Created [ID: 104, From Staff: 1]', '2020-07-29 12:06:44', 'Admin tts'),
(956, 'Contact Created [ID: 107]', '2020-07-29 12:07:40', 'Admin tts'),
(957, 'Custom Field Deleted [3]', '2020-07-29 12:27:49', 'Admin tts'),
(958, 'Custom Field Status Changed [FieldID: 4 - Active: 0]', '2020-07-29 12:27:55', 'Admin tts'),
(959, 'Custom Field Status Changed [FieldID: 5 - Active: 0]', '2020-07-29 12:27:59', 'Admin tts'),
(960, 'Staff Member Deleted [Name: ADMIN A, Data Transferred To: Admin tts]', '2020-07-29 13:12:15', 'Admin tts'),
(961, 'Staff Member Updated [ID: 8, Sivaneswaran S]', '2020-07-29 13:12:53', 'Admin tts'),
(962, 'Staff Member Updated [ID: 8, Sivaneswaran S]', '2020-07-29 13:22:24', 'Admin tts'),
(963, 'Staff Member Updated [ID: 8, Sivaneswaran S]', '2020-07-29 13:23:36', 'Admin tts'),
(964, 'Failed Login Attempt [Email: seetha@saneforce.com, Is Staff Member: Yes, IP: 123.176.34.16]', '2020-07-29 14:42:25', NULL),
(965, 'Failed Login Attempt [Email: skumar@saneforce.com, Is Staff Member: Yes, IP: 103.66.81.59]', '2020-07-29 15:25:59', NULL),
(966, 'Failed Login Attempt [Email: skumar@saneforce.com, Is Staff Member: Yes, IP: 103.66.81.59]', '2020-07-29 15:26:22', NULL),
(967, 'Failed Login Attempt [Email: skumar@saneforce.com, Is Staff Member: Yes, IP: 103.66.81.59]', '2020-07-29 15:26:41', NULL),
(968, 'Staff Member Updated [ID: 8, Sivaneswaran S]', '2020-07-29 15:48:39', 'Admin tts'),
(969, 'Staff Member Updated [ID: 8, Sivaneswaran S]', '2020-07-29 15:49:06', 'Admin tts'),
(970, 'Staff Member Updated [ID: 8, Sivaneswaran S]', '2020-07-29 15:50:33', 'Admin tts'),
(971, 'Task Updated [ID:42, Name: intro E-mail]', '2020-07-31 17:43:42', 'Admin tts'),
(972, 'Task Updated [ID:40, Name: E-mail]', '2020-07-31 17:45:33', 'Admin tts'),
(973, 'Task Updated [ID:18, Name: call and convice]', '2020-07-31 17:46:00', 'Admin tts'),
(974, 'Task Updated [ID:17, Name: Call]', '2020-07-31 17:46:13', 'Admin tts'),
(975, 'Task Updated [ID:22, Name: Email]', '2020-07-31 17:46:26', 'Admin tts'),
(976, 'Task Updated [ID:56, Name: E-mail]', '2020-07-31 17:47:00', 'Admin tts'),
(977, 'New Task Added [ID:101, Name: to close deal]', '2020-08-01 17:44:11', 'Admin tts'),
(978, 'Failed Login Attempt [Email: admin@admin.com, Is Staff Member: Yes, IP: 60.243.4.38]', '2020-08-01 18:57:27', NULL),
(979, 'Staff Member Updated [ID: 4, Sundara Kumar G]', '2020-08-01 18:58:16', 'Admin tts'),
(980, 'Tried to access page where don\'t have permission [staff]', '2020-08-01 19:32:24', 'Seetha, 1st Line Manager G'),
(981, 'Staff Member Updated [ID: 4, Sundara Kumar G]', '2020-08-01 19:36:05', 'Admin tts'),
(982, 'Tried to access page where don\'t have permission [staff]', '2020-08-01 19:36:33', 'Seetha, 1st Line Manager G'),
(983, 'Staff Member Updated [ID: 4, Sivaneswaran G]', '2020-08-01 19:38:09', 'Admin tts'),
(984, 'Staff Member Updated [ID: 4, Sivaneswaran G]', '2020-08-01 19:38:10', 'Admin tts'),
(985, 'Staff Member Updated [ID: 4, Sivaneswaran G]', '2020-08-01 19:38:38', 'Admin tts'),
(986, 'Staff Member Updated [ID: 4, Sivaneswaran G]', '2020-08-01 19:38:39', 'Admin tts'),
(987, 'Staff Member Updated [ID: 4, Sivaneswaran G]', '2020-08-01 19:38:40', 'Admin tts'),
(988, 'Staff Member Updated [ID: 6, Shree Vidya Executive]', '2020-08-01 19:40:56', 'Admin tts'),
(989, 'Staff Member Updated [ID: 2, Alageswari Executive]', '2020-08-01 19:42:29', 'Admin tts'),
(990, 'Staff Member Updated [ID: 4, Darious 1st Line Manager]', '2020-08-01 19:44:31', 'Admin tts'),
(991, 'Staff Member Updated [ID: 4, Darious 1st Line Manager]', '2020-08-01 19:44:36', 'Admin tts'),
(992, 'Staff Status Changed [StaffID: 3 - Status(Active/Inactive): 0]', '2020-08-01 19:45:06', 'Admin tts'),
(993, 'Staff Member Updated [ID: 3, Richard G Not Active]', '2020-08-01 19:45:31', 'Admin tts'),
(994, 'Staff Member Updated [ID: 3, Richard G Not Active]', '2020-08-01 19:45:33', 'Admin tts'),
(995, 'Staff Member Updated [ID: 8, Sivaneswaran Executive]', '2020-08-01 19:45:59', 'Admin tts'),
(996, 'Staff Member Updated [ID: 1, Admin Login]', '2020-08-01 19:47:13', 'Admin tts'),
(997, 'Staff Member Updated [ID: 1, Admin Login]', '2020-08-01 19:47:14', 'Admin Login'),
(998, 'Staff Member Updated [ID: 2, Alageswari Executive]', '2020-08-01 19:48:41', 'Admin Login'),
(999, 'Staff Member Updated [ID: 4, Darious 1st Line Manager]', '2020-08-01 19:49:39', 'Admin Login'),
(1000, 'Staff Member Updated [ID: 5, Seetha, 1st Line Manager G]', '2020-08-01 19:50:27', 'Admin Login'),
(1001, 'Staff Member Updated [ID: 5, Seetha, 1st Line Manager G]', '2020-08-01 19:50:29', 'Admin Login'),
(1002, 'Staff Member Updated [ID: 6, Shree Vidya Executive]', '2020-08-01 19:51:05', 'Admin Login'),
(1003, 'Staff Member Updated [ID: 8, Sivaneswaran Executive]', '2020-08-01 19:51:40', 'Admin Login'),
(1004, 'Non Existing User Tried to Login [Email: mm@saneforce.com, Is Staff Member: Yes, IP: 60.243.4.38]', '2020-08-01 19:53:24', NULL),
(1005, 'Staff Member Updated [ID: 8, Sivaneswaran Executive]', '2020-08-01 19:54:17', 'Admin Login'),
(1006, 'Customer Info Updated [ID: 102]', '2020-08-01 19:55:25', 'Sivaneswaran Executive'),
(1007, 'Customer Info Updated [ID: 16]', '2020-08-01 19:57:29', 'Seetha, 1st Line Manager G'),
(1008, 'Staff Member Updated [ID: 1, Admin Login]', '2020-08-01 22:35:04', 'Admin Login'),
(1009, 'Staff Member Updated [ID: 1, Admin Login]', '2020-08-01 22:35:05', 'Admin Login'),
(1010, 'Staff Member Updated [ID: 1, Admin Login]', '2020-08-01 22:35:07', 'Admin Login'),
(1011, 'Staff Member Updated [ID: 2, Alageswari Executive]', '2020-08-02 10:47:03', 'Admin Login'),
(1012, 'Staff Password Changed [8]', '2020-08-02 14:47:14', 'Sivaneswaran Executive'),
(1013, 'Contact Created [ID: 108]', '2020-08-02 15:04:46', 'Sivaneswaran Executive'),
(1014, 'Staff Member Updated [ID: 8, Sivaneswaran Executive]', '2020-08-02 15:29:37', 'Admin Login'),
(1015, 'Staff Member Updated [ID: 8, Sivaneswaran Executive]', '2020-08-02 15:29:42', 'Admin Login'),
(1016, 'Staff Member Updated [ID: 8, Sivaneswaran Executive]', '2020-08-02 15:30:14', 'Admin Login'),
(1017, 'Staff Member Updated [ID: 8, Sivaneswaran Executive]', '2020-08-02 15:30:27', 'Admin Login'),
(1018, 'Failed Login Attempt [Email: mm@saneforce.com, Is Staff Member: Yes, IP: 60.243.61.235]', '2020-08-02 15:36:29', NULL),
(1019, 'Staff Password Changed [8]', '2020-08-02 15:40:33', 'Sivaneswaran Executive'),
(1020, 'Customer Status Changed [ID: 18 Status(Active/Inactive): 0]', '2020-08-02 16:03:12', 'Sivaneswaran Executive'),
(1021, 'Customer Status Changed [ID: 52 Status(Active/Inactive): 0]', '2020-08-02 16:03:15', 'Sivaneswaran Executive'),
(1022, 'Customer Status Changed [ID: 53 Status(Active/Inactive): 0]', '2020-08-02 16:03:17', 'Sivaneswaran Executive'),
(1023, 'Customer Status Changed [ID: 22 Status(Active/Inactive): 0]', '2020-08-02 16:03:21', 'Sivaneswaran Executive'),
(1024, 'Customer Status Changed [ID: 54 Status(Active/Inactive): 0]', '2020-08-02 16:03:23', 'Sivaneswaran Executive'),
(1025, 'Customer Status Changed [ID: 55 Status(Active/Inactive): 0]', '2020-08-02 16:03:27', 'Sivaneswaran Executive'),
(1026, 'Customer Status Changed [ID: 31 Status(Active/Inactive): 0]', '2020-08-02 16:03:34', 'Sivaneswaran Executive'),
(1027, 'Customer Status Changed [ID: 56 Status(Active/Inactive): 0]', '2020-08-02 16:03:36', 'Sivaneswaran Executive'),
(1028, 'Customer Status Changed [ID: 62 Status(Active/Inactive): 0]', '2020-08-02 16:03:53', 'Sivaneswaran Executive'),
(1029, 'Customer Status Changed [ID: 63 Status(Active/Inactive): 0]', '2020-08-02 16:03:58', 'Sivaneswaran Executive'),
(1030, 'Customer Status Changed [ID: 72 Status(Active/Inactive): 0]', '2020-08-02 16:04:07', 'Sivaneswaran Executive'),
(1031, 'Customer Status Changed [ID: 83 Status(Active/Inactive): 0]', '2020-08-02 16:04:17', 'Sivaneswaran Executive'),
(1032, 'Customer Status Changed [ID: 27 Status(Active/Inactive): 0]', '2020-08-02 16:05:12', 'Sivaneswaran Executive'),
(1033, 'Customer Status Changed [ID: 59 Status(Active/Inactive): 0]', '2020-08-02 16:06:03', 'Sivaneswaran Executive'),
(1034, 'Customer Status Changed [ID: 87 Status(Active/Inactive): 0]', '2020-08-02 16:09:03', 'Sivaneswaran Executive'),
(1035, 'Failed Login Attempt [Email: mm@saneforce.com, Is Staff Member: Yes, IP: 49.205.81.211]', '2020-08-02 20:06:08', NULL),
(1036, 'Failed Login Attempt [Email: mm@saneforce.com, Is Staff Member: Yes, IP: 49.205.81.211]', '2020-08-02 20:06:25', NULL),
(1037, 'Staff Member Updated [ID: 2, Alageswari Executive]', '2020-08-02 20:40:30', 'Admin Login'),
(1038, 'Staff Member Updated [ID: 4, Darious 1st Line Manager]', '2020-08-02 20:41:11', 'Admin Login'),
(1039, 'Staff Member Updated [ID: 5, Seetha, 1st Line Manager G]', '2020-08-02 20:41:39', 'Admin Login'),
(1040, 'Staff Member Updated [ID: 6, Shree Vidya Executive]', '2020-08-02 20:42:14', 'Admin Login'),
(1041, 'Staff Member Updated [ID: 8, Sivaneswaran Executive]', '2020-08-02 20:42:42', 'Admin Login'),
(1042, 'Staff Member Updated [ID: 8, Sivaneswaran Executive]', '2020-08-02 20:43:04', 'Admin Login'),
(1043, 'New Role Added [ID: 8.2nd Line Manager]', '2020-08-02 20:46:19', 'Admin Login'),
(1044, 'Staff Member Updated [ID: 3, Sundara Kumar]', '2020-08-02 20:47:22', 'Admin Login'),
(1045, 'Staff Member Updated [ID: 4, Darious 1st Line Manager]', '2020-08-02 20:48:33', 'Admin Login'),
(1046, 'Staff Member Updated [ID: 3, Sundara Kumar]', '2020-08-02 20:48:55', 'Admin Login'),
(1047, 'Staff Member Updated [ID: 3, Sundara Kumar]', '2020-08-02 20:50:27', 'Admin Login'),
(1048, 'Role Updated [ID: 3, Name: Base]', '2020-08-02 20:54:24', 'Admin Login'),
(1049, 'Role Updated [ID: 3, Name: Base]', '2020-08-02 20:54:34', 'Admin Login'),
(1050, 'Role Updated [ID: 2, Name: Manager]', '2020-08-02 20:55:19', 'Admin Login'),
(1051, 'Role Updated [ID: 8, Name: 2nd Line Manager]', '2020-08-02 20:55:56', 'Admin Login'),
(1052, 'DealLossReasons Updated [DealLossReasonsID: 2]', '2020-08-02 20:56:25', 'Admin Login'),
(1053, 'DealLossReasons Updated [DealLossReasonsID: 1]', '2020-08-02 20:56:53', 'Admin Login'),
(1054, 'New DealLossReasons added [DealLossReasonsID: 3]', '2020-08-02 20:57:27', 'Admin Login'),
(1055, 'Failed Login Attempt [Email: skumar@saneforce.com, Is Staff Member: Yes, IP: 60.243.61.235]', '2020-08-02 20:59:06', NULL),
(1056, 'Failed Login Attempt [Email: skumar@saneforce.com, Is Staff Member: Yes, IP: 60.243.61.235]', '2020-08-02 20:59:27', NULL),
(1057, 'Staff Member Updated [ID: 3, Sundara Kumar]', '2020-08-02 21:00:12', 'Admin Login'),
(1058, 'Inactive User Tried to Login [Email: skumar@saneforce.com, Is Staff Member: Yes, IP: 60.243.61.235]', '2020-08-02 21:00:22', NULL),
(1059, 'Staff Status Changed [StaffID: 3 - Status(Active/Inactive): 1]', '2020-08-02 21:00:41', 'Admin Login'),
(1060, 'Pipeline Updated [PipelineID: 6]', '2020-08-03 09:37:26', 'Admin Login'),
(1061, 'Failed Login Attempt [Email: mm@saneforce.com, Is Staff Member: Yes, IP: 27.5.59.36]', '2020-08-03 09:51:45', NULL),
(1062, 'Staff Password Changed [8]', '2020-08-03 09:52:51', 'Sivaneswaran Executive'),
(1063, 'Tried to access page where don\'t have permission [staff]', '2020-08-03 09:53:48', 'Seetha, 1st Line Manager G'),
(1064, 'Failed Login Attempt [Email: seetha@saneforce.com, Is Staff Member: Yes, IP: 27.5.59.36]', '2020-08-03 09:54:13', NULL),
(1065, 'Failed Login Attempt [Email: seetha@saneforce.com, Is Staff Member: Yes, IP: 27.5.59.36]', '2020-08-03 09:54:13', NULL),
(1066, 'Staff Member Updated [ID: 5, Seetha, 1st Line Manager G]', '2020-08-03 09:55:23', 'Admin Login'),
(1067, 'Tried to access page where don\'t have permission [staff]', '2020-08-03 09:55:39', 'Seetha, 1st Line Manager G'),
(1068, 'Tried to access page where don\'t have permission [staff]', '2020-08-03 09:56:14', 'Seetha, 1st Line Manager G'),
(1069, 'Staff Member Updated [ID: 5, Seetha, 1st Line Manager G]', '2020-08-03 09:57:00', 'Admin Login'),
(1070, 'Tried to access page where don\'t have permission [staff]', '2020-08-03 09:57:09', 'Seetha, 1st Line Manager G'),
(1071, 'Tried to access page where don\'t have permission [staff]', '2020-08-03 10:00:27', 'Seetha, 1st Line Manager G'),
(1072, 'Tried to access page where don\'t have permission [staff]', '2020-08-03 10:00:37', 'Seetha, 1st Line Manager G'),
(1073, 'Non Existing User Tried to Login [Email: pharmasfa@saneforce.com, Is Staff Member: Yes, IP: 27.5.59.36]', '2020-08-03 10:01:35', NULL),
(1074, 'Staff Member Updated [ID: 6, Shree Vidya Executive]', '2020-08-03 10:01:58', 'Admin Login'),
(1075, 'Non Existing User Tried to Login [Email: pharmasfa@saneforce.com, Is Staff Member: Yes, IP: 27.5.59.36]', '2020-08-03 10:02:19', NULL),
(1076, 'Non Existing User Tried to Login [Email: pharmasfa@saneforce.com, Is Staff Member: Yes, IP: 27.5.59.36]', '2020-08-03 10:02:35', NULL),
(1077, 'Staff Member Updated [ID: 6, Shree Vidya Executive]', '2020-08-03 10:02:59', 'Admin Login'),
(1078, 'Non Existing User Tried to Login [Email: pharmasfa@saneforce.com, Is Staff Member: Yes, IP: 27.5.59.36]', '2020-08-03 10:03:23', NULL),
(1079, 'Staff Member Updated [ID: 6, Shree Vidya Executive]', '2020-08-03 10:03:51', 'Admin Login'),
(1080, 'Staff Member Updated [ID: 4, Darious 1st Line Manager]', '2020-08-03 10:04:50', 'Admin Login'),
(1081, 'Staff Member Updated [ID: 5, Seetha, 1st Line Manager G]', '2020-08-03 10:05:10', 'Admin Login'),
(1082, 'Tried to access page where don\'t have permission [staff]', '2020-08-03 10:05:39', 'Seetha, 1st Line Manager G'),
(1083, 'Staff Member Updated [ID: 4, Darious 1st Line Manager]', '2020-08-03 10:06:15', 'Admin Login'),
(1084, 'Staff Member Updated [ID: 4, Darious 1st Line Manager]', '2020-08-03 10:07:07', 'Admin Login'),
(1085, 'Staff Member Updated [ID: 5, Seetha, 1st Line Manager G]', '2020-08-03 10:08:00', 'Admin Login'),
(1086, 'Staff Member Updated [ID: 5, Seetha, 1st Line Manager G]', '2020-08-03 10:09:10', 'Admin Login'),
(1087, 'Tried to access page where don\'t have permission [staff]', '2020-08-03 10:09:21', 'Seetha, 1st Line Manager G'),
(1088, 'New Staff Member Added [ID: 9, Shanmugam, MMC Admin]', '2020-08-03 13:27:52', 'Admin Login'),
(1089, 'Tried to access page where don\'t have permission [staff]', '2020-08-03 13:28:21', 'Seetha, 1st Line Manager G'),
(1090, 'Failed Login Attempt [Email: neotcs2018@gmail.com, Is Staff Member: Yes, IP: 27.5.59.36]', '2020-08-03 13:28:38', NULL),
(1091, 'Failed Login Attempt [Email: neotcs2018@gmail.com, Is Staff Member: Yes, IP: 27.5.59.36]', '2020-08-03 13:28:54', NULL),
(1092, 'Staff Member Updated [ID: 9, Shanmugam, MMC Admin]', '2020-08-03 13:29:32', 'Admin Login'),
(1093, 'Staff Member Updated [ID: 9, Shanmugam, MMC Admin]', '2020-08-03 13:29:50', 'Admin Login'),
(1094, 'Staff Member Updated [ID: 9, Shanmugam, MMC Admin]', '2020-08-03 13:30:42', 'Admin Login'),
(1095, 'Staff Member Updated [ID: 9, Shanmugam, MMC Admin]', '2020-08-03 13:33:03', 'Shanmugam, MMC Admin'),
(1096, 'New Staff Member Added [ID: 10, Shanmugam, MMC Executive]', '2020-08-03 13:34:29', 'Shanmugam, MMC Admin'),
(1097, 'Customer Status Changed [ID: 16 Status(Active/Inactive): 0]', '2020-08-03 13:38:20', 'Shanmugam, MMC Executive'),
(1098, 'Customer Status Changed [ID: 17 Status(Active/Inactive): 0]', '2020-08-03 13:38:21', 'Shanmugam, MMC Executive'),
(1099, 'Customer Status Changed [ID: 19 Status(Active/Inactive): 0]', '2020-08-03 13:38:22', 'Shanmugam, MMC Executive'),
(1100, 'Customer Status Changed [ID: 20 Status(Active/Inactive): 0]', '2020-08-03 13:38:24', 'Shanmugam, MMC Executive'),
(1101, 'Customer Status Changed [ID: 21 Status(Active/Inactive): 0]', '2020-08-03 13:38:24', 'Shanmugam, MMC Executive'),
(1102, 'Customer Status Changed [ID: 23 Status(Active/Inactive): 0]', '2020-08-03 13:38:26', 'Shanmugam, MMC Executive'),
(1103, 'Customer Status Changed [ID: 24 Status(Active/Inactive): 0]', '2020-08-03 13:38:28', 'Shanmugam, MMC Executive'),
(1104, 'Customer Status Changed [ID: 25 Status(Active/Inactive): 0]', '2020-08-03 13:38:28', 'Shanmugam, MMC Executive'),
(1105, 'Customer Status Changed [ID: 26 Status(Active/Inactive): 0]', '2020-08-03 13:38:29', 'Shanmugam, MMC Executive'),
(1106, 'Customer Status Changed [ID: 28 Status(Active/Inactive): 0]', '2020-08-03 13:38:30', 'Shanmugam, MMC Executive'),
(1107, 'Customer Status Changed [ID: 29 Status(Active/Inactive): 0]', '2020-08-03 13:38:32', 'Shanmugam, MMC Executive'),
(1108, 'Customer Status Changed [ID: 30 Status(Active/Inactive): 0]', '2020-08-03 13:38:33', 'Shanmugam, MMC Executive'),
(1109, 'Customer Status Changed [ID: 33 Status(Active/Inactive): 0]', '2020-08-03 13:38:34', 'Shanmugam, MMC Executive'),
(1110, 'Customer Status Changed [ID: 34 Status(Active/Inactive): 0]', '2020-08-03 13:38:35', 'Shanmugam, MMC Executive'),
(1111, 'Customer Status Changed [ID: 35 Status(Active/Inactive): 0]', '2020-08-03 13:38:36', 'Shanmugam, MMC Executive'),
(1112, 'Customer Status Changed [ID: 36 Status(Active/Inactive): 0]', '2020-08-03 13:38:37', 'Shanmugam, MMC Executive'),
(1113, 'Customer Status Changed [ID: 57 Status(Active/Inactive): 0]', '2020-08-03 13:38:37', 'Shanmugam, MMC Executive'),
(1114, 'Customer Status Changed [ID: 37 Status(Active/Inactive): 0]', '2020-08-03 13:38:39', 'Shanmugam, MMC Executive'),
(1115, 'Customer Status Changed [ID: 38 Status(Active/Inactive): 0]', '2020-08-03 13:38:40', 'Shanmugam, MMC Executive'),
(1116, 'Customer Status Changed [ID: 39 Status(Active/Inactive): 0]', '2020-08-03 13:38:41', 'Shanmugam, MMC Executive'),
(1117, 'Customer Status Changed [ID: 40 Status(Active/Inactive): 0]', '2020-08-03 13:38:41', 'Shanmugam, MMC Executive'),
(1118, 'Customer Status Changed [ID: 41 Status(Active/Inactive): 0]', '2020-08-03 13:38:42', 'Shanmugam, MMC Executive'),
(1119, 'Customer Status Changed [ID: 58 Status(Active/Inactive): 0]', '2020-08-03 13:38:42', 'Shanmugam, MMC Executive'),
(1120, 'Customer Status Changed [ID: 43 Status(Active/Inactive): 0]', '2020-08-03 13:38:44', 'Shanmugam, MMC Executive'),
(1121, 'Customer Status Changed [ID: 42 Status(Active/Inactive): 0]', '2020-08-03 13:38:45', 'Shanmugam, MMC Executive'),
(1122, 'Customer Status Changed [ID: 85 Status(Active/Inactive): 0]', '2020-08-03 13:38:55', 'Shanmugam, MMC Executive'),
(1123, 'Customer Status Changed [ID: 86 Status(Active/Inactive): 0]', '2020-08-03 13:38:55', 'Shanmugam, MMC Executive'),
(1124, 'Customer Status Changed [ID: 88 Status(Active/Inactive): 0]', '2020-08-03 13:38:56', 'Shanmugam, MMC Executive'),
(1125, 'Customer Status Changed [ID: 91 Status(Active/Inactive): 0]', '2020-08-03 13:38:57', 'Shanmugam, MMC Executive'),
(1126, 'Customer Status Changed [ID: 89 Status(Active/Inactive): 0]', '2020-08-03 13:38:57', 'Shanmugam, MMC Executive'),
(1127, 'Customer Status Changed [ID: 92 Status(Active/Inactive): 0]', '2020-08-03 13:38:58', 'Shanmugam, MMC Executive'),
(1128, 'Customer Status Changed [ID: 11 Status(Active/Inactive): 0]', '2020-08-03 13:39:01', 'Shanmugam, MMC Executive'),
(1129, 'Customer Status Changed [ID: 6 Status(Active/Inactive): 0]', '2020-08-03 13:39:02', 'Shanmugam, MMC Executive'),
(1130, 'Customer Status Changed [ID: 84 Status(Active/Inactive): 0]', '2020-08-03 13:39:03', 'Shanmugam, MMC Executive'),
(1131, 'Customer Status Changed [ID: 102 Status(Active/Inactive): 0]', '2020-08-03 13:39:04', 'Shanmugam, MMC Executive'),
(1132, 'Customer Status Changed [ID: 14 Status(Active/Inactive): 0]', '2020-08-03 13:39:04', 'Shanmugam, MMC Executive'),
(1133, 'Customer Status Changed [ID: 102 Status(Active/Inactive): 1]', '2020-08-03 13:39:08', 'Shanmugam, MMC Executive'),
(1134, 'Customer Status Changed [ID: 11 Status(Active/Inactive): 1]', '2020-08-03 13:39:10', 'Shanmugam, MMC Executive'),
(1135, 'Customer Status Changed [ID: 5 Status(Active/Inactive): 0]', '2020-08-03 13:39:15', 'Shanmugam, MMC Executive'),
(1136, 'Customer Status Changed [ID: 9 Status(Active/Inactive): 0]', '2020-08-03 13:39:16', 'Shanmugam, MMC Executive'),
(1137, 'Customer Status Changed [ID: 12 Status(Active/Inactive): 0]', '2020-08-03 13:39:17', 'Shanmugam, MMC Executive'),
(1138, 'Customer Status Changed [ID: 95 Status(Active/Inactive): 0]', '2020-08-03 13:39:18', 'Shanmugam, MMC Executive'),
(1139, 'Customer Status Changed [ID: 74 Status(Active/Inactive): 0]', '2020-08-03 13:39:20', 'Shanmugam, MMC Executive'),
(1140, 'Customer Status Changed [ID: 32 Status(Active/Inactive): 0]', '2020-08-03 13:39:21', 'Shanmugam, MMC Executive'),
(1141, 'Customer Status Changed [ID: 90 Status(Active/Inactive): 0]', '2020-08-03 13:39:21', 'Shanmugam, MMC Executive'),
(1142, 'Customer Status Changed [ID: 104 Status(Active/Inactive): 0]', '2020-08-03 13:39:22', 'Shanmugam, MMC Executive'),
(1143, 'Customer Status Changed [ID: 3 Status(Active/Inactive): 0]', '2020-08-03 13:39:23', 'Shanmugam, MMC Executive'),
(1144, 'Customer Status Changed [ID: 4 Status(Active/Inactive): 0]', '2020-08-03 13:39:24', 'Shanmugam, MMC Executive'),
(1145, 'Customer Status Changed [ID: 78 Status(Active/Inactive): 0]', '2020-08-03 13:39:26', 'Shanmugam, MMC Executive'),
(1146, 'Customer Status Changed [ID: 10 Status(Active/Inactive): 0]', '2020-08-03 13:39:26', 'Shanmugam, MMC Executive'),
(1147, 'Customer Status Changed [ID: 97 Status(Active/Inactive): 0]', '2020-08-03 13:39:27', 'Shanmugam, MMC Executive'),
(1148, 'Customer Status Changed [ID: 7 Status(Active/Inactive): 0]', '2020-08-03 13:39:28', 'Shanmugam, MMC Executive'),
(1149, 'Customer Status Changed [ID: 44 Status(Active/Inactive): 0]', '2020-08-03 13:39:49', 'Shanmugam, MMC Executive'),
(1150, 'Customer Status Changed [ID: 45 Status(Active/Inactive): 0]', '2020-08-03 13:39:49', 'Shanmugam, MMC Executive'),
(1151, 'Customer Status Changed [ID: 46 Status(Active/Inactive): 0]', '2020-08-03 13:39:50', 'Shanmugam, MMC Executive'),
(1152, 'Customer Status Changed [ID: 61 Status(Active/Inactive): 0]', '2020-08-03 13:39:50', 'Shanmugam, MMC Executive'),
(1153, 'Customer Status Changed [ID: 47 Status(Active/Inactive): 0]', '2020-08-03 13:39:52', 'Shanmugam, MMC Executive'),
(1154, 'Customer Status Changed [ID: 48 Status(Active/Inactive): 0]', '2020-08-03 13:39:52', 'Shanmugam, MMC Executive'),
(1155, 'Customer Status Changed [ID: 49 Status(Active/Inactive): 0]', '2020-08-03 13:39:53', 'Shanmugam, MMC Executive'),
(1156, 'Customer Status Changed [ID: 50 Status(Active/Inactive): 0]', '2020-08-03 13:39:54', 'Shanmugam, MMC Executive'),
(1157, 'Customer Status Changed [ID: 51 Status(Active/Inactive): 0]', '2020-08-03 13:39:55', 'Shanmugam, MMC Executive'),
(1158, 'Customer Status Changed [ID: 64 Status(Active/Inactive): 0]', '2020-08-03 13:39:55', 'Shanmugam, MMC Executive'),
(1159, 'Customer Status Changed [ID: 65 Status(Active/Inactive): 0]', '2020-08-03 13:39:56', 'Shanmugam, MMC Executive'),
(1160, 'Customer Status Changed [ID: 66 Status(Active/Inactive): 0]', '2020-08-03 13:39:58', 'Shanmugam, MMC Executive'),
(1161, 'Customer Status Changed [ID: 67 Status(Active/Inactive): 0]', '2020-08-03 13:39:58', 'Shanmugam, MMC Executive'),
(1162, 'Customer Status Changed [ID: 68 Status(Active/Inactive): 0]', '2020-08-03 13:39:59', 'Shanmugam, MMC Executive'),
(1163, 'Customer Status Changed [ID: 69 Status(Active/Inactive): 0]', '2020-08-03 13:40:00', 'Shanmugam, MMC Executive'),
(1164, 'Customer Status Changed [ID: 70 Status(Active/Inactive): 0]', '2020-08-03 13:40:01', 'Shanmugam, MMC Executive'),
(1165, 'Customer Status Changed [ID: 71 Status(Active/Inactive): 0]', '2020-08-03 13:40:03', 'Shanmugam, MMC Executive'),
(1166, 'Customer Status Changed [ID: 73 Status(Active/Inactive): 0]', '2020-08-03 13:40:04', 'Shanmugam, MMC Executive'),
(1167, 'Customer Status Changed [ID: 75 Status(Active/Inactive): 0]', '2020-08-03 13:40:05', 'Shanmugam, MMC Executive'),
(1168, 'Customer Status Changed [ID: 76 Status(Active/Inactive): 0]', '2020-08-03 13:40:06', 'Shanmugam, MMC Executive'),
(1169, 'Customer Status Changed [ID: 77 Status(Active/Inactive): 0]', '2020-08-03 13:40:07', 'Shanmugam, MMC Executive'),
(1170, 'Customer Status Changed [ID: 79 Status(Active/Inactive): 0]', '2020-08-03 13:40:08', 'Shanmugam, MMC Executive'),
(1171, 'Customer Status Changed [ID: 80 Status(Active/Inactive): 0]', '2020-08-03 13:40:08', 'Shanmugam, MMC Executive'),
(1172, 'Customer Status Changed [ID: 81 Status(Active/Inactive): 0]', '2020-08-03 13:40:09', 'Shanmugam, MMC Executive');
INSERT INTO `tblactivity_log` (`id`, `description`, `date`, `staffid`) VALUES
(1173, 'Customer Status Changed [ID: 82 Status(Active/Inactive): 0]', '2020-08-03 13:40:10', 'Shanmugam, MMC Executive'),
(1174, 'Customer Status Changed [ID: 1 Status(Active/Inactive): 0]', '2020-08-03 13:40:37', 'Shanmugam, MMC Executive'),
(1175, 'Customer Status Changed [ID: 100 Status(Active/Inactive): 0]', '2020-08-03 13:40:39', 'Shanmugam, MMC Executive'),
(1176, 'Customer Status Changed [ID: 101 Status(Active/Inactive): 0]', '2020-08-03 13:40:40', 'Shanmugam, MMC Executive'),
(1177, 'Tried to access page where don\'t have permission [staff]', '2020-08-03 14:08:33', 'Sivaneswaran Executive'),
(1178, 'Tried to access page where don\'t have permission [staff]', '2020-08-03 14:37:06', 'Sivaneswaran Executive'),
(1179, 'Tried to access page where don\'t have permission [staff]', '2020-08-03 15:12:42', 'Sivaneswaran Executive'),
(1180, 'Tried to access page where don\'t have permission [staff]', '2020-08-04 11:28:40', 'Sivaneswaran Executive');

-- --------------------------------------------------------

--
-- Table structure for table `tblannouncements`
--

CREATE TABLE `tblannouncements` (
  `announcementid` int(11) NOT NULL,
  `name` varchar(191) NOT NULL,
  `message` text DEFAULT NULL,
  `showtousers` int(11) NOT NULL,
  `showtostaff` int(11) NOT NULL,
  `showname` int(11) NOT NULL,
  `dateadded` datetime NOT NULL,
  `userid` varchar(100) NOT NULL
) ENGINE=InnoDB DEFAULT CHARSET=utf8;

-- --------------------------------------------------------

--
-- Table structure for table `tblclients`
--

CREATE TABLE `tblclients` (
  `userid` int(11) NOT NULL,
  `company` varchar(191) DEFAULT NULL,
  `vat` varchar(50) DEFAULT NULL,
  `phonenumber` varchar(30) DEFAULT NULL,
  `country` int(11) NOT NULL DEFAULT 0,
  `city` varchar(100) DEFAULT NULL,
  `zip` varchar(15) DEFAULT NULL,
  `state` varchar(50) DEFAULT NULL,
  `address` varchar(100) DEFAULT NULL,
  `website` varchar(150) DEFAULT NULL,
  `datecreated` datetime NOT NULL,
  `active` int(11) NOT NULL DEFAULT 1,
  `leadid` int(11) DEFAULT NULL,
  `billing_street` varchar(200) DEFAULT NULL,
  `billing_city` varchar(100) DEFAULT NULL,
  `billing_state` varchar(100) DEFAULT NULL,
  `billing_zip` varchar(100) DEFAULT NULL,
  `billing_country` int(11) DEFAULT 0,
  `shipping_street` varchar(200) DEFAULT NULL,
  `shipping_city` varchar(100) DEFAULT NULL,
  `shipping_state` varchar(100) DEFAULT NULL,
  `shipping_zip` varchar(100) DEFAULT NULL,
  `shipping_country` int(11) DEFAULT 0,
  `longitude` varchar(191) DEFAULT NULL,
  `latitude` varchar(191) DEFAULT NULL,
  `default_language` varchar(40) DEFAULT NULL,
  `default_currency` int(11) NOT NULL DEFAULT 0,
  `show_primary_contact` int(11) NOT NULL DEFAULT 0,
  `stripe_id` varchar(40) DEFAULT NULL,
  `registration_confirmed` int(11) NOT NULL DEFAULT 1,
  `addedfrom` int(11) NOT NULL DEFAULT 0
) ENGINE=InnoDB DEFAULT CHARSET=utf8;

--
-- Dumping data for table `tblclients`
--

INSERT INTO `tblclients` (`userid`, `company`, `vat`, `phonenumber`, `country`, `city`, `zip`, `state`, `address`, `website`, `datecreated`, `active`, `leadid`, `billing_street`, `billing_city`, `billing_state`, `billing_zip`, `billing_country`, `shipping_street`, `shipping_city`, `shipping_state`, `shipping_zip`, `shipping_country`, `longitude`, `latitude`, `default_language`, `default_currency`, `show_primary_contact`, `stripe_id`, `registration_confirmed`, `addedfrom`) VALUES
(1, 'TTS', '12345', '9876543210', 102, 'Madurai', '625001', 'Tamil nadu', 'No 18, West street', 'http://www.test.com', '2019-12-13 11:21:20', 0, NULL, '', '', '', '', 0, '', '', '', '', 0, NULL, NULL, '', 0, 0, NULL, 1, 1),
(2, 'Sundara Kumar', '', '', 8, '', '', '', '', '', '2019-12-13 15:32:27', 1, NULL, '', '', '', '', 0, '', '', '', '', 0, NULL, NULL, 'chinese', 1, 0, NULL, 1, 4),
(3, 'Organization 0228', '', '', 0, '', '', '', '', '', '2020-02-28 09:58:40', 0, NULL, '', '', '', '', 0, '', '', '', '', 0, NULL, NULL, '', 0, 0, NULL, 1, 1),
(4, 'Organization 0229', '', '', 0, '', '', '', '', '', '2020-02-28 10:33:42', 0, NULL, '', '', '', '', 0, '', '', '', '', 0, NULL, NULL, '', 0, 0, NULL, 1, 1),
(5, 'Bion Life Science', NULL, NULL, 0, NULL, NULL, NULL, NULL, NULL, '2020-03-10 13:56:16', 0, NULL, NULL, NULL, NULL, NULL, 0, NULL, NULL, NULL, NULL, 0, NULL, NULL, NULL, 0, 0, NULL, 1, 1),
(6, 'Bacfo Pharmaceuticals, Delhi', NULL, NULL, 0, NULL, NULL, NULL, NULL, NULL, '2020-03-12 11:03:49', 0, NULL, NULL, NULL, NULL, NULL, 0, NULL, NULL, NULL, NULL, 0, NULL, NULL, NULL, 0, 0, NULL, 1, 1),
(7, 'Planet Pharma', NULL, NULL, 0, NULL, NULL, NULL, NULL, NULL, '2020-03-13 17:09:03', 0, NULL, NULL, NULL, NULL, NULL, 0, NULL, NULL, NULL, NULL, 0, NULL, NULL, NULL, 0, 0, NULL, 1, 1),
(8, 'Planet Pharma test', NULL, NULL, 0, NULL, NULL, NULL, NULL, NULL, '2020-03-17 17:24:05', 1, NULL, NULL, NULL, NULL, NULL, 0, NULL, NULL, NULL, NULL, 0, NULL, NULL, NULL, 0, 0, NULL, 1, 1),
(9, 'Cadilla Pharma', NULL, NULL, 0, NULL, NULL, NULL, NULL, NULL, '2020-03-18 11:15:11', 0, NULL, NULL, NULL, NULL, NULL, 0, NULL, NULL, NULL, NULL, 0, NULL, NULL, NULL, 0, 0, NULL, 1, 1),
(10, 'Pharm Evo P Ltd', NULL, NULL, 0, NULL, NULL, NULL, NULL, NULL, '2020-03-21 11:59:16', 0, NULL, NULL, NULL, NULL, NULL, 0, NULL, NULL, NULL, NULL, 0, NULL, NULL, NULL, 0, 0, NULL, 1, 1),
(11, 'Aimil Pharmaceuticals', '', '', 0, 'Delhi', '', 'Delhi', '', '', '2020-03-24 11:48:18', 1, NULL, '', '', '', '', 0, '', '', '', '', 0, NULL, NULL, '', 0, 0, NULL, 1, 1),
(12, 'Digital World,  Baramulla, Jammukashmir,', NULL, NULL, 0, NULL, NULL, NULL, NULL, NULL, '2020-03-25 21:27:40', 0, NULL, NULL, NULL, NULL, NULL, 0, NULL, NULL, NULL, NULL, 0, NULL, NULL, NULL, 0, 0, NULL, 1, 1),
(13, ' New Pharma', NULL, NULL, 0, NULL, NULL, NULL, NULL, NULL, '2020-03-26 07:19:03', 0, NULL, NULL, NULL, NULL, NULL, 0, NULL, NULL, NULL, NULL, 0, NULL, NULL, NULL, 0, 0, NULL, 1, 1),
(14, 'Bindu Pharma - Organi', '', '', 102, 'Chennai', '600091', 'Tamil Nadu', '', 'bindupharma.com', '2020-03-26 09:33:09', 0, NULL, '', '', '', '', 0, '', '', '', '', 0, '80.202190', '12.960000', 'english', 1, 0, NULL, 1, 1),
(15, 'QUE Pharma Pvt Ltd, Surendranagar ', NULL, NULL, 0, NULL, NULL, NULL, NULL, NULL, '2020-03-26 09:57:28', 1, NULL, NULL, NULL, NULL, NULL, 0, NULL, NULL, NULL, NULL, 0, NULL, NULL, NULL, 0, 0, NULL, 1, 1),
(16, '3A PHARMACEUTICALS / Seetha', '', '', 0, '', '', '', '', '', '2020-03-26 10:11:12', 0, NULL, '', '', '', '', 0, '', '', '', '', 0, NULL, NULL, NULL, 0, 0, NULL, 1, 1),
(17, '3G LIFE SCIENCES PVT.LTD', NULL, NULL, 0, NULL, NULL, NULL, NULL, NULL, '2020-03-26 10:40:42', 0, NULL, NULL, NULL, NULL, NULL, 0, NULL, NULL, NULL, NULL, 0, NULL, NULL, NULL, 0, 0, NULL, 1, 1),
(18, '3M ESPE DENTAL PROFESSIONALS', NULL, NULL, 0, NULL, NULL, NULL, NULL, NULL, '2020-03-26 12:08:45', 0, NULL, NULL, NULL, NULL, NULL, 0, NULL, NULL, NULL, NULL, 0, NULL, NULL, NULL, 0, 0, NULL, 1, 1),
(19, '4 CARE LIFESCIENCE PVT LTD', NULL, NULL, 0, NULL, NULL, NULL, NULL, NULL, '2020-03-26 12:10:22', 0, NULL, NULL, NULL, NULL, NULL, 0, NULL, NULL, NULL, NULL, 0, NULL, NULL, NULL, 0, 0, NULL, 1, 1),
(20, 'A D PHARMA', NULL, NULL, 0, NULL, NULL, NULL, NULL, NULL, '2020-03-26 12:11:25', 0, NULL, NULL, NULL, NULL, NULL, 0, NULL, NULL, NULL, NULL, 0, '80.202190', '12.960000', NULL, 0, 0, NULL, 1, 1),
(21, 'A ONE PHARMA PVT.LTD', NULL, NULL, 0, NULL, NULL, NULL, NULL, NULL, '2020-03-26 12:20:31', 0, NULL, NULL, NULL, NULL, NULL, 0, NULL, NULL, NULL, NULL, 0, NULL, NULL, NULL, 0, 0, NULL, 1, 1),
(22, 'A ONE PHARMA PVT.LTD', NULL, NULL, 0, NULL, NULL, NULL, NULL, NULL, '2020-03-26 12:20:32', 0, NULL, NULL, NULL, NULL, NULL, 0, NULL, NULL, NULL, NULL, 0, NULL, NULL, NULL, 0, 0, NULL, 1, 1),
(23, 'A S PHARMA', NULL, NULL, 0, NULL, NULL, NULL, NULL, NULL, '2020-03-26 12:22:16', 0, NULL, NULL, NULL, NULL, NULL, 0, NULL, NULL, NULL, NULL, 0, NULL, NULL, NULL, 0, 0, NULL, 1, 1),
(24, 'A TO Z PHARMACEUTICALS PVT LTD', NULL, NULL, 0, NULL, NULL, NULL, NULL, NULL, '2020-03-26 12:23:37', 0, NULL, NULL, NULL, NULL, NULL, 0, NULL, NULL, NULL, NULL, 0, NULL, NULL, NULL, 0, 0, NULL, 1, 1),
(25, 'A.N.PHARMACIA', NULL, NULL, 0, NULL, NULL, NULL, NULL, NULL, '2020-03-26 12:24:34', 0, NULL, NULL, NULL, NULL, NULL, 0, NULL, NULL, NULL, NULL, 0, NULL, NULL, NULL, 0, 0, NULL, 1, 1),
(26, 'AAA PHARMACEUTICALS PVT LTD', NULL, NULL, 0, NULL, NULL, NULL, NULL, NULL, '2020-03-26 12:25:57', 0, NULL, NULL, NULL, NULL, NULL, 0, NULL, NULL, NULL, NULL, 0, NULL, NULL, NULL, 0, 0, NULL, 1, 1),
(27, 'AABTAC LIFECARE PVT. LTD.', NULL, NULL, 0, NULL, NULL, NULL, NULL, NULL, '2020-03-26 12:27:44', 0, NULL, NULL, NULL, NULL, NULL, 0, NULL, NULL, NULL, NULL, 0, NULL, NULL, NULL, 0, 0, NULL, 1, 1),
(28, 'AABTAC LIFECARE PVT. LTD', NULL, NULL, 0, NULL, NULL, NULL, NULL, NULL, '2020-03-26 12:29:52', 0, NULL, NULL, NULL, NULL, NULL, 0, NULL, NULL, NULL, NULL, 0, NULL, NULL, NULL, 0, 0, NULL, 1, 1),
(29, 'AAGAM LIFE SCIENCES PVT.LTD', NULL, NULL, 0, NULL, NULL, NULL, NULL, NULL, '2020-03-26 12:31:08', 0, NULL, NULL, NULL, NULL, NULL, 0, NULL, NULL, NULL, NULL, 0, NULL, NULL, NULL, 0, 0, NULL, 1, 1),
(30, 'AALTRAMED HEALTHCARE', NULL, NULL, 0, NULL, NULL, NULL, NULL, NULL, '2020-03-26 12:32:03', 0, NULL, NULL, NULL, NULL, NULL, 0, NULL, NULL, NULL, NULL, 0, NULL, NULL, NULL, 0, 0, NULL, 1, 1),
(31, 'AALTRAMED HEALTHCARE', NULL, NULL, 0, NULL, NULL, NULL, NULL, NULL, '2020-03-26 12:33:45', 0, NULL, NULL, NULL, NULL, NULL, 0, NULL, NULL, NULL, NULL, 0, NULL, NULL, NULL, 0, 0, NULL, 1, 1),
(32, 'maulik shah', NULL, NULL, 0, NULL, NULL, NULL, NULL, NULL, '2020-03-26 12:35:22', 0, NULL, NULL, NULL, NULL, NULL, 0, NULL, NULL, NULL, NULL, 0, NULL, NULL, NULL, 0, 0, NULL, 1, 1),
(33, 'AAN PHARMA PVT.LTD', NULL, NULL, 0, NULL, NULL, NULL, NULL, NULL, '2020-03-26 12:35:36', 0, NULL, NULL, NULL, NULL, NULL, 0, NULL, NULL, NULL, NULL, 0, NULL, NULL, NULL, 0, 0, NULL, 1, 1),
(34, 'AANA PHARMA', NULL, NULL, 0, NULL, NULL, NULL, NULL, NULL, '2020-03-26 12:36:59', 0, NULL, NULL, NULL, NULL, NULL, 0, NULL, NULL, NULL, NULL, 0, NULL, NULL, NULL, 0, 0, NULL, 1, 1),
(35, 'AANJANEYA LIFECARE LIMITED', NULL, NULL, 0, NULL, NULL, NULL, NULL, NULL, '2020-03-26 12:38:19', 0, NULL, NULL, NULL, NULL, NULL, 0, NULL, NULL, NULL, NULL, 0, NULL, NULL, NULL, 0, 0, NULL, 1, 1),
(36, 'AAR ESS REMEDIES PVT LTD', NULL, NULL, 0, NULL, NULL, NULL, NULL, NULL, '2020-03-26 12:46:47', 0, NULL, NULL, NULL, NULL, NULL, 0, NULL, NULL, NULL, NULL, 0, NULL, NULL, NULL, 0, 0, NULL, 1, 1),
(37, 'AAREEN HEALTHCARE', NULL, NULL, 0, NULL, NULL, NULL, NULL, NULL, '2020-03-26 12:48:06', 0, NULL, NULL, NULL, NULL, NULL, 0, NULL, NULL, NULL, NULL, 0, NULL, NULL, NULL, 0, 0, NULL, 1, 1),
(38, 'AARGE DRUGS PVT LTD', NULL, NULL, 0, NULL, NULL, NULL, NULL, NULL, '2020-03-26 12:53:18', 0, NULL, NULL, NULL, NULL, NULL, 0, NULL, NULL, NULL, NULL, 0, NULL, NULL, NULL, 0, 0, NULL, 1, 1),
(39, 'AARIN LIFE SCIENCE PVT.LTD', NULL, NULL, 0, NULL, NULL, NULL, NULL, NULL, '2020-03-26 12:54:34', 0, NULL, NULL, NULL, NULL, NULL, 0, NULL, NULL, NULL, NULL, 0, NULL, NULL, NULL, 0, 0, NULL, 1, 1),
(40, 'AARKIOS HEALTH PRIVATE LTD', NULL, NULL, 0, NULL, NULL, NULL, NULL, NULL, '2020-03-26 12:56:12', 0, NULL, NULL, NULL, NULL, NULL, 0, NULL, NULL, NULL, NULL, 0, NULL, NULL, NULL, 0, 0, NULL, 1, 1),
(41, 'AARON BIOTEC PVT.LTD', NULL, NULL, 0, NULL, NULL, NULL, NULL, NULL, '2020-03-26 12:57:34', 0, NULL, NULL, NULL, NULL, NULL, 0, NULL, NULL, NULL, NULL, 0, NULL, NULL, NULL, 0, 0, NULL, 1, 1),
(42, 'AARON HEALTHCARE & EXPORT PVT.LTD', NULL, NULL, 0, NULL, NULL, NULL, NULL, NULL, '2020-03-26 12:58:52', 0, NULL, NULL, NULL, NULL, NULL, 0, NULL, NULL, NULL, NULL, 0, NULL, NULL, NULL, 0, 0, NULL, 1, 1),
(43, 'AARPIK PHARMECUTICALS PVT LTD', NULL, NULL, 0, NULL, NULL, NULL, NULL, NULL, '2020-03-26 13:00:11', 0, NULL, NULL, NULL, NULL, NULL, 0, NULL, NULL, NULL, NULL, 0, NULL, NULL, NULL, 0, 0, NULL, 1, 1),
(44, 'AARSAN PHARMACEUTICALS PVT LTD', NULL, NULL, 0, NULL, NULL, NULL, NULL, NULL, '2020-03-26 13:01:24', 0, NULL, NULL, NULL, NULL, NULL, 0, NULL, NULL, NULL, NULL, 0, NULL, NULL, NULL, 0, 0, NULL, 1, 1),
(45, 'AARUX PHARMACEUTICALS PVT.LTD', NULL, NULL, 0, NULL, NULL, NULL, NULL, NULL, '2020-03-26 13:02:30', 0, NULL, NULL, NULL, NULL, NULL, 0, NULL, NULL, NULL, NULL, 0, NULL, NULL, NULL, 0, 0, NULL, 1, 1),
(46, 'AARYAN BIOCARE PVT.LTD', NULL, NULL, 0, NULL, NULL, NULL, NULL, NULL, '2020-03-26 13:03:50', 0, NULL, NULL, NULL, NULL, NULL, 0, NULL, NULL, NULL, NULL, 0, NULL, NULL, NULL, 0, 0, NULL, 1, 1),
(47, 'AASHRAY PHARMACEUTICALS PVT.LTD', NULL, NULL, 0, NULL, NULL, NULL, NULL, NULL, '2020-03-26 13:05:04', 0, NULL, NULL, NULL, NULL, NULL, 0, NULL, NULL, NULL, NULL, 0, NULL, NULL, NULL, 0, 0, NULL, 1, 1),
(48, 'AAURA CARE PHARMACEUTICAL PVT LTD', NULL, NULL, 0, NULL, NULL, NULL, NULL, NULL, '2020-03-26 13:11:59', 0, NULL, NULL, NULL, NULL, NULL, 0, NULL, NULL, NULL, NULL, 0, NULL, NULL, NULL, 0, 0, NULL, 1, 1),
(49, 'ABARIS HEALTHCARE', NULL, NULL, 0, NULL, NULL, NULL, NULL, NULL, '2020-03-26 13:17:28', 0, NULL, NULL, NULL, NULL, NULL, 0, NULL, NULL, NULL, NULL, 0, NULL, NULL, NULL, 0, 0, NULL, 1, 1),
(50, 'ABBEY HEALTH CARE PVT.LTD', NULL, NULL, 0, NULL, NULL, NULL, NULL, NULL, '2020-03-26 13:19:33', 0, NULL, NULL, NULL, NULL, NULL, 0, NULL, NULL, NULL, NULL, 0, NULL, NULL, NULL, 0, 0, NULL, 1, 1),
(51, 'ABBOTT HEALTHCARE PVT. LTD', NULL, NULL, 0, NULL, NULL, NULL, NULL, NULL, '2020-03-26 13:25:42', 0, NULL, NULL, NULL, NULL, NULL, 0, NULL, NULL, NULL, NULL, 0, NULL, NULL, NULL, 0, 0, NULL, 1, 1),
(52, '4 CARE LIFESCIENCE PVT LTD', NULL, NULL, 0, NULL, NULL, NULL, NULL, NULL, '2020-03-26 13:32:10', 0, NULL, NULL, NULL, NULL, NULL, 0, NULL, NULL, NULL, NULL, 0, NULL, NULL, NULL, 0, 0, NULL, 1, 1),
(53, 'A D PHARMA', NULL, NULL, 0, NULL, NULL, NULL, NULL, NULL, '2020-03-26 13:40:10', 0, NULL, NULL, NULL, NULL, NULL, 0, NULL, NULL, NULL, NULL, 0, NULL, NULL, NULL, 0, 0, NULL, 1, 1),
(54, 'A TO Z PHARMACEUTICALS PVT LTD', NULL, NULL, 0, NULL, NULL, NULL, NULL, NULL, '2020-03-26 13:42:21', 0, NULL, NULL, NULL, NULL, NULL, 0, NULL, NULL, NULL, NULL, 0, NULL, NULL, NULL, 0, 0, NULL, 1, 1),
(55, 'AAGAM LIFE SCIENCES PVT.LTD', NULL, NULL, 0, NULL, NULL, NULL, NULL, NULL, '2020-03-26 13:44:16', 0, NULL, NULL, NULL, NULL, NULL, 0, NULL, NULL, NULL, NULL, 0, NULL, NULL, NULL, 0, 0, NULL, 1, 1),
(56, 'AANA PHARMA', '', '', 0, '', '', '', '', '', '2020-03-26 13:46:00', 0, NULL, '', '', '', '', 0, '', '', '', '', 0, NULL, NULL, '', 0, 0, NULL, 1, 1),
(57, 'AAR ESS REMEDIES PVT LTD', NULL, NULL, 0, NULL, NULL, NULL, NULL, NULL, '2020-03-26 13:47:42', 0, NULL, NULL, NULL, NULL, NULL, 0, NULL, NULL, NULL, NULL, 0, NULL, NULL, NULL, 0, 0, NULL, 1, 1),
(58, 'AARON BIOTEC PVT.LTD', NULL, NULL, 0, NULL, NULL, NULL, NULL, NULL, '2020-03-26 13:49:52', 0, NULL, NULL, NULL, NULL, NULL, 0, NULL, NULL, NULL, NULL, 0, NULL, NULL, NULL, 0, 0, NULL, 1, 1),
(59, 'AARON HEALTHCARE & EXPORT PVT.LTD', NULL, NULL, 0, NULL, NULL, NULL, NULL, NULL, '2020-03-26 13:51:31', 0, NULL, NULL, NULL, NULL, NULL, 0, NULL, NULL, NULL, NULL, 0, NULL, NULL, NULL, 0, 0, NULL, 1, 1),
(61, 'AARYAN BIOCARE PVT.LTD', NULL, NULL, 0, NULL, NULL, NULL, NULL, NULL, '2020-03-26 13:55:04', 0, NULL, NULL, NULL, NULL, NULL, 0, NULL, NULL, NULL, NULL, 0, NULL, NULL, NULL, 0, 0, NULL, 1, 1),
(62, 'ABBEY HEALTH CARE PVT.LTD', NULL, NULL, 0, NULL, NULL, NULL, NULL, NULL, '2020-03-26 13:57:10', 0, NULL, NULL, NULL, NULL, NULL, 0, NULL, NULL, NULL, NULL, 0, NULL, NULL, NULL, 0, 0, NULL, 1, 1),
(63, 'ABBOTT HEALTHCARE PVT. LTD', NULL, NULL, 0, NULL, NULL, NULL, NULL, NULL, '2020-03-26 13:58:49', 0, NULL, NULL, NULL, NULL, NULL, 0, NULL, NULL, NULL, NULL, 0, NULL, NULL, NULL, 0, 0, NULL, 1, 1),
(64, 'ABHINAV HEALTHCARE PRODUCTS PVT.LTD', NULL, NULL, 0, NULL, NULL, NULL, NULL, NULL, '2020-03-26 16:17:38', 0, NULL, NULL, NULL, NULL, NULL, 0, NULL, NULL, NULL, NULL, 0, NULL, NULL, NULL, 0, 0, NULL, 1, 1),
(65, 'ABHINCO PHARMA PVT.LTD', NULL, NULL, 0, NULL, NULL, NULL, NULL, NULL, '2020-03-26 16:19:16', 0, NULL, NULL, NULL, NULL, NULL, 0, NULL, NULL, NULL, NULL, 0, NULL, NULL, NULL, 0, 0, NULL, 1, 1),
(66, 'ABIBA PHARMACIA PVT.LTD', NULL, NULL, 0, NULL, NULL, NULL, NULL, NULL, '2020-03-26 16:21:12', 0, NULL, NULL, NULL, NULL, NULL, 0, NULL, NULL, NULL, NULL, 0, NULL, NULL, NULL, 0, 0, NULL, 1, 1),
(67, 'ABKA PHARMACARE PVTLTD', NULL, NULL, 0, NULL, NULL, NULL, NULL, NULL, '2020-03-26 16:25:15', 0, NULL, NULL, NULL, NULL, NULL, 0, NULL, NULL, NULL, NULL, 0, NULL, NULL, NULL, 0, 0, NULL, 1, 1),
(68, 'ABM PHARMA PVT.LTD', NULL, NULL, 0, NULL, NULL, NULL, NULL, NULL, '2020-03-26 16:26:55', 0, NULL, NULL, NULL, NULL, NULL, 0, NULL, NULL, NULL, NULL, 0, NULL, NULL, NULL, 0, 0, NULL, 1, 1),
(69, 'ABN DRUGS', NULL, NULL, 0, NULL, NULL, NULL, NULL, NULL, '2020-03-26 16:27:59', 0, NULL, NULL, NULL, NULL, NULL, 0, NULL, NULL, NULL, NULL, 0, NULL, NULL, NULL, 0, 0, NULL, 1, 1),
(70, 'ABR DRUGS PVT LTD', NULL, NULL, 0, NULL, NULL, NULL, NULL, NULL, '2020-03-26 16:30:11', 0, NULL, NULL, NULL, NULL, NULL, 0, NULL, NULL, NULL, NULL, 0, NULL, NULL, NULL, 0, 0, NULL, 1, 1),
(71, 'ACCILEX NUTRICORP LTD', NULL, NULL, 0, NULL, NULL, NULL, NULL, NULL, '2020-03-26 16:32:38', 0, NULL, NULL, NULL, NULL, NULL, 0, NULL, NULL, NULL, NULL, 0, NULL, NULL, NULL, 0, 0, NULL, 1, 1),
(72, 'ACCILEX NUTRICORP LTD', NULL, NULL, 0, NULL, NULL, NULL, NULL, NULL, '2020-03-26 16:34:35', 0, NULL, NULL, NULL, NULL, NULL, 0, NULL, NULL, NULL, NULL, 0, NULL, NULL, NULL, 0, 0, NULL, 1, 1),
(73, 'ACCLIMATE PHARMA PVT.LTD', NULL, NULL, 0, NULL, NULL, NULL, NULL, NULL, '2020-03-26 16:35:23', 0, NULL, NULL, NULL, NULL, NULL, 0, NULL, NULL, NULL, NULL, 0, NULL, NULL, NULL, 0, 0, NULL, 1, 1),
(74, 'MANISHA MEHROTRA', NULL, NULL, 0, NULL, NULL, NULL, NULL, NULL, '2020-03-26 16:41:04', 0, NULL, NULL, NULL, NULL, NULL, 0, NULL, NULL, NULL, NULL, 0, NULL, NULL, NULL, 0, 0, NULL, 1, 1),
(75, 'ACCOSTS REMEDIES PVT LTD', NULL, NULL, 0, NULL, NULL, NULL, NULL, NULL, '2020-03-26 16:41:34', 0, NULL, NULL, NULL, NULL, NULL, 0, NULL, NULL, NULL, NULL, 0, NULL, NULL, NULL, 0, 0, NULL, 1, 1),
(76, 'ACCURA CARE PHARMACEUTICALS PVT LTD', NULL, NULL, 0, NULL, NULL, NULL, NULL, NULL, '2020-03-26 16:53:20', 0, NULL, NULL, NULL, NULL, NULL, 0, NULL, NULL, NULL, NULL, 0, NULL, NULL, NULL, 0, 0, NULL, 1, 1),
(77, 'ACCURATE PHARMACEUTICALS', NULL, NULL, 0, NULL, NULL, NULL, NULL, NULL, '2020-03-26 16:54:34', 0, NULL, NULL, NULL, NULL, NULL, 0, NULL, NULL, NULL, NULL, 0, NULL, NULL, NULL, 0, 0, NULL, 1, 1),
(78, 'Pawan Kumar Goyal', NULL, NULL, 0, NULL, NULL, NULL, NULL, NULL, '2020-03-26 16:55:48', 0, NULL, NULL, NULL, NULL, NULL, 0, NULL, NULL, NULL, NULL, 0, NULL, NULL, NULL, 0, 0, NULL, 1, 1),
(79, 'ACE REMEDIES PRIVATE LIMITED', NULL, NULL, 0, NULL, NULL, NULL, NULL, NULL, '2020-03-26 16:55:58', 0, NULL, NULL, NULL, NULL, NULL, 0, NULL, NULL, NULL, NULL, 0, NULL, NULL, NULL, 0, 0, NULL, 1, 1),
(80, 'ACELA HEALTHCARE PVTLTD', NULL, NULL, 0, NULL, NULL, NULL, NULL, NULL, '2020-03-26 16:57:36', 0, NULL, NULL, NULL, NULL, NULL, 0, NULL, NULL, NULL, NULL, 0, NULL, NULL, NULL, 0, 0, NULL, 1, 1),
(81, 'ACHIEVA HEALTHCARE', NULL, NULL, 0, NULL, NULL, NULL, NULL, NULL, '2020-03-26 16:58:42', 0, NULL, NULL, NULL, NULL, NULL, 0, NULL, NULL, NULL, NULL, 0, NULL, NULL, NULL, 0, 0, NULL, 1, 1),
(82, 'ACICHEM LABORATORIES', NULL, NULL, 0, NULL, NULL, NULL, NULL, NULL, '2020-03-26 16:59:52', 0, NULL, NULL, NULL, NULL, NULL, 0, NULL, NULL, NULL, NULL, 0, NULL, NULL, NULL, 0, 0, NULL, 1, 1),
(83, 'ACICHEM LABORATORIES', NULL, NULL, 0, NULL, NULL, NULL, NULL, NULL, '2020-03-26 17:05:10', 0, NULL, NULL, NULL, NULL, NULL, 0, NULL, NULL, NULL, NULL, 0, NULL, NULL, NULL, 0, 0, NULL, 1, 1),
(84, 'BAPPADITYA MAJUMDAR', NULL, NULL, 0, NULL, NULL, NULL, NULL, NULL, '2020-03-26 17:06:50', 0, NULL, NULL, NULL, NULL, NULL, 0, NULL, NULL, NULL, NULL, 0, NULL, NULL, NULL, 0, 0, NULL, 1, 1),
(85, 'ACILA PHARMACEUTICALS PVT. LTD', NULL, NULL, 0, NULL, NULL, NULL, NULL, NULL, '2020-03-26 17:07:23', 0, NULL, NULL, NULL, NULL, NULL, 0, NULL, NULL, NULL, NULL, 0, NULL, NULL, NULL, 0, 0, NULL, 1, 1),
(86, 'ACINOM HEALTHCARE PVT.LTD', NULL, NULL, 0, NULL, NULL, NULL, NULL, NULL, '2020-03-26 17:08:42', 0, NULL, NULL, NULL, NULL, NULL, 0, NULL, NULL, NULL, NULL, 0, NULL, NULL, NULL, 0, 0, NULL, 1, 1),
(87, 'ACINTA PHARMACEUTICALS PVT.LTD', NULL, NULL, 0, NULL, NULL, NULL, NULL, NULL, '2020-03-26 17:28:54', 0, NULL, NULL, NULL, NULL, NULL, 0, NULL, NULL, NULL, NULL, 0, NULL, NULL, NULL, 0, 0, NULL, 1, 1),
(88, 'ACME PHARMACEUTICALS', NULL, NULL, 0, NULL, NULL, NULL, NULL, NULL, '2020-03-26 17:30:12', 0, NULL, NULL, NULL, NULL, NULL, 0, NULL, NULL, NULL, NULL, 0, NULL, NULL, NULL, 0, 0, NULL, 1, 1),
(89, 'ACRON PHARMACEUTICALS', NULL, NULL, 0, NULL, NULL, NULL, NULL, NULL, '2020-03-26 17:31:50', 0, NULL, NULL, NULL, NULL, NULL, 0, NULL, NULL, NULL, NULL, 0, NULL, NULL, NULL, 0, 0, NULL, 1, 1),
(90, 'NANDLAL SHARMA', NULL, NULL, 0, NULL, NULL, NULL, NULL, NULL, '2020-03-26 17:36:02', 0, NULL, NULL, NULL, NULL, NULL, 0, NULL, NULL, NULL, NULL, 0, NULL, NULL, NULL, 0, 0, NULL, 1, 1),
(91, 'ACROSS LABORATORIES PVTLTD', NULL, NULL, 0, NULL, NULL, NULL, NULL, NULL, '2020-03-26 17:36:16', 0, NULL, NULL, NULL, NULL, NULL, 0, NULL, NULL, NULL, NULL, 0, NULL, NULL, NULL, 0, 0, NULL, 1, 1),
(92, 'ACS PHARMACEUTICALS PVT.LTD', NULL, NULL, 0, NULL, NULL, NULL, NULL, NULL, '2020-03-26 17:38:59', 0, NULL, NULL, NULL, NULL, NULL, 0, NULL, NULL, NULL, NULL, 0, NULL, NULL, NULL, 0, 0, NULL, 1, 1),
(94, 'Shadow Enterprises, Chennai', NULL, NULL, 0, NULL, NULL, NULL, NULL, NULL, '2020-04-04 11:01:22', 1, NULL, NULL, NULL, NULL, NULL, 0, NULL, NULL, NULL, NULL, 0, NULL, NULL, NULL, 0, 0, NULL, 1, 1),
(95, 'Dr. Reddys.', NULL, NULL, 0, NULL, NULL, NULL, NULL, NULL, '2020-04-07 12:43:49', 0, NULL, NULL, NULL, NULL, NULL, 0, NULL, NULL, NULL, NULL, 0, NULL, NULL, NULL, 0, 0, NULL, 1, 1),
(96, 'RND Laboratories', NULL, NULL, 0, NULL, NULL, NULL, NULL, NULL, '2020-04-07 14:25:48', 1, NULL, NULL, NULL, NULL, NULL, 0, NULL, NULL, NULL, NULL, 0, NULL, NULL, NULL, 0, 0, NULL, 1, 1),
(97, 'Pharmac', NULL, NULL, 0, NULL, NULL, NULL, NULL, NULL, '2020-04-08 16:45:19', 0, NULL, NULL, NULL, NULL, NULL, 0, NULL, NULL, NULL, NULL, 0, NULL, NULL, NULL, 0, 0, NULL, 1, 1),
(98, 'SAN Coffee', NULL, NULL, 0, NULL, NULL, NULL, NULL, NULL, '2020-05-02 11:49:41', 1, NULL, NULL, NULL, NULL, NULL, 0, NULL, NULL, NULL, NULL, 0, NULL, NULL, NULL, 0, 0, NULL, 1, 1),
(99, 'Sugana Chicken', '', '', 0, 'Hyderabad', '', 'Telangana', '', '', '2020-05-05 15:22:47', 1, NULL, '', '', '', '', 0, '', '', '', '', 0, NULL, NULL, '', 0, 0, NULL, 1, 1),
(100, 'suguna Chicken', NULL, NULL, 0, NULL, NULL, NULL, NULL, NULL, '2020-05-05 15:25:39', 0, NULL, NULL, NULL, NULL, NULL, 0, NULL, NULL, NULL, NULL, 0, NULL, NULL, NULL, 0, 0, NULL, 1, 1),
(101, 'suguna breeder', NULL, NULL, 0, NULL, NULL, NULL, NULL, NULL, '2020-05-05 15:39:37', 0, NULL, NULL, NULL, NULL, NULL, 0, NULL, NULL, NULL, NULL, 0, NULL, NULL, NULL, 0, 0, NULL, 1, 1),
(102, 'Beacon  / Siva', '', '+91 2637-265590', 102, 'Surat', '396424', 'Gujarat', 'Kabilpore, Navsari, Gujarat', 'https://www.beaconindia.com/', '2020-05-19 13:24:39', 1, NULL, '', '', '', '', 0, '', '', '', '', 0, '72.9797148', '20.9443834', 'english', 0, 0, NULL, 1, 1),
(103, 'SANeForce', '', '+919094033002', 102, 'Chennai', '600035', 'Tamil Nadu', 'NO.4 Chamiers Road', '', '2020-05-30 08:12:21', 1, NULL, '', '', '', '', 0, '', '', '', '', 0, NULL, NULL, 'english', 1, 0, NULL, 1, 1),
(104, 'Nirapara Foods', NULL, NULL, 0, NULL, NULL, NULL, NULL, NULL, '2020-07-29 12:06:44', 0, NULL, NULL, NULL, NULL, NULL, 0, NULL, NULL, NULL, NULL, 0, NULL, NULL, NULL, 0, 0, NULL, 1, 1);

-- --------------------------------------------------------

--
-- Table structure for table `tblconsents`
--

CREATE TABLE `tblconsents` (
  `id` int(11) NOT NULL,
  `action` varchar(10) NOT NULL,
  `date` datetime NOT NULL,
  `ip` varchar(40) NOT NULL,
  `contact_id` int(11) NOT NULL DEFAULT 0,
  `lead_id` int(11) NOT NULL DEFAULT 0,
  `description` text DEFAULT NULL,
  `opt_in_purpose_description` text DEFAULT NULL,
  `purpose_id` int(11) NOT NULL,
  `staff_name` varchar(100) DEFAULT NULL
) ENGINE=InnoDB DEFAULT CHARSET=utf8;

-- --------------------------------------------------------

--
-- Table structure for table `tblconsent_purposes`
--

CREATE TABLE `tblconsent_purposes` (
  `id` int(11) NOT NULL,
  `name` varchar(100) NOT NULL,
  `description` text DEFAULT NULL,
  `date_created` datetime NOT NULL,
  `last_updated` datetime DEFAULT NULL
) ENGINE=InnoDB DEFAULT CHARSET=utf8;

-- --------------------------------------------------------

--
-- Table structure for table `tblcontacts`
--

CREATE TABLE `tblcontacts` (
  `id` int(11) NOT NULL,
  `userid` int(11) NOT NULL,
  `userids` text NOT NULL,
  `is_primary` int(11) NOT NULL DEFAULT 1,
  `firstname` varchar(191) NOT NULL,
  `lastname` varchar(191) NOT NULL,
  `email` varchar(100) NOT NULL,
  `phonenumber` varchar(100) NOT NULL,
  `alternative_emails` text NOT NULL,
  `alternative_phonenumber` text NOT NULL,
  `title` varchar(100) DEFAULT NULL,
  `datecreated` datetime NOT NULL,
  `password` varchar(255) DEFAULT NULL,
  `new_pass_key` varchar(32) DEFAULT NULL,
  `new_pass_key_requested` datetime DEFAULT NULL,
  `email_verified_at` datetime DEFAULT NULL,
  `email_verification_key` varchar(32) DEFAULT NULL,
  `email_verification_sent_at` datetime DEFAULT NULL,
  `last_ip` varchar(40) DEFAULT NULL,
  `last_login` datetime DEFAULT NULL,
  `last_password_change` datetime DEFAULT NULL,
  `active` tinyint(1) NOT NULL DEFAULT 1,
  `profile_image` varchar(191) DEFAULT NULL,
  `direction` varchar(3) DEFAULT NULL,
  `invoice_emails` tinyint(1) NOT NULL DEFAULT 1,
  `estimate_emails` tinyint(1) NOT NULL DEFAULT 1,
  `credit_note_emails` tinyint(1) NOT NULL DEFAULT 1,
  `contract_emails` tinyint(1) NOT NULL DEFAULT 1,
  `task_emails` tinyint(1) NOT NULL DEFAULT 1,
  `project_emails` tinyint(1) NOT NULL DEFAULT 1,
  `ticket_emails` tinyint(1) NOT NULL DEFAULT 1
) ENGINE=InnoDB DEFAULT CHARSET=utf8;

--
-- Dumping data for table `tblcontacts`
--

INSERT INTO `tblcontacts` (`id`, `userid`, `userids`, `is_primary`, `firstname`, `lastname`, `email`, `phonenumber`, `alternative_emails`, `alternative_phonenumber`, `title`, `datecreated`, `password`, `new_pass_key`, `new_pass_key_requested`, `email_verified_at`, `email_verification_key`, `email_verification_sent_at`, `last_ip`, `last_login`, `last_password_change`, `active`, `profile_image`, `direction`, `invoice_emails`, `estimate_emails`, `credit_note_emails`, `contract_emails`, `task_emails`, `project_emails`, `ticket_emails`) VALUES
(1, 1, '', 1, 'Customer', 'Name', 'customer@tts.com', '9867451123', '', '', 'Lead', '2019-12-13 11:29:40', '$2a$08$wMZzn0PcdAcEigsnkFzSB.ImGcCq3sMA6Xgh41ASiWrJFBF4FVMsy', 'b41f1986e44994154536b70775345422', '2020-01-27 16:54:04', '2019-12-13 11:29:40', NULL, NULL, '192.168.15.1', '2019-12-13 11:35:19', '2019-12-13 11:35:01', 1, NULL, 'ltr', 1, 1, 1, 1, 1, 1, 1),
(2, 2, '2', 0, 'Sundara Kumar', 'person', 'md@gmail.com', '9865741236', '', '', 'MD', '2020-02-12 16:44:22', '$2a$08$R9yiPeAd3tYH5hBCPbjLTeK8TLJJRfuOWzBJf/buYpKATzHK7IJ7C', '0a6f8f904e176e31f8862a2f5d27ad28', '2020-03-20 09:10:44', '2020-02-12 16:44:22', NULL, NULL, NULL, NULL, NULL, 1, NULL, NULL, 0, 0, 0, 0, 0, 0, 0),
(3, 2, '2', 0, 'Arjundurai', 'Rajasankar', 'arjun111@gmail.com', '', '', '', '', '2020-02-27 16:25:04', '$2a$08$E6uxFn1umxaV1VT412rqCutGT/1Z8O5Uw87E1qkjLqti5fLDLXeD.', '135bfe3a9313471bc60116d1e79b5d47', '2020-03-10 12:10:22', '2020-02-27 16:25:04', NULL, NULL, NULL, NULL, NULL, 1, NULL, NULL, 0, 0, 0, 0, 0, 0, 0),
(4, 3, '3', 1, 'Person ', '0228', 'person@gmail.com', '09566966093', '', '', '', '2020-02-28 09:59:35', '$2a$08$1nYr/begEx.sxfgFrY0QJ.XKJjxgWoLOOcDm/EaWBXoc6d67dQrtO', '2c231f59b736484f272d55606a808cdd', '2020-02-28 09:59:42', '2020-02-28 09:59:35', NULL, NULL, NULL, NULL, NULL, 1, NULL, NULL, 1, 0, 0, 0, 0, 1, 0),
(5, 4, '4', 1, 'P0229', 'L', 'p0229@gmail.com', '', '', '', '', '2020-02-28 10:34:52', '$2a$08$Zyydl4Db35wrhhko8go02uzTGiEolCed7SeCpdIsMcQiXF1P1Y2mW', '6a30746bf38d62a36c24b7b02b2c7312', '2020-02-28 10:34:59', '2020-02-28 10:34:52', NULL, NULL, NULL, NULL, NULL, 1, NULL, NULL, 1, 0, 0, 0, 0, 1, 0),
(6, 4, '4', 0, 'person new', '', '', '', '', '', '', '2020-03-06 17:20:55', NULL, 'd00440e2ead6c048929aeb8252318ca2', '2020-03-06 17:21:09', '2020-03-06 17:20:55', NULL, NULL, NULL, NULL, NULL, 1, NULL, NULL, 0, 0, 0, 0, 0, 0, 0),
(7, 0, '', 0, 'Zeshan Ali', '', '', '', '', '', NULL, '2020-03-10 13:56:39', NULL, NULL, NULL, '2020-03-10 13:56:39', NULL, NULL, NULL, NULL, NULL, 1, NULL, NULL, 0, 0, 0, 0, 0, 0, 0),
(8, 0, '', 0, 'Rohit Jain', '', '', '', '', '', '', '2020-03-12 11:04:17', NULL, NULL, NULL, '2020-03-12 11:04:17', NULL, NULL, NULL, NULL, NULL, 1, NULL, NULL, 0, 0, 0, 0, 0, 0, 0),
(9, 7, '7', 0, 'Janmejay Pati', '', 'planetpharma001@gmail.com', '7873055015', '', '', '', '2020-03-13 17:09:49', NULL, 'a7439b3545e09aa5fd017e1c65653e06', '2020-03-13 17:13:28', '2020-03-13 17:09:49', NULL, NULL, NULL, NULL, NULL, 1, NULL, NULL, 0, 0, 0, 0, 0, 0, 0),
(10, 0, '', 0, 'Kumar', '', '', '', '', '', '', '2020-03-18 11:15:20', NULL, NULL, NULL, '2020-03-18 11:15:20', NULL, NULL, NULL, NULL, NULL, 1, NULL, NULL, 0, 0, 0, 0, 0, 0, 0),
(11, 10, '10', 0, 'Naeem Shahzad', '', 'naeem.shahzad@pharmevo.biz', '00923312222484', '', '', 'Manager SFE', '2020-03-21 12:00:39', NULL, NULL, NULL, '2020-03-21 12:00:39', NULL, NULL, NULL, NULL, NULL, 1, NULL, NULL, 0, 0, 0, 0, 0, 0, 0),
(12, 11, '11', 0, 'Anant Nayak', '', 'anayak@aimil.com', '9876544332', '', '', 'IT Manager', '2020-03-24 11:47:36', NULL, '2cd5a3b496d03699abd98474923536a8', '2020-03-24 11:48:40', '2020-03-24 11:47:36', NULL, NULL, NULL, NULL, NULL, 1, NULL, NULL, 0, 0, 0, 0, 0, 0, 0),
(13, 11, '11', 0, 'Sumit Thakur', '', 'sthakur@aimil.com', '9897765656', '', '', 'Admin', '2020-03-24 11:49:59', NULL, NULL, NULL, '2020-03-24 11:49:59', NULL, NULL, NULL, NULL, NULL, 1, NULL, NULL, 0, 0, 0, 0, 0, 0, 0),
(14, 0, '', 0, ' Ishfaq Shah', '', 'digiworld15@gmail.com', '9622453416', '', '', 'Owner/Proprietor', '2020-03-25 21:25:53', NULL, NULL, NULL, '2020-03-25 21:25:53', NULL, NULL, NULL, NULL, NULL, 1, NULL, NULL, 0, 0, 0, 0, 0, 0, 0),
(15, 13, '13', 0, 'New', '', '', '987272727', '', '', '', '2020-03-26 07:19:17', NULL, NULL, NULL, '2020-03-26 07:19:17', NULL, NULL, NULL, NULL, NULL, 1, NULL, NULL, 0, 0, 0, 0, 0, 0, 0),
(16, 14, '14', 0, 'Anki Reddy K. ', '', 'info@bindupharma.com', '91-9848852562', '', '', 'Managing Director', '2020-03-26 09:38:26', NULL, NULL, NULL, '2020-03-26 09:38:26', NULL, NULL, NULL, NULL, NULL, 1, NULL, NULL, 0, 0, 0, 0, 0, 0, 0),
(17, 15, '15', 0, 'Parth D Mair, (M.Pharm, M.B.A)', '', 'que_ad1@yahoo.co.in', '9724228115', '', '', 'Director', '2020-03-26 09:58:35', NULL, NULL, NULL, '2020-03-26 09:58:35', NULL, NULL, NULL, NULL, NULL, 1, NULL, NULL, 0, 0, 0, 0, 0, 0, 0),
(18, 16, '16', 0, 'Doug Kuo', '', 'info@3apharma.co', '2 040/3308902 , 2 01066610929', '', '', 'Director', '2020-03-26 10:11:45', NULL, NULL, NULL, '2020-03-26 10:11:45', NULL, NULL, NULL, NULL, NULL, 1, NULL, NULL, 0, 0, 0, 0, 0, 0, 0),
(19, 17, '17', 0, 'Pinal Joshi', '', '3glifesciences@gmail.com', '079-40080141', '', '', 'HR', '2020-03-26 10:41:18', NULL, NULL, NULL, '2020-03-26 10:41:18', NULL, NULL, NULL, NULL, NULL, 1, NULL, NULL, 0, 0, 0, 0, 0, 0, 0),
(20, 14, '14', 0, 'Sundara Kumar', '', 'skumar@saneforce.com', '9789033008', '', '', 'Head Marketing', '2020-03-26 10:43:31', NULL, NULL, NULL, '2020-03-26 10:43:31', NULL, NULL, NULL, NULL, NULL, 1, NULL, NULL, 0, 0, 0, 0, 0, 0, 0),
(21, 14, '14', 0, 'Shanmugam', '', 'shanmugam@saneforce.com', '8989934343', '', '', 'Executive Data Progress', '2020-03-26 10:46:50', NULL, NULL, NULL, '2020-03-26 10:46:50', NULL, NULL, NULL, NULL, NULL, 1, NULL, NULL, 0, 0, 0, 0, 0, 0, 0),
(22, 14, '14', 0, 'Shanmugam', '', 'shanmugam@saneforce.com', '9962111670', '', '', 'Data Processing Executive', '2020-03-26 10:52:22', NULL, NULL, NULL, '2020-03-26 10:52:22', NULL, NULL, NULL, NULL, NULL, 1, NULL, NULL, 0, 0, 0, 0, 0, 0, 0),
(23, 14, '14', 0, 'Neela Pradeep', '', 'pradeep@saneforce.com', '9094033002', '', '', 'Manager Marketing', '2020-03-26 10:54:22', NULL, 'b7f59f2af54d009ab628e11f9751c720', '2020-03-26 11:03:01', '2020-03-26 10:54:22', NULL, NULL, NULL, NULL, NULL, 1, NULL, NULL, 0, 0, 0, 0, 0, 0, 0),
(24, 14, '14', 0, 'Ramesh Kumar', '', 'ramesh@saneforce.com', '9094033002', 'ramesh@gmail.com', '9788999933', 'Manager Marketing', '2020-03-26 10:56:27', NULL, '677b8704c10e7016d6be96086250c8ec', '2020-03-28 22:19:06', '2020-03-26 10:56:27', NULL, NULL, NULL, NULL, NULL, 1, 'Sketchpad.png', NULL, 0, 0, 0, 0, 0, 0, 0),
(25, 14, '14', 0, 'Sarath', '', 'sarath@bindupharma.com', '4454545454', '', '', 'Executive', '2020-03-26 11:13:05', NULL, NULL, NULL, '2020-03-26 11:13:05', NULL, NULL, NULL, NULL, NULL, 1, NULL, NULL, 0, 0, 0, 0, 0, 0, 0),
(26, 20, '20', 0, 'Stojanovic Goran', '', '', '381 63 228835', '', '', 'Business Development Director', '2020-03-26 12:19:29', NULL, NULL, NULL, '2020-03-26 12:19:29', NULL, NULL, NULL, NULL, NULL, 1, NULL, NULL, 0, 0, 0, 0, 0, 0, 0),
(27, 22, '22', 0, 'Arshdeep Singh', '', 'arshdeep82@gmail.com', '98992 92393', '', '', 'manager', '2020-03-26 12:20:53', NULL, NULL, NULL, '2020-03-26 12:20:53', NULL, NULL, NULL, NULL, NULL, 1, NULL, NULL, 0, 0, 0, 0, 0, 0, 0),
(28, 23, '23', 0, 'Ajan', '', 'info@aspharma.org', '098474 55995', '', '', 'Director', '2020-03-26 12:22:39', NULL, NULL, NULL, '2020-03-26 12:22:39', NULL, NULL, NULL, NULL, NULL, 1, NULL, NULL, 0, 0, 0, 0, 0, 0, 0),
(29, 25, '25', 0, 'Pushpender', '', 'info@anpharmaceuticals.com', '011-41660855', '', '', 'Business Development Manager', '2020-03-26 12:24:54', NULL, NULL, NULL, '2020-03-26 12:24:54', NULL, NULL, NULL, NULL, NULL, 1, NULL, NULL, 0, 0, 0, 0, 0, 0, 0),
(30, 26, '26', 0, 'PRATIBHA KHANNA', '', 'amit@aaapharma.in', '01145082427 , 011-46102427', '', '', 'Director', '2020-03-26 12:26:34', NULL, NULL, NULL, '2020-03-26 12:26:34', NULL, NULL, NULL, NULL, NULL, 1, NULL, NULL, 0, 0, 0, 0, 0, 0, 0),
(31, 27, '27', 0, 'Vipul Thakkar', '', 'ramaniandvasoya@gmail.com', '9099989888 , 079 2571 6338', '', '', 'Director', '2020-03-26 12:28:10', NULL, NULL, NULL, '2020-03-26 12:28:10', NULL, NULL, NULL, NULL, NULL, 1, NULL, NULL, 0, 0, 0, 0, 0, 0, 0),
(32, 30, '30', 0, 'subbaraju dandu', '', 'subbaraju@indimmune.com', '98661 19815 , 40 2300 0342', '', '', 'Director', '2020-03-26 12:32:42', NULL, NULL, NULL, '2020-03-26 12:32:42', NULL, NULL, NULL, NULL, NULL, 1, NULL, NULL, 0, 0, 0, 0, 0, 0, 0),
(33, 31, '31', 0, 'sastry chembrolu', '', 'aaltramed.finance@gmail.com', '', '', '', 'Chief Executive Officer', '2020-03-26 12:34:04', NULL, NULL, NULL, '2020-03-26 12:34:04', NULL, NULL, NULL, NULL, NULL, 1, NULL, NULL, 0, 0, 0, 0, 0, 0, 0),
(34, 33, '33', 0, 'maulik shah', '', 'maulik.aditri@gmail.com', '22 6798 2112 , 99981 65656', '', '', 'Director', '2020-03-26 12:36:01', NULL, NULL, NULL, '2020-03-26 12:36:01', NULL, NULL, NULL, NULL, NULL, 1, NULL, NULL, 0, 0, 0, 0, 0, 0, 0),
(35, 34, '34', 0, 'Animesh Mohanta', '', '', '93 166-187-08', '', '', 'CEO', '2020-03-26 12:37:16', NULL, NULL, NULL, '2020-03-26 12:37:16', NULL, NULL, NULL, NULL, NULL, 1, NULL, NULL, 0, 0, 0, 0, 0, 0, 0),
(36, 35, '35', 0, 'Sumant Khedekar', '', 'ipo@aanlife.com', '9122 2526 4500', '', '', 'Director', '2020-03-26 12:38:37', NULL, NULL, NULL, '2020-03-26 12:38:37', NULL, NULL, NULL, NULL, NULL, 1, NULL, NULL, 0, 0, 0, 0, 0, 0, 0),
(37, 36, '36', 0, 'Sandeep Sharma', '', 'ss9212607590@gmail.com', '9212607590', '', '', 'Director', '2020-03-26 12:47:12', NULL, NULL, NULL, '2020-03-26 12:47:12', NULL, NULL, NULL, NULL, NULL, 1, NULL, NULL, 0, 0, 0, 0, 0, 0, 0),
(38, 37, '37', 0, 'ROHIT SEHGAL', '', 'info@aareenhealthcare.in', '022-49741981', '', '', 'DIRECTOR', '2020-03-26 12:48:26', NULL, NULL, NULL, '2020-03-26 12:48:26', NULL, NULL, NULL, NULL, NULL, 1, NULL, NULL, 0, 0, 0, 0, 0, 0, 0),
(39, 38, '38', 0, 'RAVINDER KUMAR GOEL', '', 'aargedrugs@gmail.com', '01792 232 929', '', '', 'Managing Director', '2020-03-26 12:53:37', NULL, NULL, NULL, '2020-03-26 12:53:37', NULL, NULL, NULL, NULL, NULL, 1, NULL, NULL, 0, 0, 0, 0, 0, 0, 0),
(40, 39, '39', 0, 'ANJANA ANILBHAI BHANDARI', '', 'nimeshshahca@yahoo.com', '', '', '', 'Director', '2020-03-26 12:55:09', NULL, NULL, NULL, '2020-03-26 12:55:09', NULL, NULL, NULL, NULL, NULL, 1, NULL, NULL, 0, 0, 0, 0, 0, 0, 0),
(41, 40, '40', 0, 'Saumil M. Gandhi', '', 'aarkios@gmail.com', '', '', '', 'Director', '2020-03-26 12:56:34', NULL, NULL, NULL, '2020-03-26 12:56:34', NULL, NULL, NULL, NULL, NULL, 1, NULL, NULL, 0, 0, 0, 0, 0, 0, 0),
(42, 41, '41', 0, 'BISWANATH SARKAR', '', 'corpolawadviser@yahoo.com', '', '', '', 'Managing Director', '2020-03-26 12:57:51', NULL, NULL, NULL, '2020-03-26 12:57:51', NULL, NULL, NULL, NULL, NULL, 1, NULL, NULL, 0, 0, 0, 0, 0, 0, 0),
(43, 42, '42', 0, 'Ashok Takkar', '', 'aaronmktg@yahoo.com', '022-26870310', '', '', 'Director', '2020-03-26 12:59:11', NULL, NULL, NULL, '2020-03-26 12:59:11', NULL, NULL, NULL, NULL, NULL, 1, NULL, NULL, 0, 0, 0, 0, 0, 0, 0),
(44, 43, '43', 0, 'Ashwin Jaiswal', '', 'info@aarpik.com', '99786 66457', '', '', 'Director', '2020-03-26 13:00:39', NULL, NULL, NULL, '2020-03-26 13:00:39', NULL, NULL, NULL, NULL, NULL, 1, NULL, NULL, 0, 0, 0, 0, 0, 0, 0),
(45, 44, '44', 0, 'SANJEEV CHAWLA', '', 'vrandcomca@gmail.com', '', '', '', 'Managing Director', '2020-03-26 13:01:43', NULL, NULL, NULL, '2020-03-26 13:01:43', NULL, NULL, NULL, NULL, NULL, 1, NULL, NULL, 0, 0, 0, 0, 0, 0, 0),
(46, 45, '45', 0, 'GIRIKUMAR SEENA NAIR', '', 'aaruxpharma@yahoo.co.in', '044 2664 0591', '', '', 'Director', '2020-03-26 13:02:49', NULL, NULL, NULL, '2020-03-26 13:02:49', NULL, NULL, NULL, NULL, NULL, 1, NULL, NULL, 0, 0, 0, 0, 0, 0, 0),
(47, 46, '46', 0, 'Suresh Sheth', '', 'info@aaryanbiocare.in', '91 099232 03424', '', '', 'Director', '2020-03-26 13:04:04', NULL, NULL, NULL, '2020-03-26 13:04:04', NULL, NULL, NULL, NULL, NULL, 1, NULL, NULL, 0, 0, 0, 0, 0, 0, 0),
(48, 47, '47', 0, 'Vipul Kotadia', '', '', '9824088253', '', '', 'Director', '2020-03-26 13:05:29', NULL, NULL, NULL, '2020-03-26 13:05:29', NULL, NULL, NULL, NULL, NULL, 1, NULL, NULL, 0, 0, 0, 0, 0, 0, 0),
(49, 48, '48', 0, 'SANTOSH FRANCIS DSOUZA', '', 'info@aauracarepharma.com', '96 506 99756 , 92 115 80468', '', '', 'Director', '2020-03-26 13:12:22', NULL, NULL, NULL, '2020-03-26 13:12:22', NULL, NULL, NULL, NULL, NULL, 1, NULL, NULL, 0, 0, 0, 0, 0, 0, 0),
(50, 49, '49', 0, 'SAGAR TANEJA', '', 'info@abarishealthcare.com', '79-26440704', '', '', 'Director', '2020-03-26 13:17:49', NULL, NULL, NULL, '2020-03-26 13:17:49', NULL, NULL, NULL, NULL, NULL, 1, NULL, NULL, 0, 0, 0, 0, 0, 0, 0),
(51, 50, '50', 0, 'KAUSHIK CHATTERJEE', '', 'abbeyhealthcare@yahoo.co.in', '', '', '', 'Director', '2020-03-26 13:19:52', NULL, NULL, NULL, '2020-03-26 13:19:52', NULL, NULL, NULL, NULL, NULL, 1, NULL, NULL, 0, 0, 0, 0, 0, 0, 0),
(52, 51, '51', 0, 'devendra mehta', '', '', '98672 56719 , 22 6145 9500', '', '', 'Vice President sales and marketing ', '2020-03-26 13:25:59', NULL, NULL, NULL, '2020-03-26 13:25:59', NULL, NULL, NULL, NULL, NULL, 1, NULL, NULL, 0, 0, 0, 0, 0, 0, 0),
(53, 52, '52', 0, 'BHAVESHKUMAR TULSIDAS VYAS', '', 'thinkcare@4care.in', '7965 432444 , 79 26650990', '', '', 'Director', '2020-03-26 13:32:34', NULL, NULL, NULL, '2020-03-26 13:32:34', NULL, NULL, NULL, NULL, NULL, 1, NULL, NULL, 0, 0, 0, 0, 0, 0, 0),
(54, 53, '53', 0, 'Stojanovic Goran', '', '', '', '', '', 'Business Development Director', '2020-03-26 13:40:37', NULL, NULL, NULL, '2020-03-26 13:40:37', NULL, NULL, NULL, NULL, NULL, 1, NULL, NULL, 0, 0, 0, 0, 0, 0, 0),
(55, 54, '54', 0, 'ARUMUGAM OLAGANATHAN', '', 'sundar@atozlabs.com', '044 2658 5811', '', '', 'Director', '2020-03-26 13:42:54', NULL, NULL, NULL, '2020-03-26 13:42:54', NULL, NULL, NULL, NULL, NULL, 1, NULL, NULL, 0, 0, 0, 0, 0, 0, 0),
(56, 54, '54', 0, 'ARUMUGAM OLAGANATHAN', '', 'sundar@atozlabs.com', '044 2658 5811', '', '', 'Director', '2020-03-26 13:43:21', NULL, NULL, NULL, '2020-03-26 13:43:21', NULL, NULL, NULL, NULL, NULL, 1, NULL, NULL, 0, 0, 0, 0, 0, 0, 0),
(57, 55, '55', 0, 'ISHAN ASHOKKUMAR SHAH', '', 'info@aagamlife.com', '98252 93134 , 9662963630', '', '', 'Director', '2020-03-26 13:45:09', NULL, NULL, NULL, '2020-03-26 13:45:09', NULL, NULL, NULL, NULL, NULL, 1, NULL, NULL, 0, 0, 0, 0, 0, 0, 0),
(58, 56, '56', 0, 'Animesh Mohanta', '', '', '93 166-187-08', '', '', 'CEO', '2020-03-26 13:46:18', NULL, NULL, NULL, '2020-03-26 13:46:18', NULL, NULL, NULL, NULL, NULL, 1, NULL, NULL, 0, 0, 0, 0, 0, 0, 0),
(59, 57, '57', 0, 'Sandeep Sharma', '', 'ss9212607590@gmail.com', '9212607590', '', '', 'Director', '2020-03-26 13:48:07', NULL, NULL, NULL, '2020-03-26 13:48:07', NULL, NULL, NULL, NULL, NULL, 1, NULL, NULL, 0, 0, 0, 0, 0, 0, 0),
(60, 58, '58', 0, 'BISWANATH SARKAR', '', 'corpolawadviser@yahoo.com', '', '', '', 'Managing Director', '2020-03-26 13:50:09', NULL, NULL, NULL, '2020-03-26 13:50:09', NULL, NULL, NULL, NULL, NULL, 1, NULL, NULL, 0, 0, 0, 0, 0, 0, 0),
(61, 59, '59', 0, 'Ashok Takkar', '', 'aaronmktg@yahoo.com', '022-26870310', '', '', 'Director', '2020-03-26 13:51:48', NULL, NULL, NULL, '2020-03-26 13:51:48', NULL, NULL, NULL, NULL, NULL, 1, NULL, NULL, 0, 0, 0, 0, 0, 0, 0),
(63, 61, '61', 0, 'Suresh Sheth', '', 'info@aaryanbiocare.in', '91 099232 03424', '', '', 'Director', '2020-03-26 13:55:27', NULL, NULL, NULL, '2020-03-26 13:55:27', NULL, NULL, NULL, NULL, NULL, 1, NULL, NULL, 0, 0, 0, 0, 0, 0, 0),
(64, 62, '62', 0, 'KAUSHIK CHATTERJEE', '', 'abbeyhealthcare@yahoo.co.in', '', '', '', 'Director', '2020-03-26 13:57:45', NULL, NULL, NULL, '2020-03-26 13:57:45', NULL, NULL, NULL, NULL, NULL, 1, NULL, NULL, 0, 0, 0, 0, 0, 0, 0),
(65, 63, '63', 0, 'devendra mehta', '', '', '98672 56719 , 22 6145 9500', '', '', 'Vice President sales and marketing ', '2020-03-26 13:59:07', NULL, NULL, NULL, '2020-03-26 13:59:07', NULL, NULL, NULL, NULL, NULL, 1, NULL, NULL, 0, 0, 0, 0, 0, 0, 0),
(66, 64, '64', 0, 'Bhupendra Tamhankar', '', 'abhinavhealth@gmail.com', '022 2634 7701', '', '', 'Business Development Manager ', '2020-03-26 16:18:00', NULL, NULL, NULL, '2020-03-26 16:18:00', NULL, NULL, NULL, NULL, NULL, 1, NULL, NULL, 0, 0, 0, 0, 0, 0, 0),
(67, 65, '65', 0, 'HANUMANT TANAJI MANE', '', 'tukaram505@gmail.com', '', '', '', 'Director', '2020-03-26 16:19:35', NULL, NULL, NULL, '2020-03-26 16:19:35', NULL, NULL, NULL, NULL, NULL, 1, NULL, NULL, 0, 0, 0, 0, 0, 0, 0),
(68, 66, '66', 0, 'Jatinder Sharda', '', 'abibapharmacia@gmail.com', '073076 09221', '', '', 'Director', '2020-03-26 16:21:29', NULL, NULL, NULL, '2020-03-26 16:21:29', NULL, NULL, NULL, NULL, NULL, 1, NULL, NULL, 0, 0, 0, 0, 0, 0, 0),
(69, 67, '67', 0, 'NITIN JAIN', '', 'abkapharma@gmail.com', '', '', '', 'Director', '2020-03-26 16:25:32', NULL, NULL, NULL, '2020-03-26 16:25:32', NULL, NULL, NULL, NULL, NULL, 1, NULL, NULL, 0, 0, 0, 0, 0, 0, 0),
(70, 68, '68', 0, 'PULAMATHI SHIVA RAO MOHAN KUMAR', '', 'b_sreenivasa@yahoo.com', '', '', '', 'Director', '2020-03-26 16:27:12', NULL, NULL, NULL, '2020-03-26 16:27:12', NULL, NULL, NULL, NULL, NULL, 1, NULL, NULL, 0, 0, 0, 0, 0, 0, 0),
(71, 69, '69', 0, 'Arul Balaji', '', '', '044 2474 5060', '', '', 'Manager', '2020-03-26 16:28:22', NULL, NULL, NULL, '2020-03-26 16:28:22', NULL, NULL, NULL, NULL, NULL, 1, NULL, NULL, 0, 0, 0, 0, 0, 0, 0),
(72, 70, '70', 0, 'RAJAT AGARWAL', '', 'abrdrugs@gmail.com', '', '', '', 'Director', '2020-03-26 16:30:26', NULL, NULL, NULL, '2020-03-26 16:30:26', NULL, NULL, NULL, NULL, NULL, 1, NULL, NULL, 0, 0, 0, 0, 0, 0, 0),
(73, 71, '71', 0, 'Sudhir Budhrani', '', 'care@accilexnutricorp.com', '942 441 7000, +91 887 130 7000', '', '', 'Chairman', '2020-03-26 16:33:22', NULL, NULL, NULL, '2020-03-26 16:33:22', NULL, NULL, NULL, NULL, NULL, 1, NULL, NULL, 0, 0, 0, 0, 0, 0, 0),
(74, 73, '73', 0, 'NEELAMBARI SACHIN UMALKAR', '', 'sachinumalkar@gmail.com', '', '', '', 'Director', '2020-03-26 16:35:39', NULL, NULL, NULL, '2020-03-26 16:35:39', NULL, NULL, NULL, NULL, NULL, 1, NULL, NULL, 0, 0, 0, 0, 0, 0, 0),
(75, 75, '75', 0, 'MANISHA MEHROTRA', '', 'accosts2019@gmail.com', '', '', '', 'Director', '2020-03-26 16:41:51', NULL, NULL, NULL, '2020-03-26 16:41:51', NULL, NULL, NULL, NULL, NULL, 1, NULL, NULL, 0, 0, 0, 0, 0, 0, 0),
(76, 76, '76', 0, 'Megha Sharma', '', '', '8037402779', '', '', 'Marketing Manager ', '2020-03-26 16:53:35', NULL, NULL, NULL, '2020-03-26 16:53:35', NULL, NULL, NULL, NULL, NULL, 1, NULL, NULL, 0, 0, 0, 0, 0, 0, 0),
(77, 77, '77', 0, 'Jignesh A Shah', '', 'drjigneshshah@yahoo.com', '02676-234534 , 9712928485', '', '', 'Managing Partner, Administrative & Marketing', '2020-03-26 16:54:47', NULL, NULL, NULL, '2020-03-26 16:54:47', NULL, NULL, NULL, NULL, NULL, 1, NULL, NULL, 0, 0, 0, 0, 0, 0, 0),
(78, 79, '79', 0, 'Pawan Kumar Goyal', '', 'admin@aceremedies.in', '020 2727 3001', '', '', 'Managing Director', '2020-03-26 16:56:14', NULL, NULL, NULL, '2020-03-26 16:56:14', NULL, NULL, NULL, NULL, NULL, 1, NULL, NULL, 0, 0, 0, 0, 0, 0, 0),
(79, 80, '80', 0, 'Amit Bhai', '', '', '9574002849 , 9227541424', '', '', 'Director', '2020-03-26 16:57:50', NULL, NULL, NULL, '2020-03-26 16:57:50', NULL, NULL, NULL, NULL, NULL, 1, NULL, NULL, 0, 0, 0, 0, 0, 0, 0),
(80, 81, '81', 0, 'DHARMENDRA KUMAR', '', 'singhitr@gmail.com', '', '', '', 'Director', '2020-03-26 16:58:56', NULL, NULL, NULL, '2020-03-26 16:58:56', NULL, NULL, NULL, NULL, NULL, 1, NULL, NULL, 0, 0, 0, 0, 0, 0, 0),
(81, 82, '82', 0, 'Kushal Shah', '', 'acichemlabs@gmail.com', '022 2678 0174', '', '', 'General Manager', '2020-03-26 17:03:44', NULL, NULL, NULL, '2020-03-26 17:03:44', NULL, NULL, NULL, NULL, NULL, 1, NULL, NULL, 0, 0, 0, 0, 0, 0, 0),
(82, 83, '83', 0, 'Kushal Shah', '', 'acichemlabs@gmail.com', '022 2678 0174', '', '', 'General Manager', '2020-03-26 17:05:28', NULL, NULL, NULL, '2020-03-26 17:05:28', NULL, NULL, NULL, NULL, NULL, 1, NULL, NULL, 0, 0, 0, 0, 0, 0, 0),
(83, 85, '85', 0, 'BAPPADITYA MAJUMDAR', '', 'caasim2004@yahoo.co.in', '', '', '', 'Director', '2020-03-26 17:07:41', NULL, NULL, NULL, '2020-03-26 17:07:41', NULL, NULL, NULL, NULL, NULL, 1, NULL, NULL, 0, 0, 0, 0, 0, 0, 0),
(84, 87, '87', 0, 'Imran Ahmed Khan', '', 'acinta@sursez.com', '91 22 22872642 / 22040463', '', '', 'Sales Manager ', '2020-03-26 17:29:10', NULL, NULL, NULL, '2020-03-26 17:29:10', NULL, NULL, NULL, NULL, NULL, 1, NULL, NULL, 0, 0, 0, 0, 0, 0, 0),
(85, 88, '88', 0, 'R Satish Kumar', '', 'info@acmepharmaindia.com', '044 2654 0720 , 94443 86128', '', '', 'Founder', '2020-03-26 17:30:39', NULL, NULL, NULL, '2020-03-26 17:30:39', NULL, NULL, NULL, NULL, NULL, 1, NULL, NULL, 0, 0, 0, 0, 0, 0, 0),
(86, 89, '89', 0, 'Jaydeep  S. Patel', '', 'acronpharmaceuticals@gmail.com', '98250 30599', '', '', 'Director', '2020-03-26 17:32:05', NULL, NULL, NULL, '2020-03-26 17:32:05', NULL, NULL, NULL, NULL, NULL, 1, NULL, NULL, 0, 0, 0, 0, 0, 0, 0),
(87, 91, '91', 0, 'NANDLAL SHARMA', '', 'rawatlaxman2005@gmail.com', '', '', '', 'Director', '2020-03-26 17:36:39', NULL, NULL, NULL, '2020-03-26 17:36:39', NULL, NULL, NULL, NULL, NULL, 1, NULL, NULL, 0, 0, 0, 0, 0, 0, 0),
(88, 92, '92', 0, 'chinthana senevirathne', '', 'acspharmamkt@gmail.com', '968 638 3695 , 998 006 5005', '', '', 'director', '2020-03-26 17:39:25', NULL, NULL, NULL, '2020-03-26 17:39:25', NULL, NULL, NULL, NULL, NULL, 1, NULL, NULL, 0, 0, 0, 0, 0, 0, 0),
(89, 14, '14', 0, 'Hema Latha', '', 'hema@admin.com', '9789011499', '', '9789033008', 'Executive', '2020-03-29 09:34:28', NULL, '706c12ffc019c43538aea86ee43d67ec', '2020-03-29 09:42:48', '2020-03-29 09:34:28', NULL, NULL, NULL, NULL, NULL, 1, NULL, NULL, 0, 0, 0, 0, 0, 0, 0),
(90, 44, '44', 0, 'test', '', 'tes@d.com', '6576786876', '', '', 'test', '2020-03-29 21:01:18', NULL, NULL, NULL, '2020-03-29 21:01:18', NULL, NULL, NULL, NULL, NULL, 1, NULL, NULL, 0, 0, 0, 0, 0, 0, 0),
(91, 14, '14', 0, 'test arjun', '', '', '', '', '', '', '2020-03-30 12:46:50', NULL, NULL, NULL, '2020-03-30 12:46:50', NULL, NULL, NULL, NULL, NULL, 1, NULL, NULL, 0, 0, 0, 0, 0, 0, 0),
(92, 6, '6', 0, 'test c', '', '', '', '', '', '', '2020-04-02 11:18:36', NULL, NULL, NULL, '2020-04-02 11:18:36', NULL, NULL, NULL, NULL, NULL, 1, NULL, NULL, 0, 0, 0, 0, 0, 0, 0),
(94, 94, '94', 0, 'Sajith Krishna ', '', '', '', '', '', 'MD', '2020-04-04 11:01:41', NULL, NULL, NULL, '2020-04-04 11:01:41', NULL, NULL, NULL, NULL, NULL, 1, NULL, NULL, 0, 0, 0, 0, 0, 0, 0),
(95, 94, '94', 0, 'Arjun krishna', '', 'A@g.com', '9877656564', '', '', 'Director', '2020-04-04 11:30:06', NULL, 'e8a7058a909a6ace3bd44ff95e128c92', '2020-06-12 15:54:30', '2020-04-04 11:30:06', NULL, NULL, NULL, NULL, NULL, 1, NULL, NULL, 0, 0, 0, 0, 0, 0, 0),
(96, 95, '95', 0, 'Ramana Murthy - CLM & IT Head', '', 'ramanamurtycv@drreddys.com', '9538966002', '', '', '', '2020-04-07 12:44:28', NULL, 'cb47b8adfd49f9052dadb3f5eae6a7ff', '2020-04-07 12:48:03', '2020-04-07 12:44:28', NULL, NULL, NULL, NULL, NULL, 1, NULL, NULL, 0, 0, 0, 0, 0, 0, 0),
(97, 96, '96', 0, 'Amrut Dash', '', 'amrut.dash@rndlaboratories.com', '9920710586', '', '', '', '2020-04-07 14:26:39', NULL, NULL, NULL, '2020-04-07 14:26:39', NULL, NULL, NULL, NULL, NULL, 1, NULL, NULL, 0, 0, 0, 0, 0, 0, 0),
(98, 98, '98', 0, 'S1', '', '', '123456456', '', '', 'Director', '2020-05-02 12:25:58', NULL, NULL, NULL, '2020-05-02 12:25:58', NULL, NULL, NULL, NULL, NULL, 1, NULL, NULL, 0, 0, 0, 0, 0, 0, 0),
(99, 99, '99', 0, 'Amit Kumar Singh', '', 'A@g.com', '98398373333', '', '', 'Manager', '2020-05-05 15:23:35', NULL, NULL, NULL, '2020-05-05 15:23:35', NULL, NULL, NULL, NULL, NULL, 1, NULL, NULL, 0, 0, 0, 0, 0, 0, 0),
(100, 99, '99', 0, 'Ranga Rao', '', 'a@r.com', '83738968736', '', '', 'Manager', '2020-05-05 15:24:02', NULL, NULL, NULL, '2020-05-05 15:24:02', NULL, NULL, NULL, NULL, NULL, 1, NULL, NULL, 0, 0, 0, 0, 0, 0, 0),
(101, 101, '101', 0, 'Arun', '', 'w@g.com', '937363636', '', '', 'Plant Manager', '2020-05-05 15:40:02', NULL, NULL, NULL, '2020-05-05 15:40:02', NULL, NULL, NULL, NULL, NULL, 1, NULL, NULL, 0, 0, 0, 0, 0, 0, 0),
(102, 102, '102', 0, 'Hitesh Kalsaria', '', 'hitesh@beacon.com', '9825572673', '', '', 'Commercial Manager ', '2020-05-19 13:25:22', NULL, '9a5d8eb5a0d743394717948ed7aa2ff3', '2020-06-09 12:10:51', '2020-05-19 13:25:22', NULL, NULL, NULL, NULL, NULL, 1, NULL, NULL, 0, 0, 0, 0, 0, 0, 0),
(103, 102, '102', 0, 'A K Sharma', '', 'hp@becon.com', '3423432453', '', '', 'Purchase Head', '2020-05-19 15:29:49', NULL, NULL, NULL, '2020-05-19 15:29:49', NULL, NULL, NULL, NULL, NULL, 1, NULL, NULL, 0, 0, 0, 0, 0, 0, 0),
(104, 102, '102', 0, 'Parimal Bhatnagar, ', '', 'pb@beacon.com', '6784848484', '', '', 'General Manager ', '2020-05-29 17:34:25', NULL, NULL, NULL, '2020-05-29 17:34:25', NULL, NULL, NULL, NULL, NULL, 1, NULL, NULL, 0, 0, 0, 0, 0, 0, 0),
(105, 103, '103', 0, 'Pradeep', '', 'pradeep@saneforce.com', '+919094033002', '', '', 'Marketing Associate', '2020-05-30 08:16:39', NULL, NULL, NULL, '2020-05-30 08:16:39', NULL, NULL, NULL, NULL, NULL, 1, NULL, NULL, 0, 0, 0, 0, 0, 0, 0),
(106, 0, '', 0, 'Arjun', '', '', '', '', '', '', '2020-07-13 22:40:13', NULL, NULL, NULL, '2020-07-13 22:40:13', NULL, NULL, NULL, NULL, NULL, 1, NULL, NULL, 0, 0, 0, 0, 0, 0, 0),
(107, 104, '104', 0, 'Sumesh', '', 'gmm@nirapara.com', '7593838332', '', '', '', '2020-07-29 12:07:40', NULL, NULL, NULL, '2020-07-29 12:07:40', NULL, NULL, NULL, NULL, NULL, 1, NULL, NULL, 0, 0, 0, 0, 0, 0, 0),
(108, 102, '102', 0, 'Sundara Kumar', '', 'skumar@saneforce.com', '9789033008', '', '', 'Head Marketing', '2020-08-02 15:04:46', NULL, NULL, NULL, '2020-08-02 15:04:46', NULL, NULL, NULL, NULL, NULL, 1, NULL, NULL, 0, 0, 0, 0, 0, 0, 0);

-- --------------------------------------------------------

--
-- Table structure for table `tblcontacts_clients`
--

CREATE TABLE `tblcontacts_clients` (
  `id` int(11) NOT NULL,
  `userid` int(11) NOT NULL,
  `contactid` int(11) NOT NULL,
  `is_primary` int(11) NOT NULL DEFAULT 1
) ENGINE=InnoDB DEFAULT CHARSET=utf8;

--
-- Dumping data for table `tblcontacts_clients`
--

INSERT INTO `tblcontacts_clients` (`id`, `userid`, `contactid`, `is_primary`) VALUES
(1, 1, 2, 1),
(2, 2, 2, 1);

-- --------------------------------------------------------

--
-- Table structure for table `tblcontact_permissions`
--

CREATE TABLE `tblcontact_permissions` (
  `id` int(11) NOT NULL,
  `permission_id` int(11) NOT NULL,
  `userid` int(11) NOT NULL
) ENGINE=InnoDB DEFAULT CHARSET=utf8;

--
-- Dumping data for table `tblcontact_permissions`
--

INSERT INTO `tblcontact_permissions` (`id`, `permission_id`, `userid`) VALUES
(1, 1, 1),
(2, 2, 1),
(3, 3, 1),
(4, 4, 1),
(5, 5, 1),
(6, 6, 1),
(15, 1, 4),
(16, 6, 4),
(17, 1, 5),
(18, 6, 5);

-- --------------------------------------------------------

--
-- Table structure for table `tblcontracts`
--

CREATE TABLE `tblcontracts` (
  `id` int(11) NOT NULL,
  `content` longtext DEFAULT NULL,
  `description` text DEFAULT NULL,
  `subject` varchar(191) DEFAULT NULL,
  `client` int(11) NOT NULL,
  `datestart` date DEFAULT NULL,
  `dateend` date DEFAULT NULL,
  `contract_type` int(11) DEFAULT NULL,
  `addedfrom` int(11) NOT NULL,
  `dateadded` datetime NOT NULL,
  `isexpirynotified` int(11) NOT NULL DEFAULT 0,
  `contract_value` decimal(15,2) DEFAULT NULL,
  `trash` tinyint(1) DEFAULT 0,
  `not_visible_to_client` tinyint(1) NOT NULL DEFAULT 0,
  `hash` varchar(32) DEFAULT NULL,
  `signed` tinyint(1) NOT NULL DEFAULT 0,
  `signature` varchar(40) DEFAULT NULL,
  `acceptance_firstname` varchar(50) DEFAULT NULL,
  `acceptance_lastname` varchar(50) DEFAULT NULL,
  `acceptance_email` varchar(100) DEFAULT NULL,
  `acceptance_date` datetime DEFAULT NULL,
  `acceptance_ip` varchar(40) DEFAULT NULL
) ENGINE=InnoDB DEFAULT CHARSET=utf8;

-- --------------------------------------------------------

--
-- Table structure for table `tblcontracts_types`
--

CREATE TABLE `tblcontracts_types` (
  `id` int(11) NOT NULL,
  `name` mediumtext NOT NULL
) ENGINE=InnoDB DEFAULT CHARSET=utf8;

-- --------------------------------------------------------

--
-- Table structure for table `tblcontract_comments`
--

CREATE TABLE `tblcontract_comments` (
  `id` int(11) NOT NULL,
  `content` mediumtext DEFAULT NULL,
  `contract_id` int(11) NOT NULL,
  `staffid` int(11) NOT NULL,
  `dateadded` datetime NOT NULL
) ENGINE=InnoDB DEFAULT CHARSET=utf8;

-- --------------------------------------------------------

--
-- Table structure for table `tblcontract_renewals`
--

CREATE TABLE `tblcontract_renewals` (
  `id` int(11) NOT NULL,
  `contractid` int(11) NOT NULL,
  `old_start_date` date NOT NULL,
  `new_start_date` date NOT NULL,
  `old_end_date` date DEFAULT NULL,
  `new_end_date` date DEFAULT NULL,
  `old_value` decimal(15,2) DEFAULT NULL,
  `new_value` decimal(15,2) DEFAULT NULL,
  `date_renewed` datetime NOT NULL,
  `renewed_by` varchar(100) NOT NULL,
  `renewed_by_staff_id` int(11) NOT NULL DEFAULT 0,
  `is_on_old_expiry_notified` int(11) DEFAULT 0
) ENGINE=InnoDB DEFAULT CHARSET=utf8;

-- --------------------------------------------------------

--
-- Table structure for table `tblcountries`
--

CREATE TABLE `tblcountries` (
  `country_id` int(5) NOT NULL,
  `iso2` char(2) DEFAULT NULL,
  `short_name` varchar(80) NOT NULL DEFAULT '',
  `long_name` varchar(80) NOT NULL DEFAULT '',
  `iso3` char(3) DEFAULT NULL,
  `numcode` varchar(6) DEFAULT NULL,
  `un_member` varchar(12) DEFAULT NULL,
  `calling_code` varchar(8) DEFAULT NULL,
  `cctld` varchar(5) DEFAULT NULL
) ENGINE=InnoDB DEFAULT CHARSET=utf8;

--
-- Dumping data for table `tblcountries`
--

INSERT INTO `tblcountries` (`country_id`, `iso2`, `short_name`, `long_name`, `iso3`, `numcode`, `un_member`, `calling_code`, `cctld`) VALUES
(1, 'AF', 'Afghanistan', 'Islamic Republic of Afghanistan', 'AFG', '004', 'yes', '93', '.af'),
(2, 'AX', 'Aland Islands', '&Aring;land Islands', 'ALA', '248', 'no', '358', '.ax'),
(3, 'AL', 'Albania', 'Republic of Albania', 'ALB', '008', 'yes', '355', '.al'),
(4, 'DZ', 'Algeria', 'People\'s Democratic Republic of Algeria', 'DZA', '012', 'yes', '213', '.dz'),
(5, 'AS', 'American Samoa', 'American Samoa', 'ASM', '016', 'no', '1+684', '.as'),
(6, 'AD', 'Andorra', 'Principality of Andorra', 'AND', '020', 'yes', '376', '.ad'),
(7, 'AO', 'Angola', 'Republic of Angola', 'AGO', '024', 'yes', '244', '.ao'),
(8, 'AI', 'Anguilla', 'Anguilla', 'AIA', '660', 'no', '1+264', '.ai'),
(9, 'AQ', 'Antarctica', 'Antarctica', 'ATA', '010', 'no', '672', '.aq'),
(10, 'AG', 'Antigua and Barbuda', 'Antigua and Barbuda', 'ATG', '028', 'yes', '1+268', '.ag'),
(11, 'AR', 'Argentina', 'Argentine Republic', 'ARG', '032', 'yes', '54', '.ar'),
(12, 'AM', 'Armenia', 'Republic of Armenia', 'ARM', '051', 'yes', '374', '.am'),
(13, 'AW', 'Aruba', 'Aruba', 'ABW', '533', 'no', '297', '.aw'),
(14, 'AU', 'Australia', 'Commonwealth of Australia', 'AUS', '036', 'yes', '61', '.au'),
(15, 'AT', 'Austria', 'Republic of Austria', 'AUT', '040', 'yes', '43', '.at'),
(16, 'AZ', 'Azerbaijan', 'Republic of Azerbaijan', 'AZE', '031', 'yes', '994', '.az'),
(17, 'BS', 'Bahamas', 'Commonwealth of The Bahamas', 'BHS', '044', 'yes', '1+242', '.bs'),
(18, 'BH', 'Bahrain', 'Kingdom of Bahrain', 'BHR', '048', 'yes', '973', '.bh'),
(19, 'BD', 'Bangladesh', 'People\'s Republic of Bangladesh', 'BGD', '050', 'yes', '880', '.bd'),
(20, 'BB', 'Barbados', 'Barbados', 'BRB', '052', 'yes', '1+246', '.bb'),
(21, 'BY', 'Belarus', 'Republic of Belarus', 'BLR', '112', 'yes', '375', '.by'),
(22, 'BE', 'Belgium', 'Kingdom of Belgium', 'BEL', '056', 'yes', '32', '.be'),
(23, 'BZ', 'Belize', 'Belize', 'BLZ', '084', 'yes', '501', '.bz'),
(24, 'BJ', 'Benin', 'Republic of Benin', 'BEN', '204', 'yes', '229', '.bj'),
(25, 'BM', 'Bermuda', 'Bermuda Islands', 'BMU', '060', 'no', '1+441', '.bm'),
(26, 'BT', 'Bhutan', 'Kingdom of Bhutan', 'BTN', '064', 'yes', '975', '.bt'),
(27, 'BO', 'Bolivia', 'Plurinational State of Bolivia', 'BOL', '068', 'yes', '591', '.bo'),
(28, 'BQ', 'Bonaire, Sint Eustatius and Saba', 'Bonaire, Sint Eustatius and Saba', 'BES', '535', 'no', '599', '.bq'),
(29, 'BA', 'Bosnia and Herzegovina', 'Bosnia and Herzegovina', 'BIH', '070', 'yes', '387', '.ba'),
(30, 'BW', 'Botswana', 'Republic of Botswana', 'BWA', '072', 'yes', '267', '.bw'),
(31, 'BV', 'Bouvet Island', 'Bouvet Island', 'BVT', '074', 'no', 'NONE', '.bv'),
(32, 'BR', 'Brazil', 'Federative Republic of Brazil', 'BRA', '076', 'yes', '55', '.br'),
(33, 'IO', 'British Indian Ocean Territory', 'British Indian Ocean Territory', 'IOT', '086', 'no', '246', '.io'),
(34, 'BN', 'Brunei', 'Brunei Darussalam', 'BRN', '096', 'yes', '673', '.bn'),
(35, 'BG', 'Bulgaria', 'Republic of Bulgaria', 'BGR', '100', 'yes', '359', '.bg'),
(36, 'BF', 'Burkina Faso', 'Burkina Faso', 'BFA', '854', 'yes', '226', '.bf'),
(37, 'BI', 'Burundi', 'Republic of Burundi', 'BDI', '108', 'yes', '257', '.bi'),
(38, 'KH', 'Cambodia', 'Kingdom of Cambodia', 'KHM', '116', 'yes', '855', '.kh'),
(39, 'CM', 'Cameroon', 'Republic of Cameroon', 'CMR', '120', 'yes', '237', '.cm'),
(40, 'CA', 'Canada', 'Canada', 'CAN', '124', 'yes', '1', '.ca'),
(41, 'CV', 'Cape Verde', 'Republic of Cape Verde', 'CPV', '132', 'yes', '238', '.cv'),
(42, 'KY', 'Cayman Islands', 'The Cayman Islands', 'CYM', '136', 'no', '1+345', '.ky'),
(43, 'CF', 'Central African Republic', 'Central African Republic', 'CAF', '140', 'yes', '236', '.cf'),
(44, 'TD', 'Chad', 'Republic of Chad', 'TCD', '148', 'yes', '235', '.td'),
(45, 'CL', 'Chile', 'Republic of Chile', 'CHL', '152', 'yes', '56', '.cl'),
(46, 'CN', 'China', 'People\'s Republic of China', 'CHN', '156', 'yes', '86', '.cn'),
(47, 'CX', 'Christmas Island', 'Christmas Island', 'CXR', '162', 'no', '61', '.cx'),
(48, 'CC', 'Cocos (Keeling) Islands', 'Cocos (Keeling) Islands', 'CCK', '166', 'no', '61', '.cc'),
(49, 'CO', 'Colombia', 'Republic of Colombia', 'COL', '170', 'yes', '57', '.co'),
(50, 'KM', 'Comoros', 'Union of the Comoros', 'COM', '174', 'yes', '269', '.km'),
(51, 'CG', 'Congo', 'Republic of the Congo', 'COG', '178', 'yes', '242', '.cg'),
(52, 'CK', 'Cook Islands', 'Cook Islands', 'COK', '184', 'some', '682', '.ck'),
(53, 'CR', 'Costa Rica', 'Republic of Costa Rica', 'CRI', '188', 'yes', '506', '.cr'),
(54, 'CI', 'Cote d\'ivoire (Ivory Coast)', 'Republic of C&ocirc;te D\'Ivoire (Ivory Coast)', 'CIV', '384', 'yes', '225', '.ci'),
(55, 'HR', 'Croatia', 'Republic of Croatia', 'HRV', '191', 'yes', '385', '.hr'),
(56, 'CU', 'Cuba', 'Republic of Cuba', 'CUB', '192', 'yes', '53', '.cu'),
(57, 'CW', 'Curacao', 'Cura&ccedil;ao', 'CUW', '531', 'no', '599', '.cw'),
(58, 'CY', 'Cyprus', 'Republic of Cyprus', 'CYP', '196', 'yes', '357', '.cy'),
(59, 'CZ', 'Czech Republic', 'Czech Republic', 'CZE', '203', 'yes', '420', '.cz'),
(60, 'CD', 'Democratic Republic of the Congo', 'Democratic Republic of the Congo', 'COD', '180', 'yes', '243', '.cd'),
(61, 'DK', 'Denmark', 'Kingdom of Denmark', 'DNK', '208', 'yes', '45', '.dk'),
(62, 'DJ', 'Djibouti', 'Republic of Djibouti', 'DJI', '262', 'yes', '253', '.dj'),
(63, 'DM', 'Dominica', 'Commonwealth of Dominica', 'DMA', '212', 'yes', '1+767', '.dm'),
(64, 'DO', 'Dominican Republic', 'Dominican Republic', 'DOM', '214', 'yes', '1+809, 8', '.do'),
(65, 'EC', 'Ecuador', 'Republic of Ecuador', 'ECU', '218', 'yes', '593', '.ec'),
(66, 'EG', 'Egypt', 'Arab Republic of Egypt', 'EGY', '818', 'yes', '20', '.eg'),
(67, 'SV', 'El Salvador', 'Republic of El Salvador', 'SLV', '222', 'yes', '503', '.sv'),
(68, 'GQ', 'Equatorial Guinea', 'Republic of Equatorial Guinea', 'GNQ', '226', 'yes', '240', '.gq'),
(69, 'ER', 'Eritrea', 'State of Eritrea', 'ERI', '232', 'yes', '291', '.er'),
(70, 'EE', 'Estonia', 'Republic of Estonia', 'EST', '233', 'yes', '372', '.ee'),
(71, 'ET', 'Ethiopia', 'Federal Democratic Republic of Ethiopia', 'ETH', '231', 'yes', '251', '.et'),
(72, 'FK', 'Falkland Islands (Malvinas)', 'The Falkland Islands (Malvinas)', 'FLK', '238', 'no', '500', '.fk'),
(73, 'FO', 'Faroe Islands', 'The Faroe Islands', 'FRO', '234', 'no', '298', '.fo'),
(74, 'FJ', 'Fiji', 'Republic of Fiji', 'FJI', '242', 'yes', '679', '.fj'),
(75, 'FI', 'Finland', 'Republic of Finland', 'FIN', '246', 'yes', '358', '.fi'),
(76, 'FR', 'France', 'French Republic', 'FRA', '250', 'yes', '33', '.fr'),
(77, 'GF', 'French Guiana', 'French Guiana', 'GUF', '254', 'no', '594', '.gf'),
(78, 'PF', 'French Polynesia', 'French Polynesia', 'PYF', '258', 'no', '689', '.pf'),
(79, 'TF', 'French Southern Territories', 'French Southern Territories', 'ATF', '260', 'no', NULL, '.tf'),
(80, 'GA', 'Gabon', 'Gabonese Republic', 'GAB', '266', 'yes', '241', '.ga'),
(81, 'GM', 'Gambia', 'Republic of The Gambia', 'GMB', '270', 'yes', '220', '.gm'),
(82, 'GE', 'Georgia', 'Georgia', 'GEO', '268', 'yes', '995', '.ge'),
(83, 'DE', 'Germany', 'Federal Republic of Germany', 'DEU', '276', 'yes', '49', '.de'),
(84, 'GH', 'Ghana', 'Republic of Ghana', 'GHA', '288', 'yes', '233', '.gh'),
(85, 'GI', 'Gibraltar', 'Gibraltar', 'GIB', '292', 'no', '350', '.gi'),
(86, 'GR', 'Greece', 'Hellenic Republic', 'GRC', '300', 'yes', '30', '.gr'),
(87, 'GL', 'Greenland', 'Greenland', 'GRL', '304', 'no', '299', '.gl'),
(88, 'GD', 'Grenada', 'Grenada', 'GRD', '308', 'yes', '1+473', '.gd'),
(89, 'GP', 'Guadaloupe', 'Guadeloupe', 'GLP', '312', 'no', '590', '.gp'),
(90, 'GU', 'Guam', 'Guam', 'GUM', '316', 'no', '1+671', '.gu'),
(91, 'GT', 'Guatemala', 'Republic of Guatemala', 'GTM', '320', 'yes', '502', '.gt'),
(92, 'GG', 'Guernsey', 'Guernsey', 'GGY', '831', 'no', '44', '.gg'),
(93, 'GN', 'Guinea', 'Republic of Guinea', 'GIN', '324', 'yes', '224', '.gn'),
(94, 'GW', 'Guinea-Bissau', 'Republic of Guinea-Bissau', 'GNB', '624', 'yes', '245', '.gw'),
(95, 'GY', 'Guyana', 'Co-operative Republic of Guyana', 'GUY', '328', 'yes', '592', '.gy'),
(96, 'HT', 'Haiti', 'Republic of Haiti', 'HTI', '332', 'yes', '509', '.ht'),
(97, 'HM', 'Heard Island and McDonald Islands', 'Heard Island and McDonald Islands', 'HMD', '334', 'no', 'NONE', '.hm'),
(98, 'HN', 'Honduras', 'Republic of Honduras', 'HND', '340', 'yes', '504', '.hn'),
(99, 'HK', 'Hong Kong', 'Hong Kong', 'HKG', '344', 'no', '852', '.hk'),
(100, 'HU', 'Hungary', 'Hungary', 'HUN', '348', 'yes', '36', '.hu'),
(101, 'IS', 'Iceland', 'Republic of Iceland', 'ISL', '352', 'yes', '354', '.is'),
(102, 'IN', 'India', 'Republic of India', 'IND', '356', 'yes', '91', '.in'),
(103, 'ID', 'Indonesia', 'Republic of Indonesia', 'IDN', '360', 'yes', '62', '.id'),
(104, 'IR', 'Iran', 'Islamic Republic of Iran', 'IRN', '364', 'yes', '98', '.ir'),
(105, 'IQ', 'Iraq', 'Republic of Iraq', 'IRQ', '368', 'yes', '964', '.iq'),
(106, 'IE', 'Ireland', 'Ireland', 'IRL', '372', 'yes', '353', '.ie'),
(107, 'IM', 'Isle of Man', 'Isle of Man', 'IMN', '833', 'no', '44', '.im'),
(108, 'IL', 'Israel', 'State of Israel', 'ISR', '376', 'yes', '972', '.il'),
(109, 'IT', 'Italy', 'Italian Republic', 'ITA', '380', 'yes', '39', '.jm'),
(110, 'JM', 'Jamaica', 'Jamaica', 'JAM', '388', 'yes', '1+876', '.jm'),
(111, 'JP', 'Japan', 'Japan', 'JPN', '392', 'yes', '81', '.jp'),
(112, 'JE', 'Jersey', 'The Bailiwick of Jersey', 'JEY', '832', 'no', '44', '.je'),
(113, 'JO', 'Jordan', 'Hashemite Kingdom of Jordan', 'JOR', '400', 'yes', '962', '.jo'),
(114, 'KZ', 'Kazakhstan', 'Republic of Kazakhstan', 'KAZ', '398', 'yes', '7', '.kz'),
(115, 'KE', 'Kenya', 'Republic of Kenya', 'KEN', '404', 'yes', '254', '.ke'),
(116, 'KI', 'Kiribati', 'Republic of Kiribati', 'KIR', '296', 'yes', '686', '.ki'),
(117, 'XK', 'Kosovo', 'Republic of Kosovo', '---', '---', 'some', '381', ''),
(118, 'KW', 'Kuwait', 'State of Kuwait', 'KWT', '414', 'yes', '965', '.kw'),
(119, 'KG', 'Kyrgyzstan', 'Kyrgyz Republic', 'KGZ', '417', 'yes', '996', '.kg'),
(120, 'LA', 'Laos', 'Lao People\'s Democratic Republic', 'LAO', '418', 'yes', '856', '.la'),
(121, 'LV', 'Latvia', 'Republic of Latvia', 'LVA', '428', 'yes', '371', '.lv'),
(122, 'LB', 'Lebanon', 'Republic of Lebanon', 'LBN', '422', 'yes', '961', '.lb'),
(123, 'LS', 'Lesotho', 'Kingdom of Lesotho', 'LSO', '426', 'yes', '266', '.ls'),
(124, 'LR', 'Liberia', 'Republic of Liberia', 'LBR', '430', 'yes', '231', '.lr'),
(125, 'LY', 'Libya', 'Libya', 'LBY', '434', 'yes', '218', '.ly'),
(126, 'LI', 'Liechtenstein', 'Principality of Liechtenstein', 'LIE', '438', 'yes', '423', '.li'),
(127, 'LT', 'Lithuania', 'Republic of Lithuania', 'LTU', '440', 'yes', '370', '.lt'),
(128, 'LU', 'Luxembourg', 'Grand Duchy of Luxembourg', 'LUX', '442', 'yes', '352', '.lu'),
(129, 'MO', 'Macao', 'The Macao Special Administrative Region', 'MAC', '446', 'no', '853', '.mo'),
(130, 'MK', 'North Macedonia', 'Republic of North Macedonia', 'MKD', '807', 'yes', '389', '.mk'),
(131, 'MG', 'Madagascar', 'Republic of Madagascar', 'MDG', '450', 'yes', '261', '.mg'),
(132, 'MW', 'Malawi', 'Republic of Malawi', 'MWI', '454', 'yes', '265', '.mw'),
(133, 'MY', 'Malaysia', 'Malaysia', 'MYS', '458', 'yes', '60', '.my'),
(134, 'MV', 'Maldives', 'Republic of Maldives', 'MDV', '462', 'yes', '960', '.mv'),
(135, 'ML', 'Mali', 'Republic of Mali', 'MLI', '466', 'yes', '223', '.ml'),
(136, 'MT', 'Malta', 'Republic of Malta', 'MLT', '470', 'yes', '356', '.mt'),
(137, 'MH', 'Marshall Islands', 'Republic of the Marshall Islands', 'MHL', '584', 'yes', '692', '.mh'),
(138, 'MQ', 'Martinique', 'Martinique', 'MTQ', '474', 'no', '596', '.mq'),
(139, 'MR', 'Mauritania', 'Islamic Republic of Mauritania', 'MRT', '478', 'yes', '222', '.mr'),
(140, 'MU', 'Mauritius', 'Republic of Mauritius', 'MUS', '480', 'yes', '230', '.mu'),
(141, 'YT', 'Mayotte', 'Mayotte', 'MYT', '175', 'no', '262', '.yt'),
(142, 'MX', 'Mexico', 'United Mexican States', 'MEX', '484', 'yes', '52', '.mx'),
(143, 'FM', 'Micronesia', 'Federated States of Micronesia', 'FSM', '583', 'yes', '691', '.fm'),
(144, 'MD', 'Moldava', 'Republic of Moldova', 'MDA', '498', 'yes', '373', '.md'),
(145, 'MC', 'Monaco', 'Principality of Monaco', 'MCO', '492', 'yes', '377', '.mc'),
(146, 'MN', 'Mongolia', 'Mongolia', 'MNG', '496', 'yes', '976', '.mn'),
(147, 'ME', 'Montenegro', 'Montenegro', 'MNE', '499', 'yes', '382', '.me'),
(148, 'MS', 'Montserrat', 'Montserrat', 'MSR', '500', 'no', '1+664', '.ms'),
(149, 'MA', 'Morocco', 'Kingdom of Morocco', 'MAR', '504', 'yes', '212', '.ma'),
(150, 'MZ', 'Mozambique', 'Republic of Mozambique', 'MOZ', '508', 'yes', '258', '.mz'),
(151, 'MM', 'Myanmar (Burma)', 'Republic of the Union of Myanmar', 'MMR', '104', 'yes', '95', '.mm'),
(152, 'NA', 'Namibia', 'Republic of Namibia', 'NAM', '516', 'yes', '264', '.na'),
(153, 'NR', 'Nauru', 'Republic of Nauru', 'NRU', '520', 'yes', '674', '.nr'),
(154, 'NP', 'Nepal', 'Federal Democratic Republic of Nepal', 'NPL', '524', 'yes', '977', '.np'),
(155, 'NL', 'Netherlands', 'Kingdom of the Netherlands', 'NLD', '528', 'yes', '31', '.nl'),
(156, 'NC', 'New Caledonia', 'New Caledonia', 'NCL', '540', 'no', '687', '.nc'),
(157, 'NZ', 'New Zealand', 'New Zealand', 'NZL', '554', 'yes', '64', '.nz'),
(158, 'NI', 'Nicaragua', 'Republic of Nicaragua', 'NIC', '558', 'yes', '505', '.ni'),
(159, 'NE', 'Niger', 'Republic of Niger', 'NER', '562', 'yes', '227', '.ne'),
(160, 'NG', 'Nigeria', 'Federal Republic of Nigeria', 'NGA', '566', 'yes', '234', '.ng'),
(161, 'NU', 'Niue', 'Niue', 'NIU', '570', 'some', '683', '.nu'),
(162, 'NF', 'Norfolk Island', 'Norfolk Island', 'NFK', '574', 'no', '672', '.nf'),
(163, 'KP', 'North Korea', 'Democratic People\'s Republic of Korea', 'PRK', '408', 'yes', '850', '.kp'),
(164, 'MP', 'Northern Mariana Islands', 'Northern Mariana Islands', 'MNP', '580', 'no', '1+670', '.mp'),
(165, 'NO', 'Norway', 'Kingdom of Norway', 'NOR', '578', 'yes', '47', '.no'),
(166, 'OM', 'Oman', 'Sultanate of Oman', 'OMN', '512', 'yes', '968', '.om'),
(167, 'PK', 'Pakistan', 'Islamic Republic of Pakistan', 'PAK', '586', 'yes', '92', '.pk'),
(168, 'PW', 'Palau', 'Republic of Palau', 'PLW', '585', 'yes', '680', '.pw'),
(169, 'PS', 'Palestine', 'State of Palestine (or Occupied Palestinian Territory)', 'PSE', '275', 'some', '970', '.ps'),
(170, 'PA', 'Panama', 'Republic of Panama', 'PAN', '591', 'yes', '507', '.pa'),
(171, 'PG', 'Papua New Guinea', 'Independent State of Papua New Guinea', 'PNG', '598', 'yes', '675', '.pg'),
(172, 'PY', 'Paraguay', 'Republic of Paraguay', 'PRY', '600', 'yes', '595', '.py'),
(173, 'PE', 'Peru', 'Republic of Peru', 'PER', '604', 'yes', '51', '.pe'),
(174, 'PH', 'Phillipines', 'Republic of the Philippines', 'PHL', '608', 'yes', '63', '.ph'),
(175, 'PN', 'Pitcairn', 'Pitcairn', 'PCN', '612', 'no', 'NONE', '.pn'),
(176, 'PL', 'Poland', 'Republic of Poland', 'POL', '616', 'yes', '48', '.pl'),
(177, 'PT', 'Portugal', 'Portuguese Republic', 'PRT', '620', 'yes', '351', '.pt'),
(178, 'PR', 'Puerto Rico', 'Commonwealth of Puerto Rico', 'PRI', '630', 'no', '1+939', '.pr'),
(179, 'QA', 'Qatar', 'State of Qatar', 'QAT', '634', 'yes', '974', '.qa'),
(180, 'RE', 'Reunion', 'R&eacute;union', 'REU', '638', 'no', '262', '.re'),
(181, 'RO', 'Romania', 'Romania', 'ROU', '642', 'yes', '40', '.ro'),
(182, 'RU', 'Russia', 'Russian Federation', 'RUS', '643', 'yes', '7', '.ru'),
(183, 'RW', 'Rwanda', 'Republic of Rwanda', 'RWA', '646', 'yes', '250', '.rw'),
(184, 'BL', 'Saint Barthelemy', 'Saint Barth&eacute;lemy', 'BLM', '652', 'no', '590', '.bl'),
(185, 'SH', 'Saint Helena', 'Saint Helena, Ascension and Tristan da Cunha', 'SHN', '654', 'no', '290', '.sh'),
(186, 'KN', 'Saint Kitts and Nevis', 'Federation of Saint Christopher and Nevis', 'KNA', '659', 'yes', '1+869', '.kn'),
(187, 'LC', 'Saint Lucia', 'Saint Lucia', 'LCA', '662', 'yes', '1+758', '.lc'),
(188, 'MF', 'Saint Martin', 'Saint Martin', 'MAF', '663', 'no', '590', '.mf'),
(189, 'PM', 'Saint Pierre and Miquelon', 'Saint Pierre and Miquelon', 'SPM', '666', 'no', '508', '.pm'),
(190, 'VC', 'Saint Vincent and the Grenadines', 'Saint Vincent and the Grenadines', 'VCT', '670', 'yes', '1+784', '.vc'),
(191, 'WS', 'Samoa', 'Independent State of Samoa', 'WSM', '882', 'yes', '685', '.ws'),
(192, 'SM', 'San Marino', 'Republic of San Marino', 'SMR', '674', 'yes', '378', '.sm'),
(193, 'ST', 'Sao Tome and Principe', 'Democratic Republic of S&atilde;o Tom&eacute; and Pr&iacute;ncipe', 'STP', '678', 'yes', '239', '.st'),
(194, 'SA', 'Saudi Arabia', 'Kingdom of Saudi Arabia', 'SAU', '682', 'yes', '966', '.sa'),
(195, 'SN', 'Senegal', 'Republic of Senegal', 'SEN', '686', 'yes', '221', '.sn'),
(196, 'RS', 'Serbia', 'Republic of Serbia', 'SRB', '688', 'yes', '381', '.rs'),
(197, 'SC', 'Seychelles', 'Republic of Seychelles', 'SYC', '690', 'yes', '248', '.sc'),
(198, 'SL', 'Sierra Leone', 'Republic of Sierra Leone', 'SLE', '694', 'yes', '232', '.sl'),
(199, 'SG', 'Singapore', 'Republic of Singapore', 'SGP', '702', 'yes', '65', '.sg'),
(200, 'SX', 'Sint Maarten', 'Sint Maarten', 'SXM', '534', 'no', '1+721', '.sx'),
(201, 'SK', 'Slovakia', 'Slovak Republic', 'SVK', '703', 'yes', '421', '.sk'),
(202, 'SI', 'Slovenia', 'Republic of Slovenia', 'SVN', '705', 'yes', '386', '.si'),
(203, 'SB', 'Solomon Islands', 'Solomon Islands', 'SLB', '090', 'yes', '677', '.sb'),
(204, 'SO', 'Somalia', 'Somali Republic', 'SOM', '706', 'yes', '252', '.so'),
(205, 'ZA', 'South Africa', 'Republic of South Africa', 'ZAF', '710', 'yes', '27', '.za'),
(206, 'GS', 'South Georgia and the South Sandwich Islands', 'South Georgia and the South Sandwich Islands', 'SGS', '239', 'no', '500', '.gs'),
(207, 'KR', 'South Korea', 'Republic of Korea', 'KOR', '410', 'yes', '82', '.kr'),
(208, 'SS', 'South Sudan', 'Republic of South Sudan', 'SSD', '728', 'yes', '211', '.ss'),
(209, 'ES', 'Spain', 'Kingdom of Spain', 'ESP', '724', 'yes', '34', '.es'),
(210, 'LK', 'Sri Lanka', 'Democratic Socialist Republic of Sri Lanka', 'LKA', '144', 'yes', '94', '.lk'),
(211, 'SD', 'Sudan', 'Republic of the Sudan', 'SDN', '729', 'yes', '249', '.sd'),
(212, 'SR', 'Suriname', 'Republic of Suriname', 'SUR', '740', 'yes', '597', '.sr'),
(213, 'SJ', 'Svalbard and Jan Mayen', 'Svalbard and Jan Mayen', 'SJM', '744', 'no', '47', '.sj'),
(214, 'SZ', 'Swaziland', 'Kingdom of Swaziland', 'SWZ', '748', 'yes', '268', '.sz'),
(215, 'SE', 'Sweden', 'Kingdom of Sweden', 'SWE', '752', 'yes', '46', '.se'),
(216, 'CH', 'Switzerland', 'Swiss Confederation', 'CHE', '756', 'yes', '41', '.ch'),
(217, 'SY', 'Syria', 'Syrian Arab Republic', 'SYR', '760', 'yes', '963', '.sy'),
(218, 'TW', 'Taiwan', 'Republic of China (Taiwan)', 'TWN', '158', 'former', '886', '.tw'),
(219, 'TJ', 'Tajikistan', 'Republic of Tajikistan', 'TJK', '762', 'yes', '992', '.tj'),
(220, 'TZ', 'Tanzania', 'United Republic of Tanzania', 'TZA', '834', 'yes', '255', '.tz'),
(221, 'TH', 'Thailand', 'Kingdom of Thailand', 'THA', '764', 'yes', '66', '.th'),
(222, 'TL', 'Timor-Leste (East Timor)', 'Democratic Republic of Timor-Leste', 'TLS', '626', 'yes', '670', '.tl'),
(223, 'TG', 'Togo', 'Togolese Republic', 'TGO', '768', 'yes', '228', '.tg'),
(224, 'TK', 'Tokelau', 'Tokelau', 'TKL', '772', 'no', '690', '.tk'),
(225, 'TO', 'Tonga', 'Kingdom of Tonga', 'TON', '776', 'yes', '676', '.to'),
(226, 'TT', 'Trinidad and Tobago', 'Republic of Trinidad and Tobago', 'TTO', '780', 'yes', '1+868', '.tt'),
(227, 'TN', 'Tunisia', 'Republic of Tunisia', 'TUN', '788', 'yes', '216', '.tn'),
(228, 'TR', 'Turkey', 'Republic of Turkey', 'TUR', '792', 'yes', '90', '.tr'),
(229, 'TM', 'Turkmenistan', 'Turkmenistan', 'TKM', '795', 'yes', '993', '.tm'),
(230, 'TC', 'Turks and Caicos Islands', 'Turks and Caicos Islands', 'TCA', '796', 'no', '1+649', '.tc'),
(231, 'TV', 'Tuvalu', 'Tuvalu', 'TUV', '798', 'yes', '688', '.tv'),
(232, 'UG', 'Uganda', 'Republic of Uganda', 'UGA', '800', 'yes', '256', '.ug'),
(233, 'UA', 'Ukraine', 'Ukraine', 'UKR', '804', 'yes', '380', '.ua'),
(234, 'AE', 'United Arab Emirates', 'United Arab Emirates', 'ARE', '784', 'yes', '971', '.ae'),
(235, 'GB', 'United Kingdom', 'United Kingdom of Great Britain and Nothern Ireland', 'GBR', '826', 'yes', '44', '.uk'),
(236, 'US', 'United States', 'United States of America', 'USA', '840', 'yes', '1', '.us'),
(237, 'UM', 'United States Minor Outlying Islands', 'United States Minor Outlying Islands', 'UMI', '581', 'no', 'NONE', 'NONE'),
(238, 'UY', 'Uruguay', 'Eastern Republic of Uruguay', 'URY', '858', 'yes', '598', '.uy'),
(239, 'UZ', 'Uzbekistan', 'Republic of Uzbekistan', 'UZB', '860', 'yes', '998', '.uz'),
(240, 'VU', 'Vanuatu', 'Republic of Vanuatu', 'VUT', '548', 'yes', '678', '.vu'),
(241, 'VA', 'Vatican City', 'State of the Vatican City', 'VAT', '336', 'no', '39', '.va'),
(242, 'VE', 'Venezuela', 'Bolivarian Republic of Venezuela', 'VEN', '862', 'yes', '58', '.ve'),
(243, 'VN', 'Vietnam', 'Socialist Republic of Vietnam', 'VNM', '704', 'yes', '84', '.vn'),
(244, 'VG', 'Virgin Islands, British', 'British Virgin Islands', 'VGB', '092', 'no', '1+284', '.vg'),
(245, 'VI', 'Virgin Islands, US', 'Virgin Islands of the United States', 'VIR', '850', 'no', '1+340', '.vi'),
(246, 'WF', 'Wallis and Futuna', 'Wallis and Futuna', 'WLF', '876', 'no', '681', '.wf'),
(247, 'EH', 'Western Sahara', 'Western Sahara', 'ESH', '732', 'no', '212', '.eh'),
(248, 'YE', 'Yemen', 'Republic of Yemen', 'YEM', '887', 'yes', '967', '.ye'),
(249, 'ZM', 'Zambia', 'Republic of Zambia', 'ZMB', '894', 'yes', '260', '.zm'),
(250, 'ZW', 'Zimbabwe', 'Republic of Zimbabwe', 'ZWE', '716', 'yes', '263', '.zw');

-- --------------------------------------------------------

--
-- Table structure for table `tblcreditnotes`
--

CREATE TABLE `tblcreditnotes` (
  `id` int(11) NOT NULL,
  `clientid` int(11) NOT NULL,
  `deleted_customer_name` varchar(100) DEFAULT NULL,
  `number` int(11) NOT NULL,
  `prefix` varchar(50) DEFAULT NULL,
  `number_format` int(11) NOT NULL DEFAULT 1,
  `datecreated` datetime NOT NULL,
  `date` date NOT NULL,
  `adminnote` text DEFAULT NULL,
  `terms` text DEFAULT NULL,
  `clientnote` text DEFAULT NULL,
  `currency` int(11) NOT NULL,
  `subtotal` decimal(15,2) NOT NULL,
  `total_tax` decimal(15,2) NOT NULL DEFAULT 0.00,
  `total` decimal(15,2) NOT NULL,
  `adjustment` decimal(15,2) DEFAULT NULL,
  `addedfrom` int(11) DEFAULT NULL,
  `status` int(11) DEFAULT 1,
  `project_id` int(11) NOT NULL DEFAULT 0,
  `discount_percent` decimal(15,2) DEFAULT 0.00,
  `discount_total` decimal(15,2) DEFAULT 0.00,
  `discount_type` varchar(30) NOT NULL,
  `billing_street` varchar(200) DEFAULT NULL,
  `billing_city` varchar(100) DEFAULT NULL,
  `billing_state` varchar(100) DEFAULT NULL,
  `billing_zip` varchar(100) DEFAULT NULL,
  `billing_country` int(11) DEFAULT NULL,
  `shipping_street` varchar(200) DEFAULT NULL,
  `shipping_city` varchar(100) DEFAULT NULL,
  `shipping_state` varchar(100) DEFAULT NULL,
  `shipping_zip` varchar(100) DEFAULT NULL,
  `shipping_country` int(11) DEFAULT NULL,
  `include_shipping` tinyint(1) NOT NULL,
  `show_shipping_on_credit_note` tinyint(1) NOT NULL DEFAULT 1,
  `show_quantity_as` int(11) NOT NULL DEFAULT 1,
  `reference_no` varchar(100) DEFAULT NULL
) ENGINE=InnoDB DEFAULT CHARSET=utf8;

-- --------------------------------------------------------

--
-- Table structure for table `tblcreditnote_refunds`
--

CREATE TABLE `tblcreditnote_refunds` (
  `id` int(11) NOT NULL,
  `credit_note_id` int(11) NOT NULL,
  `staff_id` int(11) NOT NULL,
  `refunded_on` date NOT NULL,
  `payment_mode` varchar(40) NOT NULL,
  `note` text DEFAULT NULL,
  `amount` decimal(15,2) NOT NULL,
  `created_at` datetime DEFAULT NULL
) ENGINE=InnoDB DEFAULT CHARSET=utf8;

-- --------------------------------------------------------

--
-- Table structure for table `tblcredits`
--

CREATE TABLE `tblcredits` (
  `id` int(11) NOT NULL,
  `invoice_id` int(11) NOT NULL,
  `credit_id` int(11) NOT NULL,
  `staff_id` int(11) NOT NULL,
  `date` date NOT NULL,
  `date_applied` datetime NOT NULL,
  `amount` decimal(15,2) NOT NULL
) ENGINE=InnoDB DEFAULT CHARSET=utf8;

-- --------------------------------------------------------

--
-- Table structure for table `tblcurrencies`
--

CREATE TABLE `tblcurrencies` (
  `id` int(11) NOT NULL,
  `symbol` varchar(10) NOT NULL,
  `name` varchar(100) NOT NULL,
  `decimal_separator` varchar(5) DEFAULT NULL,
  `thousand_separator` varchar(5) DEFAULT NULL,
  `placement` varchar(10) DEFAULT NULL,
  `isdefault` tinyint(1) NOT NULL DEFAULT 0
) ENGINE=InnoDB DEFAULT CHARSET=utf8;

--
-- Dumping data for table `tblcurrencies`
--

INSERT INTO `tblcurrencies` (`id`, `symbol`, `name`, `decimal_separator`, `thousand_separator`, `placement`, `isdefault`) VALUES
(1, '$', 'USD', '.', ',', 'before', 0),
(2, '', 'EUR', ',', '.', 'before', 0),
(3, '', 'INR', '.', ',', 'before', 1);

-- --------------------------------------------------------

--
-- Table structure for table `tblcustomers_groups`
--

CREATE TABLE `tblcustomers_groups` (
  `id` int(11) NOT NULL,
  `name` varchar(191) NOT NULL
) ENGINE=InnoDB DEFAULT CHARSET=utf8;

--
-- Dumping data for table `tblcustomers_groups`
--

INSERT INTO `tblcustomers_groups` (`id`, `name`) VALUES
(2, 'business'),
(3, 'Diagnostics '),
(1, 'Group');

-- --------------------------------------------------------

--
-- Table structure for table `tblcustomer_admins`
--

CREATE TABLE `tblcustomer_admins` (
  `staff_id` int(11) NOT NULL,
  `customer_id` int(11) NOT NULL,
  `date_assigned` text NOT NULL
) ENGINE=InnoDB DEFAULT CHARSET=utf8;

--
-- Dumping data for table `tblcustomer_admins`
--

INSERT INTO `tblcustomer_admins` (`staff_id`, `customer_id`, `date_assigned`) VALUES
(4, 1, '2019-12-13 11:26:08'),
(4, 102, '2020-06-09 12:07:04');

-- --------------------------------------------------------

--
-- Table structure for table `tblcustomer_groups`
--

CREATE TABLE `tblcustomer_groups` (
  `id` int(11) NOT NULL,
  `groupid` int(11) NOT NULL,
  `customer_id` int(11) NOT NULL
) ENGINE=InnoDB DEFAULT CHARSET=utf8;

--
-- Dumping data for table `tblcustomer_groups`
--

INSERT INTO `tblcustomer_groups` (`id`, `groupid`, `customer_id`) VALUES
(1, 1, 2),
(2, 1, 11),
(4, 2, 103),
(5, 3, 102);

-- --------------------------------------------------------

--
-- Table structure for table `tblcustomfields`
--

CREATE TABLE `tblcustomfields` (
  `id` int(11) NOT NULL,
  `fieldto` varchar(15) NOT NULL,
  `name` varchar(150) NOT NULL,
  `slug` varchar(150) NOT NULL,
  `required` tinyint(1) NOT NULL DEFAULT 0,
  `type` varchar(20) NOT NULL,
  `options` mediumtext DEFAULT NULL,
  `display_inline` tinyint(1) NOT NULL DEFAULT 0,
  `field_order` int(11) DEFAULT 0,
  `active` int(11) NOT NULL DEFAULT 1,
  `show_on_pdf` int(11) NOT NULL DEFAULT 0,
  `show_on_ticket_form` tinyint(1) NOT NULL DEFAULT 0,
  `only_admin` tinyint(1) NOT NULL DEFAULT 0,
  `show_on_table` tinyint(1) NOT NULL DEFAULT 0,
  `show_on_client_portal` int(11) NOT NULL DEFAULT 0,
  `disalow_client_to_edit` int(11) NOT NULL DEFAULT 0,
  `bs_column` int(11) NOT NULL DEFAULT 12
) ENGINE=InnoDB DEFAULT CHARSET=utf8;

--
-- Dumping data for table `tblcustomfields`
--

INSERT INTO `tblcustomfields` (`id`, `fieldto`, `name`, `slug`, `required`, `type`, `options`, `display_inline`, `field_order`, `active`, `show_on_pdf`, `show_on_ticket_form`, `only_admin`, `show_on_table`, `show_on_client_portal`, `disalow_client_to_edit`, `bs_column`) VALUES
(4, 'projects', 'Competitors', 'projects_competitors', 0, 'multiselect', 'VSN, Salesforce, Veeva, Hubspot', 0, 0, 0, 0, 0, 0, 1, 0, 0, 12),
(5, 'projects', 'test', 'projects_test', 0, 'time_picker', 'test1, test2, test3, test4, test5', 0, 0, 0, 0, 0, 0, 1, 0, 0, 6),
(6, 'customers', 'Organizations CF', 'contacts_person_cf', 1, 'input', '', 0, 0, 1, 0, 0, 0, 1, 0, 0, 12),
(7, 'contacts', 'Person CF', 'contacts_person_cf_2', 1, 'input', '', 0, 0, 1, 0, 0, 0, 1, 0, 0, 12),
(8, 'customers', 'Type', 'customers_type', 0, 'checkbox', 'pharma,fmcg,payroll', 1, 0, 1, 0, 0, 0, 1, 0, 0, 12),
(9, 'customers', 'Address 2. ', 'customers_address_2', 1, 'input', '', 0, 0, 1, 0, 0, 0, 0, 0, 0, 12);

-- --------------------------------------------------------

--
-- Table structure for table `tblcustomfieldsvalues`
--

CREATE TABLE `tblcustomfieldsvalues` (
  `id` int(11) NOT NULL,
  `relid` int(11) NOT NULL,
  `fieldid` int(11) NOT NULL,
  `fieldto` varchar(15) NOT NULL,
  `value` text NOT NULL
) ENGINE=InnoDB DEFAULT CHARSET=utf8;

--
-- Dumping data for table `tblcustomfieldsvalues`
--

INSERT INTO `tblcustomfieldsvalues` (`id`, `relid`, `fieldid`, `fieldto`, `value`) VALUES
(5, 100, 4, 'projects', 'Hubspot'),
(7, 101, 4, 'projects', 'Salesforce'),
(8, 95, 7, 'contacts', 'test'),
(9, 99, 7, 'contacts', 'g'),
(10, 106, 7, 'contacts', 'hbhb'),
(12, 102, 6, 'customers', 'address1'),
(13, 102, 9, 'customers', 'address2'),
(14, 16, 6, 'customers', 'address1'),
(15, 16, 9, 'customers', 'Address2'),
(16, 108, 7, 'contacts', 'Person CF'),
(17, 0, 6, 'customers', 'Sample Data'),
(18, 0, 8, 'customers', 'Sample Data'),
(19, 0, 9, 'customers', 'Sample Data'),
(20, 0, 6, 'customers', 'Sun Media - Organizaiton'),
(21, 0, 8, 'customers', 'Pharma'),
(22, 0, 9, 'customers', 'Address 2.'),
(23, 0, 6, 'customers', 'Sample Data'),
(24, 0, 8, 'customers', 'Sample Data'),
(25, 0, 9, 'customers', 'Sample Data'),
(26, 0, 6, 'customers', 'Sun Media - Organizaiton'),
(27, 0, 8, 'customers', 'Pharma'),
(28, 0, 9, 'customers', 'Address 2.');

-- --------------------------------------------------------

--
-- Table structure for table `tbldeallossreasons`
--

CREATE TABLE `tbldeallossreasons` (
  `id` int(11) NOT NULL,
  `name` varchar(191) NOT NULL,
  `publishstatus` varchar(191) NOT NULL,
  `created_date` datetime NOT NULL,
  `created_by` int(11) NOT NULL,
  `updated_date` datetime NOT NULL,
  `updated_by` int(11) NOT NULL
) ENGINE=InnoDB DEFAULT CHARSET=utf8;

--
-- Dumping data for table `tbldeallossreasons`
--

INSERT INTO `tbldeallossreasons` (`id`, `name`, `publishstatus`, `created_date`, `created_by`, `updated_date`, `updated_by`) VALUES
(1, 'Poor Follow-UP', '1', '2020-07-16 09:53:21', 1, '2020-08-02 20:56:53', 1),
(2, 'Price', '1', '2020-07-24 16:00:13', 1, '2020-08-02 20:56:25', 1),
(3, 'Features', '0', '2020-08-02 20:57:27', 1, '0000-00-00 00:00:00', 0);

-- --------------------------------------------------------

--
-- Table structure for table `tbldepartments`
--

CREATE TABLE `tbldepartments` (
  `departmentid` int(11) NOT NULL,
  `name` varchar(100) NOT NULL,
  `imap_username` varchar(191) DEFAULT NULL,
  `email` varchar(100) DEFAULT NULL,
  `email_from_header` tinyint(1) NOT NULL DEFAULT 0,
  `host` varchar(150) DEFAULT NULL,
  `password` mediumtext DEFAULT NULL,
  `encryption` varchar(3) DEFAULT NULL,
  `delete_after_import` int(11) NOT NULL DEFAULT 0,
  `calendar_id` mediumtext DEFAULT NULL,
  `hidefromclient` tinyint(1) NOT NULL DEFAULT 0
) ENGINE=InnoDB DEFAULT CHARSET=utf8;

-- --------------------------------------------------------

--
-- Table structure for table `tbldesignations`
--

CREATE TABLE `tbldesignations` (
  `designationid` int(11) NOT NULL,
  `roleid` int(11) NOT NULL,
  `name` varchar(150) NOT NULL,
  `permissions` longtext DEFAULT NULL
) ENGINE=InnoDB DEFAULT CHARSET=utf8;

--
-- Dumping data for table `tbldesignations`
--

INSERT INTO `tbldesignations` (`designationid`, `roleid`, `name`, `permissions`) VALUES
(4, 1, 'MD', 'a:0:{}'),
(5, 1, 'Admin', 'a:0:{}'),
(6, 3, 'Executive', 'a:0:{}'),
(7, 2, '1st Line Manager', 'a:0:{}'),
(8, 2, '2nd Line Manager', 'a:0:{}');

-- --------------------------------------------------------

--
-- Table structure for table `tbldismissed_announcements`
--

CREATE TABLE `tbldismissed_announcements` (
  `dismissedannouncementid` int(11) NOT NULL,
  `announcementid` int(11) NOT NULL,
  `staff` int(11) NOT NULL,
  `userid` int(11) NOT NULL
) ENGINE=InnoDB DEFAULT CHARSET=utf8;

-- --------------------------------------------------------

--
-- Table structure for table `tblemailtemplates`
--

CREATE TABLE `tblemailtemplates` (
  `emailtemplateid` int(11) NOT NULL,
  `type` mediumtext NOT NULL,
  `slug` varchar(100) NOT NULL,
  `language` varchar(40) DEFAULT NULL,
  `name` mediumtext NOT NULL,
  `subject` mediumtext NOT NULL,
  `message` text NOT NULL,
  `fromname` mediumtext NOT NULL,
  `fromemail` varchar(100) DEFAULT NULL,
  `plaintext` int(11) NOT NULL DEFAULT 0,
  `active` tinyint(4) NOT NULL DEFAULT 0,
  `order` int(11) NOT NULL
) ENGINE=InnoDB DEFAULT CHARSET=utf8;

--
-- Dumping data for table `tblemailtemplates`
--

INSERT INTO `tblemailtemplates` (`emailtemplateid`, `type`, `slug`, `language`, `name`, `subject`, `message`, `fromname`, `fromemail`, `plaintext`, `active`, `order`) VALUES
(1, 'client', 'new-client-created', 'english', 'New Contact Added/Registered (Welcome Email)', 'Welcome aboard', 'Dear {contact_firstname} {contact_lastname}<br /><br />Thank you for registering on the <strong>{companyname}</strong> CRM System.<br /><br />We just wanted to say welcome.<br /><br />Please contact us if you need any help.<br /><br />Click here to view your profile: <a href=\"{crm_url}\">{crm_url}</a><br /><br />Kind Regards, <br />{email_signature}<br /><br />(This is an automated email, so please don\'t reply to this email address)', '{companyname} | CRM', '', 0, 1, 0),
(2, 'invoice', 'invoice-send-to-client', 'english', 'Send Invoice to Customer', 'Invoice with number {invoice_number} created', '<span style=\"font-size: 12pt;\">Dear {contact_firstname} {contact_lastname}</span><br /><br /><span style=\"font-size: 12pt;\">We have prepared the following invoice for you: <strong># {invoice_number}</strong></span><br /><br /><span style=\"font-size: 12pt;\"><strong>Invoice status</strong>: {invoice_status}</span><br /><br /><span style=\"font-size: 12pt;\">You can view the invoice on the following link: <a href=\"{invoice_link}\">{invoice_number}</a></span><br /><br /><span style=\"font-size: 12pt;\">Please contact us for more information.</span><br /><br /><span style=\"font-size: 12pt;\">Kind Regards,</span><br /><span style=\"font-size: 12pt;\">{email_signature}</span>', '{companyname} | CRM', '', 0, 1, 0),
(3, 'ticket', 'new-ticket-opened-admin', 'english', 'New Ticket Opened (Opened by Staff, Sent to Customer)', 'New Support Ticket Opened', '<span style=\"font-size: 12pt;\">Hi {contact_firstname} {contact_lastname}</span><br /><br /><span style=\"font-size: 12pt;\">New support ticket has been opened.</span><br /><br /><span style=\"font-size: 12pt;\"><strong>Subject:</strong> {ticket_subject}</span><br /><span style=\"font-size: 12pt;\"><strong>Department:</strong> {ticket_department}</span><br /><span style=\"font-size: 12pt;\"><strong>Priority:</strong> {ticket_priority}</span><br /><br /><span style=\"font-size: 12pt;\"><strong>Ticket message:</strong></span><br /><span style=\"font-size: 12pt;\">{ticket_message}</span><br /><br /><span style=\"font-size: 12pt;\">You can view the ticket on the following link: <a href=\"{ticket_url}\">#{ticket_id}<br /><br /></a>Kind Regards,</span><br /><span style=\"font-size: 12pt;\">{email_signature}</span>', '{companyname} | CRM', '', 0, 1, 0),
(4, 'ticket', 'ticket-reply', 'english', 'Ticket Reply (Sent to Customer)', 'New Ticket Reply', '<span style=\"font-size: 12pt;\">Hi {contact_firstname} {contact_lastname}</span><br /><br /><span style=\"font-size: 12pt;\">You have a new ticket reply to ticket <a href=\"{ticket_url}\">#{ticket_id}</a></span><br /><br /><span style=\"font-size: 12pt;\"><strong>Ticket Subject:</strong> {ticket_subject}<br /></span><br /><span style=\"font-size: 12pt;\"><strong>Ticket message:</strong></span><br /><span style=\"font-size: 12pt;\">{ticket_message}</span><br /><br /><span style=\"font-size: 12pt;\">You can view the ticket on the following link: <a href=\"{ticket_url}\">#{ticket_id}</a></span><br /><br /><span style=\"font-size: 12pt;\">Kind Regards,</span><br /><span style=\"font-size: 12pt;\">{email_signature}</span>', '{companyname} | CRM', '', 0, 1, 0),
(5, 'ticket', 'ticket-autoresponse', 'english', 'New Ticket Opened - Autoresponse', 'New Support Ticket Opened', '<span style=\"font-size: 12pt;\">Hi {contact_firstname} {contact_lastname}</span><br /><br /><span style=\"font-size: 12pt;\">Thank you for contacting our support team. A support ticket has now been opened for your request. You will be notified when a response is made by email.</span><br /> <br /><span style=\"font-size: 12pt;\"><strong>Subject:</strong> {ticket_subject}</span><br /><span style=\"font-size: 12pt;\"><strong>Department</strong>: {ticket_department}</span><br /><span style=\"font-size: 12pt;\"><strong>Priority:</strong> {ticket_priority}</span><br /> <br /><span style=\"font-size: 12pt;\"><strong>Ticket message:</strong></span><br /><span style=\"font-size: 12pt;\">{ticket_message}</span><br /><br /><span style=\"font-size: 12pt;\">You can view the ticket on the following link: <a href=\"{ticket_url}\">#{ticket_id}</a></span><br /> <br /><span style=\"font-size: 12pt;\">Kind Regards,</span><br /><span style=\"font-size: 12pt;\">{email_signature}</span>', '{companyname} | CRM', '', 0, 1, 0),
(6, 'invoice', 'invoice-payment-recorded', 'english', 'Invoice Payment Recorded (Sent to Customer)', 'Invoice Payment Recorded', '<span style=\"font-size: 12pt;\">Hello {contact_firstname}&nbsp;{contact_lastname}<br /><br /></span>Thank you for the payment. Find the payment details below:<br /><br />-------------------------------------------------<br /><br />Amount:&nbsp;<strong>{payment_total}<br /></strong>Date:&nbsp;<strong>{payment_date}</strong><br />Invoice number:&nbsp;<span style=\"font-size: 12pt;\"><strong># {invoice_number}<br /><br /></strong></span>-------------------------------------------------<br /><br />You can always view the invoice for this payment at the following link:&nbsp;<a href=\"{invoice_link}\"><span style=\"font-size: 12pt;\">{invoice_number}</span></a><br /><br />We are looking forward working with you.<br /><br /><span style=\"font-size: 12pt;\">Kind Regards,</span><br /><span style=\"font-size: 12pt;\">{email_signature}</span>', '{companyname} | CRM', '', 0, 1, 0),
(7, 'invoice', 'invoice-overdue-notice', 'english', 'Invoice Overdue Notice', 'Invoice Overdue Notice - {invoice_number}', '<span style=\"font-size: 12pt;\">Hi {contact_firstname} {contact_lastname}</span><br /><br /><span style=\"font-size: 12pt;\">This is an overdue notice for invoice <strong># {invoice_number}</strong></span><br /><br /><span style=\"font-size: 12pt;\">This invoice was due: {invoice_duedate}</span><br /><br /><span style=\"font-size: 12pt;\">You can view the invoice on the following link: <a href=\"{invoice_link}\">{invoice_number}</a></span><br /><br /><span style=\"font-size: 12pt;\">Kind Regards,</span><br /><span style=\"font-size: 12pt;\">{email_signature}</span>', '{companyname} | CRM', '', 0, 1, 0),
(8, 'invoice', 'invoice-already-send', 'english', 'Invoice Already Sent to Customer', 'Invoice # {invoice_number} ', '<span style=\"font-size: 12pt;\">Hi {contact_firstname} {contact_lastname}</span><br /><br /><span style=\"font-size: 12pt;\">At your request, here is the invoice with number <strong># {invoice_number}</strong></span><br /><br /><span style=\"font-size: 12pt;\">You can view the invoice on the following link: <a href=\"{invoice_link}\">{invoice_number}</a></span><br /><br /><span style=\"font-size: 12pt;\">Please contact us for more information.</span><br /><br /><span style=\"font-size: 12pt;\">Kind Regards,</span><br /><span style=\"font-size: 12pt;\">{email_signature}</span>', '{companyname} | CRM', '', 0, 1, 0),
(9, 'ticket', 'new-ticket-created-staff', 'english', 'New Ticket Created (Opened by Customer, Sent to Staff Members)', 'New Ticket Created', '<span style=\"font-size: 12pt;\">A new support ticket has been opened.</span><br /> <br /><span style=\"font-size: 12pt;\"><strong>Subject</strong>: {ticket_subject}</span><br /><span style=\"font-size: 12pt;\"><strong>Department</strong>: {ticket_department}</span><br /><span style=\"font-size: 12pt;\"><strong>Priority</strong>: {ticket_priority}</span><br /> <br /><span style=\"font-size: 12pt;\"><strong>Ticket message:</strong></span><br /><span style=\"font-size: 12pt;\">{ticket_message}</span><br /><br /><span style=\"font-size: 12pt;\">You can view the ticket on the following link: <a href=\"{ticket_url}\">#{ticket_id}<br /></a></span><br /><span style=\"font-size: 12pt;\">Kind Regards,</span><br /><span style=\"font-size: 12pt;\">{email_signature}</span>', '{companyname} | CRM', '', 0, 1, 0),
(10, 'estimate', 'estimate-send-to-client', 'english', 'Send Estimate to Customer', 'Estimate # {estimate_number} created', '<span style=\"font-size: 12pt;\">Dear {contact_firstname} {contact_lastname}</span><br /> <br /><span style=\"font-size: 12pt;\">Please find the attached estimate <strong># {estimate_number}</strong></span><br /> <br /><span style=\"font-size: 12pt;\"><strong>Estimate status:</strong> {estimate_status}</span><br /><br /><span style=\"font-size: 12pt;\">You can view the estimate on the following link: <a href=\"{estimate_link}\">{estimate_number}</a></span><br /> <br /><span style=\"font-size: 12pt;\">We look forward to your communication.</span><br /> <br /><span style=\"font-size: 12pt;\">Kind Regards,</span><br /><span style=\"font-size: 12pt;\">{email_signature}<br /></span>', '{companyname} | CRM', '', 0, 1, 0),
(11, 'ticket', 'ticket-reply-to-admin', 'english', 'Ticket Reply (Sent to Staff)', 'New Support Ticket Reply', '<span style=\"font-size: 12pt;\">A new support ticket reply from {contact_firstname} {contact_lastname}</span><br /> <br /><span style=\"font-size: 12pt;\"><strong>Subject</strong>: {ticket_subject}</span><br /><span style=\"font-size: 12pt;\"><strong>Department</strong>: {ticket_department}</span><br /><span style=\"font-size: 12pt;\"><strong>Priority</strong>: {ticket_priority}</span><br /> <br /><span style=\"font-size: 12pt;\"><strong>Ticket message:</strong></span><br /><span style=\"font-size: 12pt;\">{ticket_message}</span><br /> <br /><span style=\"font-size: 12pt;\">You can view the ticket on the following link: <a href=\"{ticket_url}\">#{ticket_id}</a></span><br /> <br /><span style=\"font-size: 12pt;\">Kind Regards,</span><br /><span style=\"font-size: 12pt;\">{email_signature}</span>', '{companyname} | CRM', '', 0, 1, 0),
(12, 'estimate', 'estimate-already-send', 'english', 'Estimate Already Sent to Customer', 'Estimate # {estimate_number} ', '<span style=\"font-size: 12pt;\">Dear {contact_firstname} {contact_lastname}</span><br /> <br /><span style=\"font-size: 12pt;\">Thank you for your estimate request.</span><br /> <br /><span style=\"font-size: 12pt;\">You can view the estimate on the following link: <a href=\"{estimate_link}\">{estimate_number}</a></span><br /> <br /><span style=\"font-size: 12pt;\">Please contact us for more information.</span><br /> <br /><span style=\"font-size: 12pt;\">Kind Regards,</span><br /><span style=\"font-size: 12pt;\">{email_signature}</span>', '{companyname} | CRM', '', 0, 1, 0),
(13, 'contract', 'contract-expiration', 'english', 'Contract Expiration Reminder (Sent to Customer Contacts)', 'Contract Expiration Reminder', '<span style=\"font-size: 12pt;\">Dear {client_company}</span><br /><br /><span style=\"font-size: 12pt;\">This is a reminder that the following contract will expire soon:</span><br /><br /><span style=\"font-size: 12pt;\"><strong>Subject:</strong> {contract_subject}</span><br /><span style=\"font-size: 12pt;\"><strong>Description:</strong> {contract_description}</span><br /><span style=\"font-size: 12pt;\"><strong>Date Start:</strong> {contract_datestart}</span><br /><span style=\"font-size: 12pt;\"><strong>Date End:</strong> {contract_dateend}</span><br /><br /><span style=\"font-size: 12pt;\">Please contact us for more information.</span><br /><br /><span style=\"font-size: 12pt;\">Kind Regards,</span><br /><span style=\"font-size: 12pt;\">{email_signature}</span>', '{companyname} | CRM', '', 0, 1, 0),
(14, 'tasks', 'task-assigned', 'english', 'New Task Assigned (Sent to Staff)', 'New Task Assigned to You - {task_name}', '<span style=\"font-size: 12pt;\">Dear {staff_firstname}</span><br /><br /><span style=\"font-size: 12pt;\">You have been assigned to a new task:</span><br /><br /><span style=\"font-size: 12pt;\"><strong>Name:</strong> {task_name}<br /></span><strong>Start Date:</strong> {task_startdate}<br /><span style=\"font-size: 12pt;\"><strong>Due date:</strong> {task_duedate}</span><br /><span style=\"font-size: 12pt;\"><strong>Priority:</strong> {task_priority}<br /><br /></span><span style=\"font-size: 12pt;\"><span>You can view the task on the following link</span>: <a href=\"{task_link}\">{task_name}</a></span><br /><br /><span style=\"font-size: 12pt;\">Kind Regards,</span><br /><span style=\"font-size: 12pt;\">{email_signature}</span>', '{companyname} | CRM', '', 0, 1, 0),
(15, 'tasks', 'task-added-as-follower', 'english', 'Staff Member Added as Follower on Task (Sent to Staff)', 'You are added as follower on task - {task_name}', '<span style=\"font-size: 12pt;\">Hi {staff_firstname}<br /></span><br /><span style=\"font-size: 12pt;\">You have been added as follower on the following task:</span><br /><br /><span style=\"font-size: 12pt;\"><strong>Name:</strong> {task_name}</span><br /><span style=\"font-size: 12pt;\"><strong>Start date:</strong> {task_startdate}</span><br /><br /><span>You can view the task on the following link</span><span>: </span><a href=\"{task_link}\">{task_name}</a><br /><br /><span style=\"font-size: 12pt;\">Kind Regards,</span><br /><span style=\"font-size: 12pt;\">{email_signature}</span>', '{companyname} | CRM', '', 0, 1, 0),
(16, 'tasks', 'task-commented', 'english', 'New Comment on Task (Sent to Staff)', 'New Comment on Task - {task_name}', 'Dear {staff_firstname}<br /><br />A comment has been made on the following task:<br /><br /><strong>Name:</strong> {task_name}<br /><strong>Comment:</strong> {task_comment}<br /><br />You can view the task on the following link: <a href=\"{task_link}\">{task_name}</a><br /><br />Kind Regards,<br />{email_signature}', '{companyname} | CRM', '', 0, 1, 0),
(17, 'tasks', 'task-added-attachment', 'english', 'New Attachment(s) on Task (Sent to Staff)', 'New Attachment on Task - {task_name}', 'Hi {staff_firstname}<br /><br /><strong>{task_user_take_action}</strong> added an attachment on the following task:<br /><br /><strong>Name:</strong> {task_name}<br /><br />You can view the task on the following link: <a href=\"{task_link}\">{task_name}</a><br /><br />Kind Regards,<br />{email_signature}', '{companyname} | CRM', '', 0, 1, 0),
(18, 'estimate', 'estimate-declined-to-staff', 'english', 'Estimate Declined (Sent to Staff)', 'Customer Declined Estimate', '<span style=\"font-size: 12pt;\">Hi</span><br /> <br /><span style=\"font-size: 12pt;\">Customer ({client_company}) declined estimate with number <strong># {estimate_number}</strong></span><br /> <br /><span style=\"font-size: 12pt;\">You can view the estimate on the following link: <a href=\"{estimate_link}\">{estimate_number}</a></span><br /> <br /><span style=\"font-size: 12pt;\">{email_signature}</span>', '{companyname} | CRM', '', 0, 1, 0),
(19, 'estimate', 'estimate-accepted-to-staff', 'english', 'Estimate Accepted (Sent to Staff)', 'Customer Accepted Estimate', '<span style=\"font-size: 12pt;\">Hi</span><br /> <br /><span style=\"font-size: 12pt;\">Customer ({client_company}) accepted estimate with number <strong># {estimate_number}</strong></span><br /> <br /><span style=\"font-size: 12pt;\">You can view the estimate on the following link: <a href=\"{estimate_link}\">{estimate_number}</a></span><br /> <br /><span style=\"font-size: 12pt;\">{email_signature}</span>', '{companyname} | CRM', '', 0, 1, 0),
(20, 'proposals', 'proposal-client-accepted', 'english', 'Customer Action - Accepted (Sent to Staff)', 'Customer Accepted Proposal', '<div>Hi<br /> <br />Client <strong>{proposal_proposal_to}</strong> accepted the following proposal:<br /> <br /><strong>Number:</strong> {proposal_number}<br /><strong>Subject</strong>: {proposal_subject}<br /><strong>Total</strong>: {proposal_total}<br /> <br />View the proposal on the following link: <a href=\"{proposal_link}\">{proposal_number}</a><br /> <br />Kind Regards,<br />{email_signature}</div>\r\n<div>&nbsp;</div>\r\n<div>&nbsp;</div>\r\n<div>&nbsp;</div>', '{companyname} | CRM', '', 0, 1, 0),
(21, 'proposals', 'proposal-send-to-customer', 'english', 'Send Proposal to Customer', 'Proposal With Number {proposal_number} Created', 'Dear {proposal_proposal_to}<br /><br />Please find our attached proposal.<br /><br />This proposal is valid until: {proposal_open_till}<br />You can view the proposal on the following link: <a href=\"{proposal_link}\">{proposal_number}</a><br /><br />Please don\'t hesitate to comment online if you have any questions.<br /><br />We look forward to your communication.<br /><br />Kind Regards,<br />{email_signature}', '{companyname} | CRM', '', 0, 1, 0),
(22, 'proposals', 'proposal-client-declined', 'english', 'Customer Action - Declined (Sent to Staff)', 'Client Declined Proposal', 'Hi<br /> <br />Customer <strong>{proposal_proposal_to}</strong> declined the proposal <strong>{proposal_subject}</strong><br /> <br />View the proposal on the following link <a href=\"{proposal_link}\">{proposal_number}</a>&nbsp;or from the admin area.<br /> <br />Kind Regards,<br />{email_signature}', '{companyname} | CRM', '', 0, 1, 0),
(23, 'proposals', 'proposal-client-thank-you', 'english', 'Thank You Email (Sent to Customer After Accept)', 'Thank for you accepting proposal', 'Dear {proposal_proposal_to}<br /> <br />Thank for for accepting the proposal.<br /> <br />We look forward to doing business with you.<br /> <br />We will contact you as soon as possible<br /> <br />Kind Regards,<br />{email_signature}', '{companyname} | CRM', '', 0, 1, 0),
(24, 'proposals', 'proposal-comment-to-client', 'english', 'New Comment (Sent to Customer/Lead)', 'New Proposal Comment', 'Dear {proposal_proposal_to}<br /> <br />A new comment has been made on the following proposal: <strong>{proposal_number}</strong><br /> <br />You can view and reply to the comment on the following link: <a href=\"{proposal_link}\">{proposal_number}</a><br /> <br />Kind Regards,<br />{email_signature}', '{companyname} | CRM', '', 0, 1, 0),
(25, 'proposals', 'proposal-comment-to-admin', 'english', 'New Comment (Sent to Staff) ', 'New Proposal Comment', 'Hi<br /> <br />A new comment has been made to the proposal <strong>{proposal_subject}</strong><br /> <br />You can view and reply to the comment on the following link: <a href=\"{proposal_link}\">{proposal_number}</a>&nbsp;or from the admin area.<br /> <br />{email_signature}', '{companyname} | CRM', '', 0, 1, 0),
(26, 'estimate', 'estimate-thank-you-to-customer', 'english', 'Thank You Email (Sent to Customer After Accept)', 'Thank for you accepting estimate', '<span style=\"font-size: 12pt;\">Dear {contact_firstname} {contact_lastname}</span><br /> <br /><span style=\"font-size: 12pt;\">Thank for for accepting the estimate.</span><br /> <br /><span style=\"font-size: 12pt;\">We look forward to doing business with you.</span><br /> <br /><span style=\"font-size: 12pt;\">We will contact you as soon as possible.</span><br /> <br /><span style=\"font-size: 12pt;\">Kind Regards,</span><br /><span style=\"font-size: 12pt;\">{email_signature}</span>', '{companyname} | CRM', '', 0, 1, 0),
(27, 'tasks', 'task-deadline-notification', 'english', 'Task Deadline Reminder - Sent to Assigned Members', 'Task Deadline Reminder', 'Hi {staff_firstname}&nbsp;{staff_lastname}<br /><br />This is an automated email from {companyname}.<br /><br />The task <strong>{task_name}</strong> deadline is on <strong>{task_duedate}</strong>. <br />This task is still not finished.<br /><br />You can view the task on the following link: <a href=\"{task_link}\">{task_name}</a><br /><br />Kind Regards,<br />{email_signature}', '{companyname} | CRM', '', 0, 1, 0),
(28, 'contract', 'send-contract', 'english', 'Send Contract to Customer', 'Contract - {contract_subject}', '<p><span style=\"font-size: 12pt;\">Hi&nbsp;{contact_firstname}&nbsp;{contact_lastname}</span><br /><br /><span style=\"font-size: 12pt;\">Please find the {contract_subject} attached.<br /><br />Description: {contract_description}<br /><br /></span><span style=\"font-size: 12pt;\">Looking forward to hear from you.</span><br /><br /><span style=\"font-size: 12pt;\">Kind Regards,</span><br /><span style=\"font-size: 12pt;\">{email_signature}</span></p>', '{companyname} | CRM', '', 0, 1, 0),
(29, 'invoice', 'invoice-payment-recorded-to-staff', 'english', 'Invoice Payment Recorded (Sent to Staff)', 'New Invoice Payment', '<span style=\"font-size: 12pt;\">Hi</span><br /><br /><span style=\"font-size: 12pt;\">Customer recorded payment for invoice <strong># {invoice_number}</strong></span><br /> <br /><span style=\"font-size: 12pt;\">You can view the invoice on the following link: <a href=\"{invoice_link}\">{invoice_number}</a></span><br /> <br /><span style=\"font-size: 12pt;\">Kind Regards,</span><br /><span style=\"font-size: 12pt;\">{email_signature}</span>', '{companyname} | CRM', '', 0, 1, 0),
(30, 'ticket', 'auto-close-ticket', 'english', 'Auto Close Ticket', 'Ticket Auto Closed', '<p><span style=\"font-size: 12pt;\">Hi {contact_firstname} {contact_lastname}</span><br /><br /><span style=\"font-size: 12pt;\">Ticket {ticket_subject} has been auto close due to inactivity.</span><br /><br /><span style=\"font-size: 12pt;\"><strong>Ticket #</strong>: <a href=\"{ticket_url}\">{ticket_id}</a></span><br /><span style=\"font-size: 12pt;\"><strong>Department</strong>: {ticket_department}</span><br /><span style=\"font-size: 12pt;\"><strong>Priority:</strong> {ticket_priority}</span><br /><br /><span style=\"font-size: 12pt;\">Kind Regards,</span><br /><span style=\"font-size: 12pt;\">{email_signature}</span></p>', '{companyname} | CRM', '', 0, 1, 0),
(31, 'project', 'new-project-discussion-created-to-staff', 'english', 'New Project Discussion (Sent to Project Members)', 'New Project Discussion Created - {project_name}', '<p>Hi {staff_firstname}<br /><br />New project discussion created from <strong>{discussion_creator}</strong><br /><br /><strong>Subject:</strong> {discussion_subject}<br /><strong>Description:</strong> {discussion_description}<br /><br />You can view the discussion on the following link: <a href=\"{discussion_link}\">{discussion_subject}</a><br /><br />Kind Regards,<br />{email_signature}</p>', '{companyname} | CRM', '', 0, 1, 0),
(32, 'project', 'new-project-discussion-created-to-customer', 'english', 'New Project Discussion (Sent to Customer Contacts)', 'New Project Discussion Created - {project_name}', '<p>Hello {contact_firstname} {contact_lastname}<br /><br />New project discussion created from <strong>{discussion_creator}</strong><br /><br /><strong>Subject:</strong> {discussion_subject}<br /><strong>Description:</strong> {discussion_description}<br /><br />You can view the discussion on the following link: <a href=\"{discussion_link}\">{discussion_subject}</a><br /><br />Kind Regards,<br />{email_signature}</p>', '{companyname} | CRM', '', 0, 1, 0),
(33, 'project', 'new-project-file-uploaded-to-customer', 'english', 'New Project File(s) Uploaded (Sent to Customer Contacts)', 'New Project File(s) Uploaded - {project_name}', '<p>Hello {contact_firstname} {contact_lastname}<br /><br />New project file is uploaded on <strong>{project_name}</strong> from <strong>{file_creator}</strong><br /><br />You can view the project on the following link: <a href=\"{project_link}\">{project_name}</a><br /><br />To view the file in our CRM you can click on the following link: <a href=\"{discussion_link}\">{discussion_subject}</a><br /><br />Kind Regards,<br />{email_signature}</p>', '{companyname} | CRM', '', 0, 1, 0),
(34, 'project', 'new-project-file-uploaded-to-staff', 'english', 'New Project File(s) Uploaded (Sent to Project Members)', 'New Project File(s) Uploaded - {project_name}', '<p>Hello&nbsp;{staff_firstname}</p>\r\n<p>New project&nbsp;file is uploaded on&nbsp;<strong>{project_name}</strong> from&nbsp;<strong>{file_creator}</strong></p>\r\n<p>You can view the project on the following link: <a href=\"{project_link}\">{project_name}<br /></a><br />To view&nbsp;the file you can click on the following link: <a href=\"{discussion_link}\">{discussion_subject}</a></p>\r\n<p>Kind Regards,<br />{email_signature}</p>', '{companyname} | CRM', '', 0, 1, 0),
(35, 'project', 'new-project-discussion-comment-to-customer', 'english', 'New Discussion Comment  (Sent to Customer Contacts)', 'New Discussion Comment', '<p><span style=\"font-size: 12pt;\">Hello {contact_firstname} {contact_lastname}</span><br /><br /><span style=\"font-size: 12pt;\">New discussion comment has been made on <strong>{discussion_subject}</strong> from <strong>{comment_creator}</strong></span><br /><br /><span style=\"font-size: 12pt;\"><strong>Discussion subject:</strong> {discussion_subject}</span><br /><span style=\"font-size: 12pt;\"><strong>Comment</strong>: {discussion_comment}</span><br /><br /><span style=\"font-size: 12pt;\">You can view the discussion on the following link: <a href=\"{discussion_link}\">{discussion_subject}</a></span><br /><br /><span style=\"font-size: 12pt;\">Kind Regards,</span><br /><span style=\"font-size: 12pt;\">{email_signature}</span></p>', '{companyname} | CRM', '', 0, 1, 0),
(36, 'project', 'new-project-discussion-comment-to-staff', 'english', 'New Discussion Comment (Sent to Project Members)', 'New Discussion Comment', '<p>Hi {staff_firstname}<br /><br />New discussion comment has been made on <strong>{discussion_subject}</strong> from <strong>{comment_creator}</strong><br /><br /><strong>Discussion subject:</strong> {discussion_subject}<br /><strong>Comment:</strong> {discussion_comment}<br /><br />You can view the discussion on the following link: <a href=\"{discussion_link}\">{discussion_subject}</a><br /><br />Kind Regards,<br />{email_signature}</p>', '{companyname} | CRM', '', 0, 1, 0),
(37, 'project', 'staff-added-as-project-member', 'english', 'Staff Added as Project Member', 'New project assigned to you', '<p>Hi {staff_firstname}<br /><br />New project has been assigned to you.<br /><br />You can view the project on the following link <a href=\"{project_link}\">{project_name}</a><br /><br />{email_signature}</p>', '{companyname} | CRM', '', 0, 1, 0),
(38, 'estimate', 'estimate-expiry-reminder', 'english', 'Estimate Expiration Reminder', 'Estimate Expiration Reminder', '<p><span style=\"font-size: 12pt;\">Hello {contact_firstname} {contact_lastname}</span><br /><br /><span style=\"font-size: 12pt;\">The estimate with <strong># {estimate_number}</strong> will expire on <strong>{estimate_expirydate}</strong></span><br /><br /><span style=\"font-size: 12pt;\">You can view the estimate on the following link: <a href=\"{estimate_link}\">{estimate_number}</a></span><br /><br /><span style=\"font-size: 12pt;\">Kind Regards,</span><br /><span style=\"font-size: 12pt;\">{email_signature}</span></p>', '{companyname} | CRM', '', 0, 1, 0),
(39, 'proposals', 'proposal-expiry-reminder', 'english', 'Proposal Expiration Reminder', 'Proposal Expiration Reminder', '<p>Hello {proposal_proposal_to}<br /><br />The proposal {proposal_number}&nbsp;will expire on <strong>{proposal_open_till}</strong><br /><br />You can view the proposal on the following link: <a href=\"{proposal_link}\">{proposal_number}</a><br /><br />Kind Regards,<br />{email_signature}</p>', '{companyname} | CRM', '', 0, 1, 0),
(40, 'staff', 'new-staff-created', 'english', 'New Staff Created (Welcome Email)', 'You are added as staff member', 'Hi {staff_firstname}<br /><br />You are added as member on our CRM.<br /><br />Please use the following logic credentials:<br /><br /><strong>Email:</strong> {staff_email}<br /><strong>Password:</strong> {password}<br /><br />Click <a href=\"{admin_url}\">here </a>to login in the dashboard.<br /><br />Best Regards,<br />{email_signature}', '{companyname} | CRM', '', 0, 1, 0),
(41, 'client', 'contact-forgot-password', 'english', 'Forgot Password', 'Create New Password', '<h2>Create a new password</h2>\r\nForgot your password?<br /> To create a new password, just follow this link:<br /> <br /><a href=\"{reset_password_url}\">Reset Password</a><br /> <br /> You received this email, because it was requested by a {companyname}&nbsp;user. This is part of the procedure to create a new password on the system. If you DID NOT request a new password then please ignore this email and your password will remain the same. <br /><br /> {email_signature}', '{companyname} | CRM', '', 0, 1, 0),
(42, 'client', 'contact-password-reseted', 'english', 'Password Reset - Confirmation', 'Your password has been changed', '<strong><span style=\"font-size: 14pt;\">You have changed your password.</span><br /></strong><br /> Please, keep it in your records so you don\'t forget it.<br /> <br /> Your email address for login is: {contact_email}<br /><br />If this wasnt you, please contact us.<br /><br />{email_signature}', '{companyname} | CRM', '', 0, 1, 0),
(43, 'client', 'contact-set-password', 'english', 'Set New Password', 'Set new password on {companyname} ', '<h2><span style=\"font-size: 14pt;\">Setup your new password on {companyname}</span></h2>\r\nPlease use the following link to set up your new password:<br /><br /><a href=\"{set_password_url}\">Set new password</a><br /><br />Keep it in your records so you don\'t forget it.<br /><br />Please set your new password in <strong>48 hours</strong>. After that, you won\'t be able to set your password because this link will expire.<br /><br />You can login at: <a href=\"{crm_url}\">{crm_url}</a><br />Your email address for login: {contact_email}<br /><br />{email_signature}', '{companyname} | CRM', '', 0, 1, 0),
(44, 'staff', 'staff-forgot-password', 'english', 'Forgot Password', 'Create New Password', '<h2><span style=\"font-size: 14pt;\">Create a new password</span></h2>\r\nForgot your password?<br /> To create a new password, just follow this link:<br /> <br /><a href=\"{reset_password_url}\">Reset Password</a><br /> <br /> You received this email, because it was requested by a <strong>{companyname}</strong>&nbsp;user. This is part of the procedure to create a new password on the system. If you DID NOT request a new password then please ignore this email and your password will remain the same. <br /><br /> {email_signature}', '{companyname} | CRM', '', 0, 1, 0),
(45, 'staff', 'staff-password-reseted', 'english', 'Password Reset - Confirmation', 'Your password has been changed', '<span style=\"font-size: 14pt;\"><strong>You have changed your password.<br /></strong></span><br /> Please, keep it in your records so you don\'t forget it.<br /> <br /> Your email address for login is: {staff_email}<br /><br /> If this wasnt you, please contact us.<br /><br />{email_signature}', '{companyname} | CRM', '', 0, 1, 0),
(46, 'project', 'assigned-to-project', 'english', 'New Project Created (Sent to Customer Contacts)', 'New Project Created', '<p>Hello&nbsp;{contact_firstname}&nbsp;{contact_lastname}</p>\r\n<p>New project is assigned to your company.<br /><br /><strong>Project Name:</strong>&nbsp;{project_name}<br /><strong>Project Start Date:</strong>&nbsp;{project_start_date}</p>\r\n<p>You can view the project on the following link:&nbsp;<a href=\"{project_link}\">{project_name}</a></p>\r\n<p>We are looking forward hearing from you.<br /><br />Kind Regards,<br />{email_signature}</p>', '{companyname} | CRM', '', 0, 1, 0),
(47, 'tasks', 'task-added-attachment-to-contacts', 'english', 'New Attachment(s) on Task (Sent to Customer Contacts)', 'New Attachment on Task - {task_name}', '<span>Hi {contact_firstname} {contact_lastname}</span><br /><br /><strong>{task_user_take_action}</strong><span> added an attachment on the following task:</span><br /><br /><strong>Name:</strong><span> {task_name}</span><br /><br /><span>You can view the task on the following link: </span><a href=\"{task_link}\">{task_name}</a><br /><br /><span>Kind Regards,</span><br /><span>{email_signature}</span>', '{companyname} | CRM', '', 0, 1, 0),
(48, 'tasks', 'task-commented-to-contacts', 'english', 'New Comment on Task (Sent to Customer Contacts)', 'New Comment on Task - {task_name}', '<span>Dear {contact_firstname} {contact_lastname}</span><br /><br /><span>A comment has been made on the following task:</span><br /><br /><strong>Name:</strong><span> {task_name}</span><br /><strong>Comment:</strong><span> {task_comment}</span><br /><br /><span>You can view the task on the following link: </span><a href=\"{task_link}\">{task_name}</a><br /><br /><span>Kind Regards,</span><br /><span>{email_signature}</span>', '{companyname} | CRM', '', 0, 1, 0),
(49, 'leads', 'new-lead-assigned', 'english', 'New Lead Assigned to Staff Member', 'New lead assigned to you', '<p>Hello {lead_assigned}<br /><br />New lead is assigned to you.<br /><br /><strong>Lead Name:</strong>&nbsp;{lead_name}<br /><strong>Lead Email:</strong>&nbsp;{lead_email}<br /><br />You can view the lead on the following link: <a href=\"{lead_link}\">{lead_name}</a><br /><br />Kind Regards,<br />{email_signature}</p>', '{companyname} | CRM', '', 0, 1, 0),
(50, 'client', 'client-statement', 'english', 'Statement - Account Summary', 'Account Statement from {statement_from} to {statement_to}', 'Dear {contact_firstname} {contact_lastname}, <br /><br />Its been a great experience working with you.<br /><br />Attached with this email is a list of all transactions for the period between {statement_from} to {statement_to}<br /><br />For your information your account balance due is total:&nbsp;{statement_balance_due}<br /><br />Please contact us if you need more information.<br /> <br />Kind Regards,<br />{email_signature}', '{companyname} | CRM', '', 0, 1, 0),
(51, 'ticket', 'ticket-assigned-to-admin', 'english', 'New Ticket Assigned (Sent to Staff)', 'New support ticket has been assigned to you', '<p><span style=\"font-size: 12pt;\">Hi</span></p>\r\n<p><span style=\"font-size: 12pt;\">A new support ticket&nbsp;has been assigned to you.</span><br /><br /><span style=\"font-size: 12pt;\"><strong>Subject</strong>: {ticket_subject}</span><br /><span style=\"font-size: 12pt;\"><strong>Department</strong>: {ticket_department}</span><br /><span style=\"font-size: 12pt;\"><strong>Priority</strong>: {ticket_priority}</span><br /><br /><span style=\"font-size: 12pt;\"><strong>Ticket message:</strong></span><br /><span style=\"font-size: 12pt;\">{ticket_message}</span><br /><br /><span style=\"font-size: 12pt;\">You can view the ticket on the following link: <a href=\"{ticket_url}\">#{ticket_id}</a></span><br /><br /><span style=\"font-size: 12pt;\">Kind Regards,</span><br /><span style=\"font-size: 12pt;\">{email_signature}</span></p>', '{companyname} | CRM', '', 0, 1, 0),
(52, 'client', 'new-client-registered-to-admin', 'english', 'New Customer Registration (Sent to admins)', 'New Customer Registration', 'Hello.<br /><br />New customer registration on your customer portal:<br /><br /><strong>Firstname:</strong>&nbsp;{contact_firstname}<br /><strong>Lastname:</strong>&nbsp;{contact_lastname}<br /><strong>Company:</strong>&nbsp;{client_company}<br /><strong>Email:</strong>&nbsp;{contact_email}<br /><br />Best Regards', '{companyname} | CRM', '', 0, 1, 0),
(53, 'leads', 'new-web-to-lead-form-submitted', 'english', 'Web to lead form submitted - Sent to lead', '{lead_name} - We Received Your Request', 'Hello {lead_name}.<br /><br /><strong>Your request has been received.</strong><br /><br />This email is to let you know that we received your request and we will get back to you as soon as possible with more information.<br /><br />Best Regards,<br />{email_signature}', '{companyname} | CRM', '', 0, 0, 0),
(54, 'staff', 'two-factor-authentication', 'english', 'Two Factor Authentication', 'Confirm Your Login', '<p>Hi {staff_firstname}</p>\r\n<p style=\"text-align: left;\">You received this email because you have enabled two factor authentication in your account.<br />Use the following code to confirm your login:</p>\r\n<p style=\"text-align: left;\"><span style=\"font-size: 18pt;\"><strong>{two_factor_auth_code}<br /><br /></strong><span style=\"font-size: 12pt;\">{email_signature}</span><strong><br /><br /><br /><br /></strong></span></p>', '{companyname} | CRM', '', 0, 1, 0),
(55, 'project', 'project-finished-to-customer', 'english', 'Project Marked as Finished (Sent to Customer Contacts)', 'Project Marked as Finished', '<p>Hello&nbsp;{contact_firstname}&nbsp;{contact_lastname}</p>\r\n<p>You are receiving this email because project&nbsp;<strong>{project_name}</strong> has been marked as finished. This project is assigned under your company and we just wanted to keep you up to date.<br /><br />You can view the project on the following link:&nbsp;<a href=\"{project_link}\">{project_name}</a></p>\r\n<p>If you have any questions don\'t hesitate to contact us.<br /><br />Kind Regards,<br />{email_signature}</p>', '{companyname} | CRM', '', 0, 1, 0),
(56, 'credit_note', 'credit-note-send-to-client', 'english', 'Send Credit Note To Email', 'Credit Note With Number #{credit_note_number} Created', 'Dear&nbsp;{contact_firstname}&nbsp;{contact_lastname}<br /><br />We have attached the credit note with number <strong>#{credit_note_number} </strong>for your reference.<br /><br /><strong>Date:</strong>&nbsp;{credit_note_date}<br /><strong>Total Amount:</strong>&nbsp;{credit_note_total}<br /><br /><span style=\"font-size: 12pt;\">Please contact us for more information.</span><br /> <br /><span style=\"font-size: 12pt;\">Kind Regards,</span><br /><span style=\"font-size: 12pt;\">{email_signature}</span>', '{companyname} | CRM', '', 0, 1, 0),
(57, 'tasks', 'task-status-change-to-staff', 'english', 'Task Status Changed (Sent to Staff)', 'Task Status Changed', '<span style=\"font-size: 12pt;\">Hi {staff_firstname}</span><br /><br /><span style=\"font-size: 12pt;\"><strong>{task_user_take_action}</strong> marked task as <strong>{task_status}</strong></span><br /><br /><span style=\"font-size: 12pt;\"><strong>Name:</strong> {task_name}</span><br /><span style=\"font-size: 12pt;\"><strong>Due date:</strong> {task_duedate}</span><br /><br /><span style=\"font-size: 12pt;\">You can view the task on the following link: <a href=\"{task_link}\">{task_name}</a></span><br /><br /><span style=\"font-size: 12pt;\">Kind Regards,</span><br /><span style=\"font-size: 12pt;\">{email_signature}</span>', '{companyname} | CRM', '', 0, 1, 0),
(58, 'tasks', 'task-status-change-to-contacts', 'english', 'Task Status Changed (Sent to Customer Contacts)', 'Task Status Changed', '<span style=\"font-size: 12pt;\">Hi {contact_firstname} {contact_lastname}</span><br /><br /><span style=\"font-size: 12pt;\"><strong>{task_user_take_action}</strong> marked task as <strong>{task_status}</strong></span><br /><br /><span style=\"font-size: 12pt;\"><strong>Name:</strong> {task_name}</span><br /><span style=\"font-size: 12pt;\"><strong>Due date:</strong> {task_duedate}</span><br /><br /><span style=\"font-size: 12pt;\">You can view the task on the following link: <a href=\"{task_link}\">{task_name}</a></span><br /><br /><span style=\"font-size: 12pt;\">Kind Regards,</span><br /><span style=\"font-size: 12pt;\">{email_signature}</span>', '{companyname} | CRM', '', 0, 1, 0),
(59, 'staff', 'reminder-email-staff', 'english', 'Staff Reminder Email', 'You Have a New Reminder!', '<p>Hello&nbsp;{staff_firstname}<br /><br /><strong>You have a new reminder&nbsp;linked to&nbsp;{staff_reminder_relation_name}!<br /><br />Reminder description:</strong><br />{staff_reminder_description}<br /><br />Click <a href=\"{staff_reminder_relation_link}\">here</a> to view&nbsp;<a href=\"{staff_reminder_relation_link}\">{staff_reminder_relation_name}</a><br /><br />Best Regards<br /><br /></p>', '{companyname} | CRM', '', 0, 1, 0),
(60, 'contract', 'contract-comment-to-client', 'english', 'New Comment (Sent to Customer Contacts)', 'New Contract Comment', 'Dear {contact_firstname} {contact_lastname}<br /> <br />A new comment has been made on the following contract: <strong>{contract_subject}</strong><br /> <br />You can view and reply to the comment on the following link: <a href=\"{contract_link}\">{contract_subject}</a><br /> <br />Kind Regards,<br />{email_signature}', '{companyname} | CRM', '', 0, 1, 0),
(61, 'contract', 'contract-comment-to-admin', 'english', 'New Comment (Sent to Staff) ', 'New Contract Comment', 'Hi {staff_firstname}<br /><br />A new comment has been made to the contract&nbsp;<strong>{contract_subject}</strong><br /><br />You can view and reply to the comment on the following link: <a href=\"{contract_link}\">{contract_subject}</a>&nbsp;or from the admin area.<br /><br />{email_signature}', '{companyname} | CRM', '', 0, 1, 0),
(62, 'subscriptions', 'send-subscription', 'english', 'Send Subscription to Customer', 'Subscription Created', 'Hello&nbsp;{contact_firstname}&nbsp;{contact_lastname}<br /><br />We have prepared the subscription&nbsp;<strong>{subscription_name}</strong> for your company.<br /><br />Click <a href=\"{subscription_link}\">here</a> to review the subscription and subscribe.<br /><br />Best Regards,<br />{email_signature}', '{companyname} | CRM', '', 0, 1, 0),
(63, 'subscriptions', 'subscription-payment-failed', 'english', 'Subscription Payment Failed', 'Your most recent invoice payment failed', 'Hello&nbsp;{contact_firstname}&nbsp;{contact_lastname}<br /><br br=\"\" />Unfortunately, your most recent invoice payment for&nbsp;<strong>{subscription_name}</strong> was declined.<br /><br />This could be due to a change in your card number, your card expiring,<br />cancellation of your credit card, or the card issuer not recognizing the<br />payment and therefore taking action to prevent it.<br /><br />Please update your payment information as soon as possible by logging in here:<br /><a href=\"{crm_url}/login\">{crm_url}/login</a><br /><br />Best Regards,<br />{email_signature}', '{companyname} | CRM', '', 0, 1, 0),
(64, 'subscriptions', 'subscription-canceled', 'english', 'Subscription Canceled (Sent to customer primary contact)', 'Your subscription has been canceled', 'Hello&nbsp;{contact_firstname}&nbsp;{contact_lastname}<br /><br />Your subscription&nbsp;<strong>{subscription_name} </strong>has been canceled, if you have any questions don\'t hesitate to contact us.<br /><br />It was a pleasure doing business with you.<br /><br />Best Regards,<br />{email_signature}', '{companyname} | CRM', '', 0, 1, 0),
(65, 'subscriptions', 'subscription-payment-succeeded', 'english', 'Subscription Payment Succeeded (Sent to customer primary contact)', 'Subscription  Payment Receipt - {subscription_name}', 'Hello&nbsp;{contact_firstname}&nbsp;{contact_lastname}<br /><br />This email is to let you know that we received your payment for subscription&nbsp;<strong>{subscription_name}&nbsp;</strong>of&nbsp;<strong><span>{payment_total}<br /><br /></span></strong>The invoice associated with it is now with status&nbsp;<strong>{invoice_status}<br /></strong><br />Thank you for your confidence.<br /><br />Best Regards,<br />{email_signature}', '{companyname} | CRM', '', 0, 1, 0),
(66, 'contract', 'contract-expiration-to-staff', 'english', 'Contract Expiration Reminder (Sent to Staff)', 'Contract Expiration Reminder', 'Hi {staff_firstname}<br /><br /><span style=\"font-size: 12pt;\">This is a reminder that the following contract will expire soon:</span><br /><br /><span style=\"font-size: 12pt;\"><strong>Subject:</strong> {contract_subject}</span><br /><span style=\"font-size: 12pt;\"><strong>Description:</strong> {contract_description}</span><br /><span style=\"font-size: 12pt;\"><strong>Date Start:</strong> {contract_datestart}</span><br /><span style=\"font-size: 12pt;\"><strong>Date End:</strong> {contract_dateend}</span><br /><br /><span style=\"font-size: 12pt;\">Kind Regards,</span><br /><span style=\"font-size: 12pt;\">{email_signature}</span>', '{companyname} | CRM', '', 0, 1, 0),
(67, 'gdpr', 'gdpr-removal-request', 'english', 'Removal Request From Contact (Sent to administrators)', 'Data Removal Request Received', 'Hello&nbsp;{staff_firstname}&nbsp;{staff_lastname}<br /><br />Data removal has been requested by&nbsp;{contact_firstname} {contact_lastname}<br /><br />You can review this request and take proper actions directly from the admin area.', '{companyname} | CRM', '', 0, 1, 0),
(68, 'gdpr', 'gdpr-removal-request-lead', 'english', 'Removal Request From Lead (Sent to administrators)', 'Data Removal Request Received', 'Hello&nbsp;{staff_firstname}&nbsp;{staff_lastname}<br /><br />Data removal has been requested by {lead_name}<br /><br />You can review this request and take proper actions directly from the admin area.<br /><br />To view the lead inside the admin area click here:&nbsp;<a href=\"{lead_link}\">{lead_link}</a>', '{companyname} | CRM', '', 0, 1, 0),
(69, 'client', 'client-registration-confirmed', 'english', 'Customer Registration Confirmed', 'Your registration is confirmed', '<p>Dear {contact_firstname} {contact_lastname}<br /><br />We just wanted to let you know that your registration at&nbsp;{companyname} is successfully confirmed and your account is now active.<br /><br />You can login at&nbsp;<a href=\"{crm_url}\">{crm_url}</a> with the email and password you provided during registration.<br /><br />Please contact us if you need any help.<br /><br />Kind Regards, <br />{email_signature}</p>\r\n<p><br />(This is an automated email, so please don\'t reply to this email address)</p>', '{companyname} | CRM', '', 0, 1, 0),
(70, 'contract', 'contract-signed-to-staff', 'english', 'Contract Signed (Sent to Staff)', 'Customer Signed a Contract', 'Hi {staff_firstname}<br /><br />A contract with subject&nbsp;<strong>{contract_subject} </strong>has been successfully signed by the customer.<br /><br />You can view the contract at the following link: <a href=\"{contract_link}\">{contract_subject}</a>&nbsp;or from the admin area.<br /><br />{email_signature}', '{companyname} | CRM', '', 0, 1, 0),
(71, 'subscriptions', 'customer-subscribed-to-staff', 'english', 'Customer Subscribed to a Subscription (Sent to administrators and subscription creator)', 'Customer Subscribed to a Subscription', 'The customer <strong>{client_company}</strong> subscribed to a subscription with name&nbsp;<strong>{subscription_name}</strong><br /><br /><strong>ID</strong>:&nbsp;{subscription_id}<br /><strong>Subscription name</strong>:&nbsp;{subscription_name}<br /><strong>Subscription description</strong>:&nbsp;{subscription_description}<br /><br />You can view the subscription by clicking <a href=\"{subscription_link}\">here</a><br />\r\n<div style=\"text-align: center;\"><span style=\"font-size: 10pt;\">&nbsp;</span></div>\r\nBest Regards,<br />{email_signature}<br /><br /><span style=\"font-size: 10pt;\"><span style=\"color: #999999;\">You are receiving this email because you are either administrator or you are creator of the subscription.</span></span>', '{companyname} | CRM', '', 0, 1, 0),
(72, 'client', 'contact-verification-email', 'english', 'Email Verification (Sent to Contact After Registration)', 'Verify Email Address', '<p>Hello&nbsp;{contact_firstname}<br /><br />Please click the button below to verify your email address.<br /><br /><a href=\"{email_verification_url}\">Verify Email Address</a><br /><br />If you did not create an account, no further action is required</p>\r\n<p><br />{email_signature}</p>', '{companyname} | CRM', '', 0, 1, 0),
(73, 'client', 'new-customer-profile-file-uploaded-to-staff', 'english', 'New Customer Profile File(s) Uploaded (Sent to Staff)', 'Customer Uploaded New File(s) in Profile', 'Hi!<br /><br />New file(s) is uploaded into the customer ({client_company}) profile by&nbsp;{contact_firstname}<br /><br />You can check the uploaded files into the admin area by clicking <a href=\"{customer_profile_files_admin_link}\">here</a> or at the following link:&nbsp;{customer_profile_files_admin_link}<br /><br />{email_signature}', '{companyname} | CRM', '', 0, 1, 0),
(74, 'staff', 'event-notification-to-staff', 'english', 'Event Notification (Calendar)', 'Upcoming Event - {event_title}', 'Hi {staff_firstname}! <br /><br />This is a reminder for event <a href=\\\"{event_link}\\\">{event_title}</a> scheduled at {event_start_date}. <br /><br />Regards.', '', '', 0, 1, 0),
(75, 'subscriptions', 'subscription-payment-requires-action', 'english', 'Credit Card Authorization Required - SCA', 'Important: Confirm your subscription {subscription_name} payment', '<p>Hello {contact_firstname}</p>\r\n<p><strong>Your bank sometimes requires an additional step to make sure an online transaction was authorized.</strong><br /><br />Because of European regulation to protect consumers, many online payments now require two-factor authentication. Your bank ultimately decides when authentication is required to confirm a payment, but you may notice this step when you start paying for a service or when the cost changes.<br /><br />In order to pay the subscription <strong>{subscription_name}</strong>, you will need to&nbsp;confirm your payment by clicking on the follow link: <strong><a href=\"{subscription_authorize_payment_link}\">{subscription_authorize_payment_link}</a></strong><br /><br />To view the subscription, please click at the following link: <a href=\"{subscription_link}\"><span>{subscription_link}</span></a><br />or you can login in our dedicated area here: <a href=\"{crm_url}/login\">{crm_url}/login</a> in case you want to update your credit card or view the subscriptions you are subscribed.<br /><br />Best Regards,<br />{email_signature}</p>', '{companyname} | CRM', '', 0, 1, 0),
(76, 'client', 'new-client-created', 'bulgarian', 'New Contact Added/Registered (Welcome Email) [bulgarian]', 'Welcome aboard', '', '{companyname} | CRM', NULL, 0, 1, 0),
(77, 'invoice', 'invoice-send-to-client', 'bulgarian', 'Send Invoice to Customer [bulgarian]', 'Invoice with number {invoice_number} created', '', '{companyname} | CRM', NULL, 0, 1, 0),
(78, 'ticket', 'new-ticket-opened-admin', 'bulgarian', 'New Ticket Opened (Opened by Staff, Sent to Customer) [bulgarian]', 'New Support Ticket Opened', '', '{companyname} | CRM', NULL, 0, 1, 0);
INSERT INTO `tblemailtemplates` (`emailtemplateid`, `type`, `slug`, `language`, `name`, `subject`, `message`, `fromname`, `fromemail`, `plaintext`, `active`, `order`) VALUES
(79, 'ticket', 'ticket-reply', 'bulgarian', 'Ticket Reply (Sent to Customer) [bulgarian]', 'New Ticket Reply', '', '{companyname} | CRM', NULL, 0, 1, 0),
(80, 'ticket', 'ticket-autoresponse', 'bulgarian', 'New Ticket Opened - Autoresponse [bulgarian]', 'New Support Ticket Opened', '', '{companyname} | CRM', NULL, 0, 1, 0),
(81, 'invoice', 'invoice-payment-recorded', 'bulgarian', 'Invoice Payment Recorded (Sent to Customer) [bulgarian]', 'Invoice Payment Recorded', '', '{companyname} | CRM', NULL, 0, 1, 0),
(82, 'invoice', 'invoice-overdue-notice', 'bulgarian', 'Invoice Overdue Notice [bulgarian]', 'Invoice Overdue Notice - {invoice_number}', '', '{companyname} | CRM', NULL, 0, 1, 0),
(83, 'invoice', 'invoice-already-send', 'bulgarian', 'Invoice Already Sent to Customer [bulgarian]', 'Invoice # {invoice_number} ', '', '{companyname} | CRM', NULL, 0, 1, 0),
(84, 'ticket', 'new-ticket-created-staff', 'bulgarian', 'New Ticket Created (Opened by Customer, Sent to Staff Members) [bulgarian]', 'New Ticket Created', '', '{companyname} | CRM', NULL, 0, 1, 0),
(85, 'estimate', 'estimate-send-to-client', 'bulgarian', 'Send Estimate to Customer [bulgarian]', 'Estimate # {estimate_number} created', '', '{companyname} | CRM', NULL, 0, 1, 0),
(86, 'ticket', 'ticket-reply-to-admin', 'bulgarian', 'Ticket Reply (Sent to Staff) [bulgarian]', 'New Support Ticket Reply', '', '{companyname} | CRM', NULL, 0, 1, 0),
(87, 'estimate', 'estimate-already-send', 'bulgarian', 'Estimate Already Sent to Customer [bulgarian]', 'Estimate # {estimate_number} ', '', '{companyname} | CRM', NULL, 0, 1, 0),
(88, 'contract', 'contract-expiration', 'bulgarian', 'Contract Expiration Reminder (Sent to Customer Contacts) [bulgarian]', 'Contract Expiration Reminder', '', '{companyname} | CRM', NULL, 0, 1, 0),
(89, 'tasks', 'task-assigned', 'bulgarian', 'New Task Assigned (Sent to Staff) [bulgarian]', 'New Task Assigned to You - {task_name}', '', '{companyname} | CRM', NULL, 0, 1, 0),
(90, 'tasks', 'task-added-as-follower', 'bulgarian', 'Staff Member Added as Follower on Task (Sent to Staff) [bulgarian]', 'You are added as follower on task - {task_name}', '', '{companyname} | CRM', NULL, 0, 1, 0),
(91, 'tasks', 'task-commented', 'bulgarian', 'New Comment on Task (Sent to Staff) [bulgarian]', 'New Comment on Task - {task_name}', '', '{companyname} | CRM', NULL, 0, 1, 0),
(92, 'tasks', 'task-added-attachment', 'bulgarian', 'New Attachment(s) on Task (Sent to Staff) [bulgarian]', 'New Attachment on Task - {task_name}', '', '{companyname} | CRM', NULL, 0, 1, 0),
(93, 'estimate', 'estimate-declined-to-staff', 'bulgarian', 'Estimate Declined (Sent to Staff) [bulgarian]', 'Customer Declined Estimate', '', '{companyname} | CRM', NULL, 0, 1, 0),
(94, 'estimate', 'estimate-accepted-to-staff', 'bulgarian', 'Estimate Accepted (Sent to Staff) [bulgarian]', 'Customer Accepted Estimate', '', '{companyname} | CRM', NULL, 0, 1, 0),
(95, 'proposals', 'proposal-client-accepted', 'bulgarian', 'Customer Action - Accepted (Sent to Staff) [bulgarian]', 'Customer Accepted Proposal', '', '{companyname} | CRM', NULL, 0, 1, 0),
(96, 'proposals', 'proposal-send-to-customer', 'bulgarian', 'Send Proposal to Customer [bulgarian]', 'Proposal With Number {proposal_number} Created', '', '{companyname} | CRM', NULL, 0, 1, 0),
(97, 'proposals', 'proposal-client-declined', 'bulgarian', 'Customer Action - Declined (Sent to Staff) [bulgarian]', 'Client Declined Proposal', '', '{companyname} | CRM', NULL, 0, 1, 0),
(98, 'proposals', 'proposal-client-thank-you', 'bulgarian', 'Thank You Email (Sent to Customer After Accept) [bulgarian]', 'Thank for you accepting proposal', '', '{companyname} | CRM', NULL, 0, 1, 0),
(99, 'proposals', 'proposal-comment-to-client', 'bulgarian', 'New Comment (Sent to Customer/Lead) [bulgarian]', 'New Proposal Comment', '', '{companyname} | CRM', NULL, 0, 1, 0),
(100, 'proposals', 'proposal-comment-to-admin', 'bulgarian', 'New Comment (Sent to Staff)  [bulgarian]', 'New Proposal Comment', '', '{companyname} | CRM', NULL, 0, 1, 0),
(101, 'estimate', 'estimate-thank-you-to-customer', 'bulgarian', 'Thank You Email (Sent to Customer After Accept) [bulgarian]', 'Thank for you accepting estimate', '', '{companyname} | CRM', NULL, 0, 1, 0),
(102, 'tasks', 'task-deadline-notification', 'bulgarian', 'Task Deadline Reminder - Sent to Assigned Members [bulgarian]', 'Task Deadline Reminder', '', '{companyname} | CRM', NULL, 0, 1, 0),
(103, 'contract', 'send-contract', 'bulgarian', 'Send Contract to Customer [bulgarian]', 'Contract - {contract_subject}', '', '{companyname} | CRM', NULL, 0, 1, 0),
(104, 'invoice', 'invoice-payment-recorded-to-staff', 'bulgarian', 'Invoice Payment Recorded (Sent to Staff) [bulgarian]', 'New Invoice Payment', '', '{companyname} | CRM', NULL, 0, 1, 0),
(105, 'ticket', 'auto-close-ticket', 'bulgarian', 'Auto Close Ticket [bulgarian]', 'Ticket Auto Closed', '', '{companyname} | CRM', NULL, 0, 1, 0),
(106, 'project', 'new-project-discussion-created-to-staff', 'bulgarian', 'New Project Discussion (Sent to Project Members) [bulgarian]', 'New Project Discussion Created - {project_name}', '', '{companyname} | CRM', NULL, 0, 1, 0),
(107, 'project', 'new-project-discussion-created-to-customer', 'bulgarian', 'New Project Discussion (Sent to Customer Contacts) [bulgarian]', 'New Project Discussion Created - {project_name}', '', '{companyname} | CRM', NULL, 0, 1, 0),
(108, 'project', 'new-project-file-uploaded-to-customer', 'bulgarian', 'New Project File(s) Uploaded (Sent to Customer Contacts) [bulgarian]', 'New Project File(s) Uploaded - {project_name}', '', '{companyname} | CRM', NULL, 0, 1, 0),
(109, 'project', 'new-project-file-uploaded-to-staff', 'bulgarian', 'New Project File(s) Uploaded (Sent to Project Members) [bulgarian]', 'New Project File(s) Uploaded - {project_name}', '', '{companyname} | CRM', NULL, 0, 1, 0),
(110, 'project', 'new-project-discussion-comment-to-customer', 'bulgarian', 'New Discussion Comment  (Sent to Customer Contacts) [bulgarian]', 'New Discussion Comment', '', '{companyname} | CRM', NULL, 0, 1, 0),
(111, 'project', 'new-project-discussion-comment-to-staff', 'bulgarian', 'New Discussion Comment (Sent to Project Members) [bulgarian]', 'New Discussion Comment', '', '{companyname} | CRM', NULL, 0, 1, 0),
(112, 'project', 'staff-added-as-project-member', 'bulgarian', 'Staff Added as Project Member [bulgarian]', 'New project assigned to you', '', '{companyname} | CRM', NULL, 0, 1, 0),
(113, 'estimate', 'estimate-expiry-reminder', 'bulgarian', 'Estimate Expiration Reminder [bulgarian]', 'Estimate Expiration Reminder', '', '{companyname} | CRM', NULL, 0, 1, 0),
(114, 'proposals', 'proposal-expiry-reminder', 'bulgarian', 'Proposal Expiration Reminder [bulgarian]', 'Proposal Expiration Reminder', '', '{companyname} | CRM', NULL, 0, 1, 0),
(115, 'staff', 'new-staff-created', 'bulgarian', 'New Staff Created (Welcome Email) [bulgarian]', 'You are added as staff member', '', '{companyname} | CRM', NULL, 0, 1, 0),
(116, 'client', 'contact-forgot-password', 'bulgarian', 'Forgot Password [bulgarian]', 'Create New Password', '', '{companyname} | CRM', NULL, 0, 1, 0),
(117, 'client', 'contact-password-reseted', 'bulgarian', 'Password Reset - Confirmation [bulgarian]', 'Your password has been changed', '', '{companyname} | CRM', NULL, 0, 1, 0),
(118, 'client', 'contact-set-password', 'bulgarian', 'Set New Password [bulgarian]', 'Set new password on {companyname} ', '', '{companyname} | CRM', NULL, 0, 1, 0),
(119, 'staff', 'staff-forgot-password', 'bulgarian', 'Forgot Password [bulgarian]', 'Create New Password', '', '{companyname} | CRM', NULL, 0, 1, 0),
(120, 'staff', 'staff-password-reseted', 'bulgarian', 'Password Reset - Confirmation [bulgarian]', 'Your password has been changed', '', '{companyname} | CRM', NULL, 0, 1, 0),
(121, 'project', 'assigned-to-project', 'bulgarian', 'New Project Created (Sent to Customer Contacts) [bulgarian]', 'New Project Created', '', '{companyname} | CRM', NULL, 0, 1, 0),
(122, 'tasks', 'task-added-attachment-to-contacts', 'bulgarian', 'New Attachment(s) on Task (Sent to Customer Contacts) [bulgarian]', 'New Attachment on Task - {task_name}', '', '{companyname} | CRM', NULL, 0, 1, 0),
(123, 'tasks', 'task-commented-to-contacts', 'bulgarian', 'New Comment on Task (Sent to Customer Contacts) [bulgarian]', 'New Comment on Task - {task_name}', '', '{companyname} | CRM', NULL, 0, 1, 0),
(124, 'leads', 'new-lead-assigned', 'bulgarian', 'New Lead Assigned to Staff Member [bulgarian]', 'New lead assigned to you', '', '{companyname} | CRM', NULL, 0, 1, 0),
(125, 'client', 'client-statement', 'bulgarian', 'Statement - Account Summary [bulgarian]', 'Account Statement from {statement_from} to {statement_to}', '', '{companyname} | CRM', NULL, 0, 1, 0),
(126, 'ticket', 'ticket-assigned-to-admin', 'bulgarian', 'New Ticket Assigned (Sent to Staff) [bulgarian]', 'New support ticket has been assigned to you', '', '{companyname} | CRM', NULL, 0, 1, 0),
(127, 'client', 'new-client-registered-to-admin', 'bulgarian', 'New Customer Registration (Sent to admins) [bulgarian]', 'New Customer Registration', '', '{companyname} | CRM', NULL, 0, 1, 0),
(128, 'leads', 'new-web-to-lead-form-submitted', 'bulgarian', 'Web to lead form submitted - Sent to lead [bulgarian]', '{lead_name} - We Received Your Request', '', '{companyname} | CRM', NULL, 0, 0, 0),
(129, 'staff', 'two-factor-authentication', 'bulgarian', 'Two Factor Authentication [bulgarian]', 'Confirm Your Login', '', '{companyname} | CRM', NULL, 0, 1, 0),
(130, 'project', 'project-finished-to-customer', 'bulgarian', 'Project Marked as Finished (Sent to Customer Contacts) [bulgarian]', 'Project Marked as Finished', '', '{companyname} | CRM', NULL, 0, 1, 0),
(131, 'credit_note', 'credit-note-send-to-client', 'bulgarian', 'Send Credit Note To Email [bulgarian]', 'Credit Note With Number #{credit_note_number} Created', '', '{companyname} | CRM', NULL, 0, 1, 0),
(132, 'tasks', 'task-status-change-to-staff', 'bulgarian', 'Task Status Changed (Sent to Staff) [bulgarian]', 'Task Status Changed', '', '{companyname} | CRM', NULL, 0, 1, 0),
(133, 'tasks', 'task-status-change-to-contacts', 'bulgarian', 'Task Status Changed (Sent to Customer Contacts) [bulgarian]', 'Task Status Changed', '', '{companyname} | CRM', NULL, 0, 1, 0),
(134, 'staff', 'reminder-email-staff', 'bulgarian', 'Staff Reminder Email [bulgarian]', 'You Have a New Reminder!', '', '{companyname} | CRM', NULL, 0, 1, 0),
(135, 'contract', 'contract-comment-to-client', 'bulgarian', 'New Comment (Sent to Customer Contacts) [bulgarian]', 'New Contract Comment', '', '{companyname} | CRM', NULL, 0, 1, 0),
(136, 'contract', 'contract-comment-to-admin', 'bulgarian', 'New Comment (Sent to Staff)  [bulgarian]', 'New Contract Comment', '', '{companyname} | CRM', NULL, 0, 1, 0),
(137, 'subscriptions', 'send-subscription', 'bulgarian', 'Send Subscription to Customer [bulgarian]', 'Subscription Created', '', '{companyname} | CRM', NULL, 0, 1, 0),
(138, 'subscriptions', 'subscription-payment-failed', 'bulgarian', 'Subscription Payment Failed [bulgarian]', 'Your most recent invoice payment failed', '', '{companyname} | CRM', NULL, 0, 1, 0),
(139, 'subscriptions', 'subscription-canceled', 'bulgarian', 'Subscription Canceled (Sent to customer primary contact) [bulgarian]', 'Your subscription has been canceled', '', '{companyname} | CRM', NULL, 0, 1, 0),
(140, 'subscriptions', 'subscription-payment-succeeded', 'bulgarian', 'Subscription Payment Succeeded (Sent to customer primary contact) [bulgarian]', 'Subscription  Payment Receipt - {subscription_name}', '', '{companyname} | CRM', NULL, 0, 1, 0),
(141, 'contract', 'contract-expiration-to-staff', 'bulgarian', 'Contract Expiration Reminder (Sent to Staff) [bulgarian]', 'Contract Expiration Reminder', '', '{companyname} | CRM', NULL, 0, 1, 0),
(142, 'gdpr', 'gdpr-removal-request', 'bulgarian', 'Removal Request From Contact (Sent to administrators) [bulgarian]', 'Data Removal Request Received', '', '{companyname} | CRM', NULL, 0, 1, 0),
(143, 'gdpr', 'gdpr-removal-request-lead', 'bulgarian', 'Removal Request From Lead (Sent to administrators) [bulgarian]', 'Data Removal Request Received', '', '{companyname} | CRM', NULL, 0, 1, 0),
(144, 'client', 'client-registration-confirmed', 'bulgarian', 'Customer Registration Confirmed [bulgarian]', 'Your registration is confirmed', '', '{companyname} | CRM', NULL, 0, 1, 0),
(145, 'contract', 'contract-signed-to-staff', 'bulgarian', 'Contract Signed (Sent to Staff) [bulgarian]', 'Customer Signed a Contract', '', '{companyname} | CRM', NULL, 0, 1, 0),
(146, 'subscriptions', 'customer-subscribed-to-staff', 'bulgarian', 'Customer Subscribed to a Subscription (Sent to administrators and subscription creator) [bulgarian]', 'Customer Subscribed to a Subscription', '', '{companyname} | CRM', NULL, 0, 1, 0),
(147, 'client', 'contact-verification-email', 'bulgarian', 'Email Verification (Sent to Contact After Registration) [bulgarian]', 'Verify Email Address', '', '{companyname} | CRM', NULL, 0, 1, 0),
(148, 'client', 'new-customer-profile-file-uploaded-to-staff', 'bulgarian', 'New Customer Profile File(s) Uploaded (Sent to Staff) [bulgarian]', 'Customer Uploaded New File(s) in Profile', '', '{companyname} | CRM', NULL, 0, 1, 0),
(149, 'staff', 'event-notification-to-staff', 'bulgarian', 'Event Notification (Calendar) [bulgarian]', 'Upcoming Event - {event_title}', '', '', NULL, 0, 1, 0),
(150, 'subscriptions', 'subscription-payment-requires-action', 'bulgarian', 'Credit Card Authorization Required - SCA [bulgarian]', 'Important: Confirm your subscription {subscription_name} payment', '', '{companyname} | CRM', NULL, 0, 1, 0),
(151, 'client', 'new-client-created', 'catalan', 'New Contact Added/Registered (Welcome Email) [catalan]', 'Welcome aboard', '', '{companyname} | CRM', NULL, 0, 1, 0),
(152, 'invoice', 'invoice-send-to-client', 'catalan', 'Send Invoice to Customer [catalan]', 'Invoice with number {invoice_number} created', '', '{companyname} | CRM', NULL, 0, 1, 0),
(153, 'ticket', 'new-ticket-opened-admin', 'catalan', 'New Ticket Opened (Opened by Staff, Sent to Customer) [catalan]', 'New Support Ticket Opened', '', '{companyname} | CRM', NULL, 0, 1, 0),
(154, 'ticket', 'ticket-reply', 'catalan', 'Ticket Reply (Sent to Customer) [catalan]', 'New Ticket Reply', '', '{companyname} | CRM', NULL, 0, 1, 0),
(155, 'ticket', 'ticket-autoresponse', 'catalan', 'New Ticket Opened - Autoresponse [catalan]', 'New Support Ticket Opened', '', '{companyname} | CRM', NULL, 0, 1, 0),
(156, 'invoice', 'invoice-payment-recorded', 'catalan', 'Invoice Payment Recorded (Sent to Customer) [catalan]', 'Invoice Payment Recorded', '', '{companyname} | CRM', NULL, 0, 1, 0),
(157, 'invoice', 'invoice-overdue-notice', 'catalan', 'Invoice Overdue Notice [catalan]', 'Invoice Overdue Notice - {invoice_number}', '', '{companyname} | CRM', NULL, 0, 1, 0),
(158, 'invoice', 'invoice-already-send', 'catalan', 'Invoice Already Sent to Customer [catalan]', 'Invoice # {invoice_number} ', '', '{companyname} | CRM', NULL, 0, 1, 0),
(159, 'ticket', 'new-ticket-created-staff', 'catalan', 'New Ticket Created (Opened by Customer, Sent to Staff Members) [catalan]', 'New Ticket Created', '', '{companyname} | CRM', NULL, 0, 1, 0),
(160, 'estimate', 'estimate-send-to-client', 'catalan', 'Send Estimate to Customer [catalan]', 'Estimate # {estimate_number} created', '', '{companyname} | CRM', NULL, 0, 1, 0),
(161, 'ticket', 'ticket-reply-to-admin', 'catalan', 'Ticket Reply (Sent to Staff) [catalan]', 'New Support Ticket Reply', '', '{companyname} | CRM', NULL, 0, 1, 0),
(162, 'estimate', 'estimate-already-send', 'catalan', 'Estimate Already Sent to Customer [catalan]', 'Estimate # {estimate_number} ', '', '{companyname} | CRM', NULL, 0, 1, 0),
(163, 'contract', 'contract-expiration', 'catalan', 'Contract Expiration Reminder (Sent to Customer Contacts) [catalan]', 'Contract Expiration Reminder', '', '{companyname} | CRM', NULL, 0, 1, 0),
(164, 'tasks', 'task-assigned', 'catalan', 'New Task Assigned (Sent to Staff) [catalan]', 'New Task Assigned to You - {task_name}', '', '{companyname} | CRM', NULL, 0, 1, 0),
(165, 'tasks', 'task-added-as-follower', 'catalan', 'Staff Member Added as Follower on Task (Sent to Staff) [catalan]', 'You are added as follower on task - {task_name}', '', '{companyname} | CRM', NULL, 0, 1, 0),
(166, 'tasks', 'task-commented', 'catalan', 'New Comment on Task (Sent to Staff) [catalan]', 'New Comment on Task - {task_name}', '', '{companyname} | CRM', NULL, 0, 1, 0),
(167, 'tasks', 'task-added-attachment', 'catalan', 'New Attachment(s) on Task (Sent to Staff) [catalan]', 'New Attachment on Task - {task_name}', '', '{companyname} | CRM', NULL, 0, 1, 0),
(168, 'estimate', 'estimate-declined-to-staff', 'catalan', 'Estimate Declined (Sent to Staff) [catalan]', 'Customer Declined Estimate', '', '{companyname} | CRM', NULL, 0, 1, 0),
(169, 'estimate', 'estimate-accepted-to-staff', 'catalan', 'Estimate Accepted (Sent to Staff) [catalan]', 'Customer Accepted Estimate', '', '{companyname} | CRM', NULL, 0, 1, 0),
(170, 'proposals', 'proposal-client-accepted', 'catalan', 'Customer Action - Accepted (Sent to Staff) [catalan]', 'Customer Accepted Proposal', '', '{companyname} | CRM', NULL, 0, 1, 0),
(171, 'proposals', 'proposal-send-to-customer', 'catalan', 'Send Proposal to Customer [catalan]', 'Proposal With Number {proposal_number} Created', '', '{companyname} | CRM', NULL, 0, 1, 0),
(172, 'proposals', 'proposal-client-declined', 'catalan', 'Customer Action - Declined (Sent to Staff) [catalan]', 'Client Declined Proposal', '', '{companyname} | CRM', NULL, 0, 1, 0),
(173, 'proposals', 'proposal-client-thank-you', 'catalan', 'Thank You Email (Sent to Customer After Accept) [catalan]', 'Thank for you accepting proposal', '', '{companyname} | CRM', NULL, 0, 1, 0),
(174, 'proposals', 'proposal-comment-to-client', 'catalan', 'New Comment (Sent to Customer/Lead) [catalan]', 'New Proposal Comment', '', '{companyname} | CRM', NULL, 0, 1, 0),
(175, 'proposals', 'proposal-comment-to-admin', 'catalan', 'New Comment (Sent to Staff)  [catalan]', 'New Proposal Comment', '', '{companyname} | CRM', NULL, 0, 1, 0),
(176, 'estimate', 'estimate-thank-you-to-customer', 'catalan', 'Thank You Email (Sent to Customer After Accept) [catalan]', 'Thank for you accepting estimate', '', '{companyname} | CRM', NULL, 0, 1, 0),
(177, 'tasks', 'task-deadline-notification', 'catalan', 'Task Deadline Reminder - Sent to Assigned Members [catalan]', 'Task Deadline Reminder', '', '{companyname} | CRM', NULL, 0, 1, 0),
(178, 'contract', 'send-contract', 'catalan', 'Send Contract to Customer [catalan]', 'Contract - {contract_subject}', '', '{companyname} | CRM', NULL, 0, 1, 0),
(179, 'invoice', 'invoice-payment-recorded-to-staff', 'catalan', 'Invoice Payment Recorded (Sent to Staff) [catalan]', 'New Invoice Payment', '', '{companyname} | CRM', NULL, 0, 1, 0),
(180, 'ticket', 'auto-close-ticket', 'catalan', 'Auto Close Ticket [catalan]', 'Ticket Auto Closed', '', '{companyname} | CRM', NULL, 0, 1, 0),
(181, 'project', 'new-project-discussion-created-to-staff', 'catalan', 'New Project Discussion (Sent to Project Members) [catalan]', 'New Project Discussion Created - {project_name}', '', '{companyname} | CRM', NULL, 0, 1, 0),
(182, 'project', 'new-project-discussion-created-to-customer', 'catalan', 'New Project Discussion (Sent to Customer Contacts) [catalan]', 'New Project Discussion Created - {project_name}', '', '{companyname} | CRM', NULL, 0, 1, 0),
(183, 'project', 'new-project-file-uploaded-to-customer', 'catalan', 'New Project File(s) Uploaded (Sent to Customer Contacts) [catalan]', 'New Project File(s) Uploaded - {project_name}', '', '{companyname} | CRM', NULL, 0, 1, 0),
(184, 'project', 'new-project-file-uploaded-to-staff', 'catalan', 'New Project File(s) Uploaded (Sent to Project Members) [catalan]', 'New Project File(s) Uploaded - {project_name}', '', '{companyname} | CRM', NULL, 0, 1, 0),
(185, 'project', 'new-project-discussion-comment-to-customer', 'catalan', 'New Discussion Comment  (Sent to Customer Contacts) [catalan]', 'New Discussion Comment', '', '{companyname} | CRM', NULL, 0, 1, 0),
(186, 'project', 'new-project-discussion-comment-to-staff', 'catalan', 'New Discussion Comment (Sent to Project Members) [catalan]', 'New Discussion Comment', '', '{companyname} | CRM', NULL, 0, 1, 0),
(187, 'project', 'staff-added-as-project-member', 'catalan', 'Staff Added as Project Member [catalan]', 'New project assigned to you', '', '{companyname} | CRM', NULL, 0, 1, 0),
(188, 'estimate', 'estimate-expiry-reminder', 'catalan', 'Estimate Expiration Reminder [catalan]', 'Estimate Expiration Reminder', '', '{companyname} | CRM', NULL, 0, 1, 0),
(189, 'proposals', 'proposal-expiry-reminder', 'catalan', 'Proposal Expiration Reminder [catalan]', 'Proposal Expiration Reminder', '', '{companyname} | CRM', NULL, 0, 1, 0),
(190, 'staff', 'new-staff-created', 'catalan', 'New Staff Created (Welcome Email) [catalan]', 'You are added as staff member', '', '{companyname} | CRM', NULL, 0, 1, 0),
(191, 'client', 'contact-forgot-password', 'catalan', 'Forgot Password [catalan]', 'Create New Password', '', '{companyname} | CRM', NULL, 0, 1, 0),
(192, 'client', 'contact-password-reseted', 'catalan', 'Password Reset - Confirmation [catalan]', 'Your password has been changed', '', '{companyname} | CRM', NULL, 0, 1, 0),
(193, 'client', 'contact-set-password', 'catalan', 'Set New Password [catalan]', 'Set new password on {companyname} ', '', '{companyname} | CRM', NULL, 0, 1, 0),
(194, 'staff', 'staff-forgot-password', 'catalan', 'Forgot Password [catalan]', 'Create New Password', '', '{companyname} | CRM', NULL, 0, 1, 0),
(195, 'staff', 'staff-password-reseted', 'catalan', 'Password Reset - Confirmation [catalan]', 'Your password has been changed', '', '{companyname} | CRM', NULL, 0, 1, 0),
(196, 'project', 'assigned-to-project', 'catalan', 'New Project Created (Sent to Customer Contacts) [catalan]', 'New Project Created', '', '{companyname} | CRM', NULL, 0, 1, 0),
(197, 'tasks', 'task-added-attachment-to-contacts', 'catalan', 'New Attachment(s) on Task (Sent to Customer Contacts) [catalan]', 'New Attachment on Task - {task_name}', '', '{companyname} | CRM', NULL, 0, 1, 0),
(198, 'tasks', 'task-commented-to-contacts', 'catalan', 'New Comment on Task (Sent to Customer Contacts) [catalan]', 'New Comment on Task - {task_name}', '', '{companyname} | CRM', NULL, 0, 1, 0),
(199, 'leads', 'new-lead-assigned', 'catalan', 'New Lead Assigned to Staff Member [catalan]', 'New lead assigned to you', '', '{companyname} | CRM', NULL, 0, 1, 0),
(200, 'client', 'client-statement', 'catalan', 'Statement - Account Summary [catalan]', 'Account Statement from {statement_from} to {statement_to}', '', '{companyname} | CRM', NULL, 0, 1, 0),
(201, 'ticket', 'ticket-assigned-to-admin', 'catalan', 'New Ticket Assigned (Sent to Staff) [catalan]', 'New support ticket has been assigned to you', '', '{companyname} | CRM', NULL, 0, 1, 0),
(202, 'client', 'new-client-registered-to-admin', 'catalan', 'New Customer Registration (Sent to admins) [catalan]', 'New Customer Registration', '', '{companyname} | CRM', NULL, 0, 1, 0),
(203, 'leads', 'new-web-to-lead-form-submitted', 'catalan', 'Web to lead form submitted - Sent to lead [catalan]', '{lead_name} - We Received Your Request', '', '{companyname} | CRM', NULL, 0, 0, 0),
(204, 'staff', 'two-factor-authentication', 'catalan', 'Two Factor Authentication [catalan]', 'Confirm Your Login', '', '{companyname} | CRM', NULL, 0, 1, 0),
(205, 'project', 'project-finished-to-customer', 'catalan', 'Project Marked as Finished (Sent to Customer Contacts) [catalan]', 'Project Marked as Finished', '', '{companyname} | CRM', NULL, 0, 1, 0),
(206, 'credit_note', 'credit-note-send-to-client', 'catalan', 'Send Credit Note To Email [catalan]', 'Credit Note With Number #{credit_note_number} Created', '', '{companyname} | CRM', NULL, 0, 1, 0),
(207, 'tasks', 'task-status-change-to-staff', 'catalan', 'Task Status Changed (Sent to Staff) [catalan]', 'Task Status Changed', '', '{companyname} | CRM', NULL, 0, 1, 0),
(208, 'tasks', 'task-status-change-to-contacts', 'catalan', 'Task Status Changed (Sent to Customer Contacts) [catalan]', 'Task Status Changed', '', '{companyname} | CRM', NULL, 0, 1, 0),
(209, 'staff', 'reminder-email-staff', 'catalan', 'Staff Reminder Email [catalan]', 'You Have a New Reminder!', '', '{companyname} | CRM', NULL, 0, 1, 0),
(210, 'contract', 'contract-comment-to-client', 'catalan', 'New Comment (Sent to Customer Contacts) [catalan]', 'New Contract Comment', '', '{companyname} | CRM', NULL, 0, 1, 0),
(211, 'contract', 'contract-comment-to-admin', 'catalan', 'New Comment (Sent to Staff)  [catalan]', 'New Contract Comment', '', '{companyname} | CRM', NULL, 0, 1, 0),
(212, 'subscriptions', 'send-subscription', 'catalan', 'Send Subscription to Customer [catalan]', 'Subscription Created', '', '{companyname} | CRM', NULL, 0, 1, 0),
(213, 'subscriptions', 'subscription-payment-failed', 'catalan', 'Subscription Payment Failed [catalan]', 'Your most recent invoice payment failed', '', '{companyname} | CRM', NULL, 0, 1, 0),
(214, 'subscriptions', 'subscription-canceled', 'catalan', 'Subscription Canceled (Sent to customer primary contact) [catalan]', 'Your subscription has been canceled', '', '{companyname} | CRM', NULL, 0, 1, 0),
(215, 'subscriptions', 'subscription-payment-succeeded', 'catalan', 'Subscription Payment Succeeded (Sent to customer primary contact) [catalan]', 'Subscription  Payment Receipt - {subscription_name}', '', '{companyname} | CRM', NULL, 0, 1, 0),
(216, 'contract', 'contract-expiration-to-staff', 'catalan', 'Contract Expiration Reminder (Sent to Staff) [catalan]', 'Contract Expiration Reminder', '', '{companyname} | CRM', NULL, 0, 1, 0),
(217, 'gdpr', 'gdpr-removal-request', 'catalan', 'Removal Request From Contact (Sent to administrators) [catalan]', 'Data Removal Request Received', '', '{companyname} | CRM', NULL, 0, 1, 0),
(218, 'gdpr', 'gdpr-removal-request-lead', 'catalan', 'Removal Request From Lead (Sent to administrators) [catalan]', 'Data Removal Request Received', '', '{companyname} | CRM', NULL, 0, 1, 0),
(219, 'client', 'client-registration-confirmed', 'catalan', 'Customer Registration Confirmed [catalan]', 'Your registration is confirmed', '', '{companyname} | CRM', NULL, 0, 1, 0),
(220, 'contract', 'contract-signed-to-staff', 'catalan', 'Contract Signed (Sent to Staff) [catalan]', 'Customer Signed a Contract', '', '{companyname} | CRM', NULL, 0, 1, 0),
(221, 'subscriptions', 'customer-subscribed-to-staff', 'catalan', 'Customer Subscribed to a Subscription (Sent to administrators and subscription creator) [catalan]', 'Customer Subscribed to a Subscription', '', '{companyname} | CRM', NULL, 0, 1, 0),
(222, 'client', 'contact-verification-email', 'catalan', 'Email Verification (Sent to Contact After Registration) [catalan]', 'Verify Email Address', '', '{companyname} | CRM', NULL, 0, 1, 0),
(223, 'client', 'new-customer-profile-file-uploaded-to-staff', 'catalan', 'New Customer Profile File(s) Uploaded (Sent to Staff) [catalan]', 'Customer Uploaded New File(s) in Profile', '', '{companyname} | CRM', NULL, 0, 1, 0),
(224, 'staff', 'event-notification-to-staff', 'catalan', 'Event Notification (Calendar) [catalan]', 'Upcoming Event - {event_title}', '', '', NULL, 0, 1, 0),
(225, 'subscriptions', 'subscription-payment-requires-action', 'catalan', 'Credit Card Authorization Required - SCA [catalan]', 'Important: Confirm your subscription {subscription_name} payment', '', '{companyname} | CRM', NULL, 0, 1, 0),
(226, 'client', 'new-client-created', 'chinese', 'New Contact Added/Registered (Welcome Email) [chinese]', 'Welcome aboard', '', '{companyname} | CRM', NULL, 0, 1, 0),
(227, 'invoice', 'invoice-send-to-client', 'chinese', 'Send Invoice to Customer [chinese]', 'Invoice with number {invoice_number} created', '', '{companyname} | CRM', NULL, 0, 1, 0),
(228, 'ticket', 'new-ticket-opened-admin', 'chinese', 'New Ticket Opened (Opened by Staff, Sent to Customer) [chinese]', 'New Support Ticket Opened', '', '{companyname} | CRM', NULL, 0, 1, 0),
(229, 'ticket', 'ticket-reply', 'chinese', 'Ticket Reply (Sent to Customer) [chinese]', 'New Ticket Reply', '', '{companyname} | CRM', NULL, 0, 1, 0),
(230, 'ticket', 'ticket-autoresponse', 'chinese', 'New Ticket Opened - Autoresponse [chinese]', 'New Support Ticket Opened', '', '{companyname} | CRM', NULL, 0, 1, 0),
(231, 'invoice', 'invoice-payment-recorded', 'chinese', 'Invoice Payment Recorded (Sent to Customer) [chinese]', 'Invoice Payment Recorded', '', '{companyname} | CRM', NULL, 0, 1, 0),
(232, 'invoice', 'invoice-overdue-notice', 'chinese', 'Invoice Overdue Notice [chinese]', 'Invoice Overdue Notice - {invoice_number}', '', '{companyname} | CRM', NULL, 0, 1, 0),
(233, 'invoice', 'invoice-already-send', 'chinese', 'Invoice Already Sent to Customer [chinese]', 'Invoice # {invoice_number} ', '', '{companyname} | CRM', NULL, 0, 1, 0),
(234, 'ticket', 'new-ticket-created-staff', 'chinese', 'New Ticket Created (Opened by Customer, Sent to Staff Members) [chinese]', 'New Ticket Created', '', '{companyname} | CRM', NULL, 0, 1, 0),
(235, 'estimate', 'estimate-send-to-client', 'chinese', 'Send Estimate to Customer [chinese]', 'Estimate # {estimate_number} created', '', '{companyname} | CRM', NULL, 0, 1, 0),
(236, 'ticket', 'ticket-reply-to-admin', 'chinese', 'Ticket Reply (Sent to Staff) [chinese]', 'New Support Ticket Reply', '', '{companyname} | CRM', NULL, 0, 1, 0),
(237, 'estimate', 'estimate-already-send', 'chinese', 'Estimate Already Sent to Customer [chinese]', 'Estimate # {estimate_number} ', '', '{companyname} | CRM', NULL, 0, 1, 0),
(238, 'contract', 'contract-expiration', 'chinese', 'Contract Expiration Reminder (Sent to Customer Contacts) [chinese]', 'Contract Expiration Reminder', '', '{companyname} | CRM', NULL, 0, 1, 0),
(239, 'tasks', 'task-assigned', 'chinese', 'New Task Assigned (Sent to Staff) [chinese]', 'New Task Assigned to You - {task_name}', '', '{companyname} | CRM', NULL, 0, 1, 0),
(240, 'tasks', 'task-added-as-follower', 'chinese', 'Staff Member Added as Follower on Task (Sent to Staff) [chinese]', 'You are added as follower on task - {task_name}', '', '{companyname} | CRM', NULL, 0, 1, 0),
(241, 'tasks', 'task-commented', 'chinese', 'New Comment on Task (Sent to Staff) [chinese]', 'New Comment on Task - {task_name}', '', '{companyname} | CRM', NULL, 0, 1, 0),
(242, 'tasks', 'task-added-attachment', 'chinese', 'New Attachment(s) on Task (Sent to Staff) [chinese]', 'New Attachment on Task - {task_name}', '', '{companyname} | CRM', NULL, 0, 1, 0),
(243, 'estimate', 'estimate-declined-to-staff', 'chinese', 'Estimate Declined (Sent to Staff) [chinese]', 'Customer Declined Estimate', '', '{companyname} | CRM', NULL, 0, 1, 0),
(244, 'estimate', 'estimate-accepted-to-staff', 'chinese', 'Estimate Accepted (Sent to Staff) [chinese]', 'Customer Accepted Estimate', '', '{companyname} | CRM', NULL, 0, 1, 0),
(245, 'proposals', 'proposal-client-accepted', 'chinese', 'Customer Action - Accepted (Sent to Staff) [chinese]', 'Customer Accepted Proposal', '', '{companyname} | CRM', NULL, 0, 1, 0),
(246, 'proposals', 'proposal-send-to-customer', 'chinese', 'Send Proposal to Customer [chinese]', 'Proposal With Number {proposal_number} Created', '', '{companyname} | CRM', NULL, 0, 1, 0),
(247, 'proposals', 'proposal-client-declined', 'chinese', 'Customer Action - Declined (Sent to Staff) [chinese]', 'Client Declined Proposal', '', '{companyname} | CRM', NULL, 0, 1, 0),
(248, 'proposals', 'proposal-client-thank-you', 'chinese', 'Thank You Email (Sent to Customer After Accept) [chinese]', 'Thank for you accepting proposal', '', '{companyname} | CRM', NULL, 0, 1, 0),
(249, 'proposals', 'proposal-comment-to-client', 'chinese', 'New Comment (Sent to Customer/Lead) [chinese]', 'New Proposal Comment', '', '{companyname} | CRM', NULL, 0, 1, 0),
(250, 'proposals', 'proposal-comment-to-admin', 'chinese', 'New Comment (Sent to Staff)  [chinese]', 'New Proposal Comment', '', '{companyname} | CRM', NULL, 0, 1, 0),
(251, 'estimate', 'estimate-thank-you-to-customer', 'chinese', 'Thank You Email (Sent to Customer After Accept) [chinese]', 'Thank for you accepting estimate', '', '{companyname} | CRM', NULL, 0, 1, 0),
(252, 'tasks', 'task-deadline-notification', 'chinese', 'Task Deadline Reminder - Sent to Assigned Members [chinese]', 'Task Deadline Reminder', '', '{companyname} | CRM', NULL, 0, 1, 0),
(253, 'contract', 'send-contract', 'chinese', 'Send Contract to Customer [chinese]', 'Contract - {contract_subject}', '', '{companyname} | CRM', NULL, 0, 1, 0),
(254, 'invoice', 'invoice-payment-recorded-to-staff', 'chinese', 'Invoice Payment Recorded (Sent to Staff) [chinese]', 'New Invoice Payment', '', '{companyname} | CRM', NULL, 0, 1, 0),
(255, 'ticket', 'auto-close-ticket', 'chinese', 'Auto Close Ticket [chinese]', 'Ticket Auto Closed', '', '{companyname} | CRM', NULL, 0, 1, 0),
(256, 'project', 'new-project-discussion-created-to-staff', 'chinese', 'New Project Discussion (Sent to Project Members) [chinese]', 'New Project Discussion Created - {project_name}', '', '{companyname} | CRM', NULL, 0, 1, 0),
(257, 'project', 'new-project-discussion-created-to-customer', 'chinese', 'New Project Discussion (Sent to Customer Contacts) [chinese]', 'New Project Discussion Created - {project_name}', '', '{companyname} | CRM', NULL, 0, 1, 0),
(258, 'project', 'new-project-file-uploaded-to-customer', 'chinese', 'New Project File(s) Uploaded (Sent to Customer Contacts) [chinese]', 'New Project File(s) Uploaded - {project_name}', '', '{companyname} | CRM', NULL, 0, 1, 0),
(259, 'project', 'new-project-file-uploaded-to-staff', 'chinese', 'New Project File(s) Uploaded (Sent to Project Members) [chinese]', 'New Project File(s) Uploaded - {project_name}', '', '{companyname} | CRM', NULL, 0, 1, 0),
(260, 'project', 'new-project-discussion-comment-to-customer', 'chinese', 'New Discussion Comment  (Sent to Customer Contacts) [chinese]', 'New Discussion Comment', '', '{companyname} | CRM', NULL, 0, 1, 0),
(261, 'project', 'new-project-discussion-comment-to-staff', 'chinese', 'New Discussion Comment (Sent to Project Members) [chinese]', 'New Discussion Comment', '', '{companyname} | CRM', NULL, 0, 1, 0),
(262, 'project', 'staff-added-as-project-member', 'chinese', 'Staff Added as Project Member [chinese]', 'New project assigned to you', '', '{companyname} | CRM', NULL, 0, 1, 0),
(263, 'estimate', 'estimate-expiry-reminder', 'chinese', 'Estimate Expiration Reminder [chinese]', 'Estimate Expiration Reminder', '', '{companyname} | CRM', NULL, 0, 1, 0),
(264, 'proposals', 'proposal-expiry-reminder', 'chinese', 'Proposal Expiration Reminder [chinese]', 'Proposal Expiration Reminder', '', '{companyname} | CRM', NULL, 0, 1, 0),
(265, 'staff', 'new-staff-created', 'chinese', 'New Staff Created (Welcome Email) [chinese]', 'You are added as staff member', '', '{companyname} | CRM', NULL, 0, 1, 0),
(266, 'client', 'contact-forgot-password', 'chinese', 'Forgot Password [chinese]', 'Create New Password', '', '{companyname} | CRM', NULL, 0, 1, 0),
(267, 'client', 'contact-password-reseted', 'chinese', 'Password Reset - Confirmation [chinese]', 'Your password has been changed', '', '{companyname} | CRM', NULL, 0, 1, 0),
(268, 'client', 'contact-set-password', 'chinese', 'Set New Password [chinese]', 'Set new password on {companyname} ', '', '{companyname} | CRM', NULL, 0, 1, 0),
(269, 'staff', 'staff-forgot-password', 'chinese', 'Forgot Password [chinese]', 'Create New Password', '', '{companyname} | CRM', NULL, 0, 1, 0),
(270, 'staff', 'staff-password-reseted', 'chinese', 'Password Reset - Confirmation [chinese]', 'Your password has been changed', '', '{companyname} | CRM', NULL, 0, 1, 0),
(271, 'project', 'assigned-to-project', 'chinese', 'New Project Created (Sent to Customer Contacts) [chinese]', 'New Project Created', '', '{companyname} | CRM', NULL, 0, 1, 0),
(272, 'tasks', 'task-added-attachment-to-contacts', 'chinese', 'New Attachment(s) on Task (Sent to Customer Contacts) [chinese]', 'New Attachment on Task - {task_name}', '', '{companyname} | CRM', NULL, 0, 1, 0),
(273, 'tasks', 'task-commented-to-contacts', 'chinese', 'New Comment on Task (Sent to Customer Contacts) [chinese]', 'New Comment on Task - {task_name}', '', '{companyname} | CRM', NULL, 0, 1, 0),
(274, 'leads', 'new-lead-assigned', 'chinese', 'New Lead Assigned to Staff Member [chinese]', 'New lead assigned to you', '', '{companyname} | CRM', NULL, 0, 1, 0),
(275, 'client', 'client-statement', 'chinese', 'Statement - Account Summary [chinese]', 'Account Statement from {statement_from} to {statement_to}', '', '{companyname} | CRM', NULL, 0, 1, 0),
(276, 'ticket', 'ticket-assigned-to-admin', 'chinese', 'New Ticket Assigned (Sent to Staff) [chinese]', 'New support ticket has been assigned to you', '', '{companyname} | CRM', NULL, 0, 1, 0),
(277, 'client', 'new-client-registered-to-admin', 'chinese', 'New Customer Registration (Sent to admins) [chinese]', 'New Customer Registration', '', '{companyname} | CRM', NULL, 0, 1, 0),
(278, 'leads', 'new-web-to-lead-form-submitted', 'chinese', 'Web to lead form submitted - Sent to lead [chinese]', '{lead_name} - We Received Your Request', '', '{companyname} | CRM', NULL, 0, 0, 0),
(279, 'staff', 'two-factor-authentication', 'chinese', 'Two Factor Authentication [chinese]', 'Confirm Your Login', '', '{companyname} | CRM', NULL, 0, 1, 0),
(280, 'project', 'project-finished-to-customer', 'chinese', 'Project Marked as Finished (Sent to Customer Contacts) [chinese]', 'Project Marked as Finished', '', '{companyname} | CRM', NULL, 0, 1, 0),
(281, 'credit_note', 'credit-note-send-to-client', 'chinese', 'Send Credit Note To Email [chinese]', 'Credit Note With Number #{credit_note_number} Created', '', '{companyname} | CRM', NULL, 0, 1, 0),
(282, 'tasks', 'task-status-change-to-staff', 'chinese', 'Task Status Changed (Sent to Staff) [chinese]', 'Task Status Changed', '', '{companyname} | CRM', NULL, 0, 1, 0),
(283, 'tasks', 'task-status-change-to-contacts', 'chinese', 'Task Status Changed (Sent to Customer Contacts) [chinese]', 'Task Status Changed', '', '{companyname} | CRM', NULL, 0, 1, 0),
(284, 'staff', 'reminder-email-staff', 'chinese', 'Staff Reminder Email [chinese]', 'You Have a New Reminder!', '', '{companyname} | CRM', NULL, 0, 1, 0),
(285, 'contract', 'contract-comment-to-client', 'chinese', 'New Comment (Sent to Customer Contacts) [chinese]', 'New Contract Comment', '', '{companyname} | CRM', NULL, 0, 1, 0),
(286, 'contract', 'contract-comment-to-admin', 'chinese', 'New Comment (Sent to Staff)  [chinese]', 'New Contract Comment', '', '{companyname} | CRM', NULL, 0, 1, 0),
(287, 'subscriptions', 'send-subscription', 'chinese', 'Send Subscription to Customer [chinese]', 'Subscription Created', '', '{companyname} | CRM', NULL, 0, 1, 0),
(288, 'subscriptions', 'subscription-payment-failed', 'chinese', 'Subscription Payment Failed [chinese]', 'Your most recent invoice payment failed', '', '{companyname} | CRM', NULL, 0, 1, 0),
(289, 'subscriptions', 'subscription-canceled', 'chinese', 'Subscription Canceled (Sent to customer primary contact) [chinese]', 'Your subscription has been canceled', '', '{companyname} | CRM', NULL, 0, 1, 0),
(290, 'subscriptions', 'subscription-payment-succeeded', 'chinese', 'Subscription Payment Succeeded (Sent to customer primary contact) [chinese]', 'Subscription  Payment Receipt - {subscription_name}', '', '{companyname} | CRM', NULL, 0, 1, 0),
(291, 'contract', 'contract-expiration-to-staff', 'chinese', 'Contract Expiration Reminder (Sent to Staff) [chinese]', 'Contract Expiration Reminder', '', '{companyname} | CRM', NULL, 0, 1, 0),
(292, 'gdpr', 'gdpr-removal-request', 'chinese', 'Removal Request From Contact (Sent to administrators) [chinese]', 'Data Removal Request Received', '', '{companyname} | CRM', NULL, 0, 1, 0),
(293, 'gdpr', 'gdpr-removal-request-lead', 'chinese', 'Removal Request From Lead (Sent to administrators) [chinese]', 'Data Removal Request Received', '', '{companyname} | CRM', NULL, 0, 1, 0),
(294, 'client', 'client-registration-confirmed', 'chinese', 'Customer Registration Confirmed [chinese]', 'Your registration is confirmed', '', '{companyname} | CRM', NULL, 0, 1, 0),
(295, 'contract', 'contract-signed-to-staff', 'chinese', 'Contract Signed (Sent to Staff) [chinese]', 'Customer Signed a Contract', '', '{companyname} | CRM', NULL, 0, 1, 0),
(296, 'subscriptions', 'customer-subscribed-to-staff', 'chinese', 'Customer Subscribed to a Subscription (Sent to administrators and subscription creator) [chinese]', 'Customer Subscribed to a Subscription', '', '{companyname} | CRM', NULL, 0, 1, 0),
(297, 'client', 'contact-verification-email', 'chinese', 'Email Verification (Sent to Contact After Registration) [chinese]', 'Verify Email Address', '', '{companyname} | CRM', NULL, 0, 1, 0),
(298, 'client', 'new-customer-profile-file-uploaded-to-staff', 'chinese', 'New Customer Profile File(s) Uploaded (Sent to Staff) [chinese]', 'Customer Uploaded New File(s) in Profile', '', '{companyname} | CRM', NULL, 0, 1, 0),
(299, 'staff', 'event-notification-to-staff', 'chinese', 'Event Notification (Calendar) [chinese]', 'Upcoming Event - {event_title}', '', '', NULL, 0, 1, 0),
(300, 'subscriptions', 'subscription-payment-requires-action', 'chinese', 'Credit Card Authorization Required - SCA [chinese]', 'Important: Confirm your subscription {subscription_name} payment', '', '{companyname} | CRM', NULL, 0, 1, 0),
(301, 'client', 'new-client-created', 'czech', 'New Contact Added/Registered (Welcome Email) [czech]', 'Welcome aboard', '', '{companyname} | CRM', NULL, 0, 1, 0),
(302, 'invoice', 'invoice-send-to-client', 'czech', 'Send Invoice to Customer [czech]', 'Invoice with number {invoice_number} created', '', '{companyname} | CRM', NULL, 0, 1, 0),
(303, 'ticket', 'new-ticket-opened-admin', 'czech', 'New Ticket Opened (Opened by Staff, Sent to Customer) [czech]', 'New Support Ticket Opened', '', '{companyname} | CRM', NULL, 0, 1, 0),
(304, 'ticket', 'ticket-reply', 'czech', 'Ticket Reply (Sent to Customer) [czech]', 'New Ticket Reply', '', '{companyname} | CRM', NULL, 0, 1, 0),
(305, 'ticket', 'ticket-autoresponse', 'czech', 'New Ticket Opened - Autoresponse [czech]', 'New Support Ticket Opened', '', '{companyname} | CRM', NULL, 0, 1, 0),
(306, 'invoice', 'invoice-payment-recorded', 'czech', 'Invoice Payment Recorded (Sent to Customer) [czech]', 'Invoice Payment Recorded', '', '{companyname} | CRM', NULL, 0, 1, 0),
(307, 'invoice', 'invoice-overdue-notice', 'czech', 'Invoice Overdue Notice [czech]', 'Invoice Overdue Notice - {invoice_number}', '', '{companyname} | CRM', NULL, 0, 1, 0),
(308, 'invoice', 'invoice-already-send', 'czech', 'Invoice Already Sent to Customer [czech]', 'Invoice # {invoice_number} ', '', '{companyname} | CRM', NULL, 0, 1, 0),
(309, 'ticket', 'new-ticket-created-staff', 'czech', 'New Ticket Created (Opened by Customer, Sent to Staff Members) [czech]', 'New Ticket Created', '', '{companyname} | CRM', NULL, 0, 1, 0),
(310, 'estimate', 'estimate-send-to-client', 'czech', 'Send Estimate to Customer [czech]', 'Estimate # {estimate_number} created', '', '{companyname} | CRM', NULL, 0, 1, 0),
(311, 'ticket', 'ticket-reply-to-admin', 'czech', 'Ticket Reply (Sent to Staff) [czech]', 'New Support Ticket Reply', '', '{companyname} | CRM', NULL, 0, 1, 0),
(312, 'estimate', 'estimate-already-send', 'czech', 'Estimate Already Sent to Customer [czech]', 'Estimate # {estimate_number} ', '', '{companyname} | CRM', NULL, 0, 1, 0),
(313, 'contract', 'contract-expiration', 'czech', 'Contract Expiration Reminder (Sent to Customer Contacts) [czech]', 'Contract Expiration Reminder', '', '{companyname} | CRM', NULL, 0, 1, 0),
(314, 'tasks', 'task-assigned', 'czech', 'New Task Assigned (Sent to Staff) [czech]', 'New Task Assigned to You - {task_name}', '', '{companyname} | CRM', NULL, 0, 1, 0),
(315, 'tasks', 'task-added-as-follower', 'czech', 'Staff Member Added as Follower on Task (Sent to Staff) [czech]', 'You are added as follower on task - {task_name}', '', '{companyname} | CRM', NULL, 0, 1, 0),
(316, 'tasks', 'task-commented', 'czech', 'New Comment on Task (Sent to Staff) [czech]', 'New Comment on Task - {task_name}', '', '{companyname} | CRM', NULL, 0, 1, 0),
(317, 'tasks', 'task-added-attachment', 'czech', 'New Attachment(s) on Task (Sent to Staff) [czech]', 'New Attachment on Task - {task_name}', '', '{companyname} | CRM', NULL, 0, 1, 0),
(318, 'estimate', 'estimate-declined-to-staff', 'czech', 'Estimate Declined (Sent to Staff) [czech]', 'Customer Declined Estimate', '', '{companyname} | CRM', NULL, 0, 1, 0),
(319, 'estimate', 'estimate-accepted-to-staff', 'czech', 'Estimate Accepted (Sent to Staff) [czech]', 'Customer Accepted Estimate', '', '{companyname} | CRM', NULL, 0, 1, 0),
(320, 'proposals', 'proposal-client-accepted', 'czech', 'Customer Action - Accepted (Sent to Staff) [czech]', 'Customer Accepted Proposal', '', '{companyname} | CRM', NULL, 0, 1, 0),
(321, 'proposals', 'proposal-send-to-customer', 'czech', 'Send Proposal to Customer [czech]', 'Proposal With Number {proposal_number} Created', '', '{companyname} | CRM', NULL, 0, 1, 0),
(322, 'proposals', 'proposal-client-declined', 'czech', 'Customer Action - Declined (Sent to Staff) [czech]', 'Client Declined Proposal', '', '{companyname} | CRM', NULL, 0, 1, 0),
(323, 'proposals', 'proposal-client-thank-you', 'czech', 'Thank You Email (Sent to Customer After Accept) [czech]', 'Thank for you accepting proposal', '', '{companyname} | CRM', NULL, 0, 1, 0),
(324, 'proposals', 'proposal-comment-to-client', 'czech', 'New Comment (Sent to Customer/Lead) [czech]', 'New Proposal Comment', '', '{companyname} | CRM', NULL, 0, 1, 0),
(325, 'proposals', 'proposal-comment-to-admin', 'czech', 'New Comment (Sent to Staff)  [czech]', 'New Proposal Comment', '', '{companyname} | CRM', NULL, 0, 1, 0),
(326, 'estimate', 'estimate-thank-you-to-customer', 'czech', 'Thank You Email (Sent to Customer After Accept) [czech]', 'Thank for you accepting estimate', '', '{companyname} | CRM', NULL, 0, 1, 0),
(327, 'tasks', 'task-deadline-notification', 'czech', 'Task Deadline Reminder - Sent to Assigned Members [czech]', 'Task Deadline Reminder', '', '{companyname} | CRM', NULL, 0, 1, 0),
(328, 'contract', 'send-contract', 'czech', 'Send Contract to Customer [czech]', 'Contract - {contract_subject}', '', '{companyname} | CRM', NULL, 0, 1, 0),
(329, 'invoice', 'invoice-payment-recorded-to-staff', 'czech', 'Invoice Payment Recorded (Sent to Staff) [czech]', 'New Invoice Payment', '', '{companyname} | CRM', NULL, 0, 1, 0),
(330, 'ticket', 'auto-close-ticket', 'czech', 'Auto Close Ticket [czech]', 'Ticket Auto Closed', '', '{companyname} | CRM', NULL, 0, 1, 0),
(331, 'project', 'new-project-discussion-created-to-staff', 'czech', 'New Project Discussion (Sent to Project Members) [czech]', 'New Project Discussion Created - {project_name}', '', '{companyname} | CRM', NULL, 0, 1, 0),
(332, 'project', 'new-project-discussion-created-to-customer', 'czech', 'New Project Discussion (Sent to Customer Contacts) [czech]', 'New Project Discussion Created - {project_name}', '', '{companyname} | CRM', NULL, 0, 1, 0),
(333, 'project', 'new-project-file-uploaded-to-customer', 'czech', 'New Project File(s) Uploaded (Sent to Customer Contacts) [czech]', 'New Project File(s) Uploaded - {project_name}', '', '{companyname} | CRM', NULL, 0, 1, 0),
(334, 'project', 'new-project-file-uploaded-to-staff', 'czech', 'New Project File(s) Uploaded (Sent to Project Members) [czech]', 'New Project File(s) Uploaded - {project_name}', '', '{companyname} | CRM', NULL, 0, 1, 0),
(335, 'project', 'new-project-discussion-comment-to-customer', 'czech', 'New Discussion Comment  (Sent to Customer Contacts) [czech]', 'New Discussion Comment', '', '{companyname} | CRM', NULL, 0, 1, 0),
(336, 'project', 'new-project-discussion-comment-to-staff', 'czech', 'New Discussion Comment (Sent to Project Members) [czech]', 'New Discussion Comment', '', '{companyname} | CRM', NULL, 0, 1, 0),
(337, 'project', 'staff-added-as-project-member', 'czech', 'Staff Added as Project Member [czech]', 'New project assigned to you', '', '{companyname} | CRM', NULL, 0, 1, 0),
(338, 'estimate', 'estimate-expiry-reminder', 'czech', 'Estimate Expiration Reminder [czech]', 'Estimate Expiration Reminder', '', '{companyname} | CRM', NULL, 0, 1, 0),
(339, 'proposals', 'proposal-expiry-reminder', 'czech', 'Proposal Expiration Reminder [czech]', 'Proposal Expiration Reminder', '', '{companyname} | CRM', NULL, 0, 1, 0),
(340, 'staff', 'new-staff-created', 'czech', 'New Staff Created (Welcome Email) [czech]', 'You are added as staff member', '', '{companyname} | CRM', NULL, 0, 1, 0),
(341, 'client', 'contact-forgot-password', 'czech', 'Forgot Password [czech]', 'Create New Password', '', '{companyname} | CRM', NULL, 0, 1, 0),
(342, 'client', 'contact-password-reseted', 'czech', 'Password Reset - Confirmation [czech]', 'Your password has been changed', '', '{companyname} | CRM', NULL, 0, 1, 0),
(343, 'client', 'contact-set-password', 'czech', 'Set New Password [czech]', 'Set new password on {companyname} ', '', '{companyname} | CRM', NULL, 0, 1, 0),
(344, 'staff', 'staff-forgot-password', 'czech', 'Forgot Password [czech]', 'Create New Password', '', '{companyname} | CRM', NULL, 0, 1, 0),
(345, 'staff', 'staff-password-reseted', 'czech', 'Password Reset - Confirmation [czech]', 'Your password has been changed', '', '{companyname} | CRM', NULL, 0, 1, 0),
(346, 'project', 'assigned-to-project', 'czech', 'New Project Created (Sent to Customer Contacts) [czech]', 'New Project Created', '', '{companyname} | CRM', NULL, 0, 1, 0),
(347, 'tasks', 'task-added-attachment-to-contacts', 'czech', 'New Attachment(s) on Task (Sent to Customer Contacts) [czech]', 'New Attachment on Task - {task_name}', '', '{companyname} | CRM', NULL, 0, 1, 0);
INSERT INTO `tblemailtemplates` (`emailtemplateid`, `type`, `slug`, `language`, `name`, `subject`, `message`, `fromname`, `fromemail`, `plaintext`, `active`, `order`) VALUES
(348, 'tasks', 'task-commented-to-contacts', 'czech', 'New Comment on Task (Sent to Customer Contacts) [czech]', 'New Comment on Task - {task_name}', '', '{companyname} | CRM', NULL, 0, 1, 0),
(349, 'leads', 'new-lead-assigned', 'czech', 'New Lead Assigned to Staff Member [czech]', 'New lead assigned to you', '', '{companyname} | CRM', NULL, 0, 1, 0),
(350, 'client', 'client-statement', 'czech', 'Statement - Account Summary [czech]', 'Account Statement from {statement_from} to {statement_to}', '', '{companyname} | CRM', NULL, 0, 1, 0),
(351, 'ticket', 'ticket-assigned-to-admin', 'czech', 'New Ticket Assigned (Sent to Staff) [czech]', 'New support ticket has been assigned to you', '', '{companyname} | CRM', NULL, 0, 1, 0),
(352, 'client', 'new-client-registered-to-admin', 'czech', 'New Customer Registration (Sent to admins) [czech]', 'New Customer Registration', '', '{companyname} | CRM', NULL, 0, 1, 0),
(353, 'leads', 'new-web-to-lead-form-submitted', 'czech', 'Web to lead form submitted - Sent to lead [czech]', '{lead_name} - We Received Your Request', '', '{companyname} | CRM', NULL, 0, 0, 0),
(354, 'staff', 'two-factor-authentication', 'czech', 'Two Factor Authentication [czech]', 'Confirm Your Login', '', '{companyname} | CRM', NULL, 0, 1, 0),
(355, 'project', 'project-finished-to-customer', 'czech', 'Project Marked as Finished (Sent to Customer Contacts) [czech]', 'Project Marked as Finished', '', '{companyname} | CRM', NULL, 0, 1, 0),
(356, 'credit_note', 'credit-note-send-to-client', 'czech', 'Send Credit Note To Email [czech]', 'Credit Note With Number #{credit_note_number} Created', '', '{companyname} | CRM', NULL, 0, 1, 0),
(357, 'tasks', 'task-status-change-to-staff', 'czech', 'Task Status Changed (Sent to Staff) [czech]', 'Task Status Changed', '', '{companyname} | CRM', NULL, 0, 1, 0),
(358, 'tasks', 'task-status-change-to-contacts', 'czech', 'Task Status Changed (Sent to Customer Contacts) [czech]', 'Task Status Changed', '', '{companyname} | CRM', NULL, 0, 1, 0),
(359, 'staff', 'reminder-email-staff', 'czech', 'Staff Reminder Email [czech]', 'You Have a New Reminder!', '', '{companyname} | CRM', NULL, 0, 1, 0),
(360, 'contract', 'contract-comment-to-client', 'czech', 'New Comment (Sent to Customer Contacts) [czech]', 'New Contract Comment', '', '{companyname} | CRM', NULL, 0, 1, 0),
(361, 'contract', 'contract-comment-to-admin', 'czech', 'New Comment (Sent to Staff)  [czech]', 'New Contract Comment', '', '{companyname} | CRM', NULL, 0, 1, 0),
(362, 'subscriptions', 'send-subscription', 'czech', 'Send Subscription to Customer [czech]', 'Subscription Created', '', '{companyname} | CRM', NULL, 0, 1, 0),
(363, 'subscriptions', 'subscription-payment-failed', 'czech', 'Subscription Payment Failed [czech]', 'Your most recent invoice payment failed', '', '{companyname} | CRM', NULL, 0, 1, 0),
(364, 'subscriptions', 'subscription-canceled', 'czech', 'Subscription Canceled (Sent to customer primary contact) [czech]', 'Your subscription has been canceled', '', '{companyname} | CRM', NULL, 0, 1, 0),
(365, 'subscriptions', 'subscription-payment-succeeded', 'czech', 'Subscription Payment Succeeded (Sent to customer primary contact) [czech]', 'Subscription  Payment Receipt - {subscription_name}', '', '{companyname} | CRM', NULL, 0, 1, 0),
(366, 'contract', 'contract-expiration-to-staff', 'czech', 'Contract Expiration Reminder (Sent to Staff) [czech]', 'Contract Expiration Reminder', '', '{companyname} | CRM', NULL, 0, 1, 0),
(367, 'gdpr', 'gdpr-removal-request', 'czech', 'Removal Request From Contact (Sent to administrators) [czech]', 'Data Removal Request Received', '', '{companyname} | CRM', NULL, 0, 1, 0),
(368, 'gdpr', 'gdpr-removal-request-lead', 'czech', 'Removal Request From Lead (Sent to administrators) [czech]', 'Data Removal Request Received', '', '{companyname} | CRM', NULL, 0, 1, 0),
(369, 'client', 'client-registration-confirmed', 'czech', 'Customer Registration Confirmed [czech]', 'Your registration is confirmed', '', '{companyname} | CRM', NULL, 0, 1, 0),
(370, 'contract', 'contract-signed-to-staff', 'czech', 'Contract Signed (Sent to Staff) [czech]', 'Customer Signed a Contract', '', '{companyname} | CRM', NULL, 0, 1, 0),
(371, 'subscriptions', 'customer-subscribed-to-staff', 'czech', 'Customer Subscribed to a Subscription (Sent to administrators and subscription creator) [czech]', 'Customer Subscribed to a Subscription', '', '{companyname} | CRM', NULL, 0, 1, 0),
(372, 'client', 'contact-verification-email', 'czech', 'Email Verification (Sent to Contact After Registration) [czech]', 'Verify Email Address', '', '{companyname} | CRM', NULL, 0, 1, 0),
(373, 'client', 'new-customer-profile-file-uploaded-to-staff', 'czech', 'New Customer Profile File(s) Uploaded (Sent to Staff) [czech]', 'Customer Uploaded New File(s) in Profile', '', '{companyname} | CRM', NULL, 0, 1, 0),
(374, 'staff', 'event-notification-to-staff', 'czech', 'Event Notification (Calendar) [czech]', 'Upcoming Event - {event_title}', '', '', NULL, 0, 1, 0),
(375, 'subscriptions', 'subscription-payment-requires-action', 'czech', 'Credit Card Authorization Required - SCA [czech]', 'Important: Confirm your subscription {subscription_name} payment', '', '{companyname} | CRM', NULL, 0, 1, 0),
(376, 'client', 'new-client-created', 'dutch', 'New Contact Added/Registered (Welcome Email) [dutch]', 'Welcome aboard', '', '{companyname} | CRM', NULL, 0, 1, 0),
(377, 'invoice', 'invoice-send-to-client', 'dutch', 'Send Invoice to Customer [dutch]', 'Invoice with number {invoice_number} created', '', '{companyname} | CRM', NULL, 0, 1, 0),
(378, 'ticket', 'new-ticket-opened-admin', 'dutch', 'New Ticket Opened (Opened by Staff, Sent to Customer) [dutch]', 'New Support Ticket Opened', '', '{companyname} | CRM', NULL, 0, 1, 0),
(379, 'ticket', 'ticket-reply', 'dutch', 'Ticket Reply (Sent to Customer) [dutch]', 'New Ticket Reply', '', '{companyname} | CRM', NULL, 0, 1, 0),
(380, 'ticket', 'ticket-autoresponse', 'dutch', 'New Ticket Opened - Autoresponse [dutch]', 'New Support Ticket Opened', '', '{companyname} | CRM', NULL, 0, 1, 0),
(381, 'invoice', 'invoice-payment-recorded', 'dutch', 'Invoice Payment Recorded (Sent to Customer) [dutch]', 'Invoice Payment Recorded', '', '{companyname} | CRM', NULL, 0, 1, 0),
(382, 'invoice', 'invoice-overdue-notice', 'dutch', 'Invoice Overdue Notice [dutch]', 'Invoice Overdue Notice - {invoice_number}', '', '{companyname} | CRM', NULL, 0, 1, 0),
(383, 'invoice', 'invoice-already-send', 'dutch', 'Invoice Already Sent to Customer [dutch]', 'Invoice # {invoice_number} ', '', '{companyname} | CRM', NULL, 0, 1, 0),
(384, 'ticket', 'new-ticket-created-staff', 'dutch', 'New Ticket Created (Opened by Customer, Sent to Staff Members) [dutch]', 'New Ticket Created', '', '{companyname} | CRM', NULL, 0, 1, 0),
(385, 'estimate', 'estimate-send-to-client', 'dutch', 'Send Estimate to Customer [dutch]', 'Estimate # {estimate_number} created', '', '{companyname} | CRM', NULL, 0, 1, 0),
(386, 'ticket', 'ticket-reply-to-admin', 'dutch', 'Ticket Reply (Sent to Staff) [dutch]', 'New Support Ticket Reply', '', '{companyname} | CRM', NULL, 0, 1, 0),
(387, 'estimate', 'estimate-already-send', 'dutch', 'Estimate Already Sent to Customer [dutch]', 'Estimate # {estimate_number} ', '', '{companyname} | CRM', NULL, 0, 1, 0),
(388, 'contract', 'contract-expiration', 'dutch', 'Contract Expiration Reminder (Sent to Customer Contacts) [dutch]', 'Contract Expiration Reminder', '', '{companyname} | CRM', NULL, 0, 1, 0),
(389, 'tasks', 'task-assigned', 'dutch', 'New Task Assigned (Sent to Staff) [dutch]', 'New Task Assigned to You - {task_name}', '', '{companyname} | CRM', NULL, 0, 1, 0),
(390, 'tasks', 'task-added-as-follower', 'dutch', 'Staff Member Added as Follower on Task (Sent to Staff) [dutch]', 'You are added as follower on task - {task_name}', '', '{companyname} | CRM', NULL, 0, 1, 0),
(391, 'tasks', 'task-commented', 'dutch', 'New Comment on Task (Sent to Staff) [dutch]', 'New Comment on Task - {task_name}', '', '{companyname} | CRM', NULL, 0, 1, 0),
(392, 'tasks', 'task-added-attachment', 'dutch', 'New Attachment(s) on Task (Sent to Staff) [dutch]', 'New Attachment on Task - {task_name}', '', '{companyname} | CRM', NULL, 0, 1, 0),
(393, 'estimate', 'estimate-declined-to-staff', 'dutch', 'Estimate Declined (Sent to Staff) [dutch]', 'Customer Declined Estimate', '', '{companyname} | CRM', NULL, 0, 1, 0),
(394, 'estimate', 'estimate-accepted-to-staff', 'dutch', 'Estimate Accepted (Sent to Staff) [dutch]', 'Customer Accepted Estimate', '', '{companyname} | CRM', NULL, 0, 1, 0),
(395, 'proposals', 'proposal-client-accepted', 'dutch', 'Customer Action - Accepted (Sent to Staff) [dutch]', 'Customer Accepted Proposal', '', '{companyname} | CRM', NULL, 0, 1, 0),
(396, 'proposals', 'proposal-send-to-customer', 'dutch', 'Send Proposal to Customer [dutch]', 'Proposal With Number {proposal_number} Created', '', '{companyname} | CRM', NULL, 0, 1, 0),
(397, 'proposals', 'proposal-client-declined', 'dutch', 'Customer Action - Declined (Sent to Staff) [dutch]', 'Client Declined Proposal', '', '{companyname} | CRM', NULL, 0, 1, 0),
(398, 'proposals', 'proposal-client-thank-you', 'dutch', 'Thank You Email (Sent to Customer After Accept) [dutch]', 'Thank for you accepting proposal', '', '{companyname} | CRM', NULL, 0, 1, 0),
(399, 'proposals', 'proposal-comment-to-client', 'dutch', 'New Comment (Sent to Customer/Lead) [dutch]', 'New Proposal Comment', '', '{companyname} | CRM', NULL, 0, 1, 0),
(400, 'proposals', 'proposal-comment-to-admin', 'dutch', 'New Comment (Sent to Staff)  [dutch]', 'New Proposal Comment', '', '{companyname} | CRM', NULL, 0, 1, 0),
(401, 'estimate', 'estimate-thank-you-to-customer', 'dutch', 'Thank You Email (Sent to Customer After Accept) [dutch]', 'Thank for you accepting estimate', '', '{companyname} | CRM', NULL, 0, 1, 0),
(402, 'tasks', 'task-deadline-notification', 'dutch', 'Task Deadline Reminder - Sent to Assigned Members [dutch]', 'Task Deadline Reminder', '', '{companyname} | CRM', NULL, 0, 1, 0),
(403, 'contract', 'send-contract', 'dutch', 'Send Contract to Customer [dutch]', 'Contract - {contract_subject}', '', '{companyname} | CRM', NULL, 0, 1, 0),
(404, 'invoice', 'invoice-payment-recorded-to-staff', 'dutch', 'Invoice Payment Recorded (Sent to Staff) [dutch]', 'New Invoice Payment', '', '{companyname} | CRM', NULL, 0, 1, 0),
(405, 'ticket', 'auto-close-ticket', 'dutch', 'Auto Close Ticket [dutch]', 'Ticket Auto Closed', '', '{companyname} | CRM', NULL, 0, 1, 0),
(406, 'project', 'new-project-discussion-created-to-staff', 'dutch', 'New Project Discussion (Sent to Project Members) [dutch]', 'New Project Discussion Created - {project_name}', '', '{companyname} | CRM', NULL, 0, 1, 0),
(407, 'project', 'new-project-discussion-created-to-customer', 'dutch', 'New Project Discussion (Sent to Customer Contacts) [dutch]', 'New Project Discussion Created - {project_name}', '', '{companyname} | CRM', NULL, 0, 1, 0),
(408, 'project', 'new-project-file-uploaded-to-customer', 'dutch', 'New Project File(s) Uploaded (Sent to Customer Contacts) [dutch]', 'New Project File(s) Uploaded - {project_name}', '', '{companyname} | CRM', NULL, 0, 1, 0),
(409, 'project', 'new-project-file-uploaded-to-staff', 'dutch', 'New Project File(s) Uploaded (Sent to Project Members) [dutch]', 'New Project File(s) Uploaded - {project_name}', '', '{companyname} | CRM', NULL, 0, 1, 0),
(410, 'project', 'new-project-discussion-comment-to-customer', 'dutch', 'New Discussion Comment  (Sent to Customer Contacts) [dutch]', 'New Discussion Comment', '', '{companyname} | CRM', NULL, 0, 1, 0),
(411, 'project', 'new-project-discussion-comment-to-staff', 'dutch', 'New Discussion Comment (Sent to Project Members) [dutch]', 'New Discussion Comment', '', '{companyname} | CRM', NULL, 0, 1, 0),
(412, 'project', 'staff-added-as-project-member', 'dutch', 'Staff Added as Project Member [dutch]', 'New project assigned to you', '', '{companyname} | CRM', NULL, 0, 1, 0),
(413, 'estimate', 'estimate-expiry-reminder', 'dutch', 'Estimate Expiration Reminder [dutch]', 'Estimate Expiration Reminder', '', '{companyname} | CRM', NULL, 0, 1, 0),
(414, 'proposals', 'proposal-expiry-reminder', 'dutch', 'Proposal Expiration Reminder [dutch]', 'Proposal Expiration Reminder', '', '{companyname} | CRM', NULL, 0, 1, 0),
(415, 'staff', 'new-staff-created', 'dutch', 'New Staff Created (Welcome Email) [dutch]', 'You are added as staff member', '', '{companyname} | CRM', NULL, 0, 1, 0),
(416, 'client', 'contact-forgot-password', 'dutch', 'Forgot Password [dutch]', 'Create New Password', '', '{companyname} | CRM', NULL, 0, 1, 0),
(417, 'client', 'contact-password-reseted', 'dutch', 'Password Reset - Confirmation [dutch]', 'Your password has been changed', '', '{companyname} | CRM', NULL, 0, 1, 0),
(418, 'client', 'contact-set-password', 'dutch', 'Set New Password [dutch]', 'Set new password on {companyname} ', '', '{companyname} | CRM', NULL, 0, 1, 0),
(419, 'staff', 'staff-forgot-password', 'dutch', 'Forgot Password [dutch]', 'Create New Password', '', '{companyname} | CRM', NULL, 0, 1, 0),
(420, 'staff', 'staff-password-reseted', 'dutch', 'Password Reset - Confirmation [dutch]', 'Your password has been changed', '', '{companyname} | CRM', NULL, 0, 1, 0),
(421, 'project', 'assigned-to-project', 'dutch', 'New Project Created (Sent to Customer Contacts) [dutch]', 'New Project Created', '', '{companyname} | CRM', NULL, 0, 1, 0),
(422, 'tasks', 'task-added-attachment-to-contacts', 'dutch', 'New Attachment(s) on Task (Sent to Customer Contacts) [dutch]', 'New Attachment on Task - {task_name}', '', '{companyname} | CRM', NULL, 0, 1, 0),
(423, 'tasks', 'task-commented-to-contacts', 'dutch', 'New Comment on Task (Sent to Customer Contacts) [dutch]', 'New Comment on Task - {task_name}', '', '{companyname} | CRM', NULL, 0, 1, 0),
(424, 'leads', 'new-lead-assigned', 'dutch', 'New Lead Assigned to Staff Member [dutch]', 'New lead assigned to you', '', '{companyname} | CRM', NULL, 0, 1, 0),
(425, 'client', 'client-statement', 'dutch', 'Statement - Account Summary [dutch]', 'Account Statement from {statement_from} to {statement_to}', '', '{companyname} | CRM', NULL, 0, 1, 0),
(426, 'ticket', 'ticket-assigned-to-admin', 'dutch', 'New Ticket Assigned (Sent to Staff) [dutch]', 'New support ticket has been assigned to you', '', '{companyname} | CRM', NULL, 0, 1, 0),
(427, 'client', 'new-client-registered-to-admin', 'dutch', 'New Customer Registration (Sent to admins) [dutch]', 'New Customer Registration', '', '{companyname} | CRM', NULL, 0, 1, 0),
(428, 'leads', 'new-web-to-lead-form-submitted', 'dutch', 'Web to lead form submitted - Sent to lead [dutch]', '{lead_name} - We Received Your Request', '', '{companyname} | CRM', NULL, 0, 0, 0),
(429, 'staff', 'two-factor-authentication', 'dutch', 'Two Factor Authentication [dutch]', 'Confirm Your Login', '', '{companyname} | CRM', NULL, 0, 1, 0),
(430, 'project', 'project-finished-to-customer', 'dutch', 'Project Marked as Finished (Sent to Customer Contacts) [dutch]', 'Project Marked as Finished', '', '{companyname} | CRM', NULL, 0, 1, 0),
(431, 'credit_note', 'credit-note-send-to-client', 'dutch', 'Send Credit Note To Email [dutch]', 'Credit Note With Number #{credit_note_number} Created', '', '{companyname} | CRM', NULL, 0, 1, 0),
(432, 'tasks', 'task-status-change-to-staff', 'dutch', 'Task Status Changed (Sent to Staff) [dutch]', 'Task Status Changed', '', '{companyname} | CRM', NULL, 0, 1, 0),
(433, 'tasks', 'task-status-change-to-contacts', 'dutch', 'Task Status Changed (Sent to Customer Contacts) [dutch]', 'Task Status Changed', '', '{companyname} | CRM', NULL, 0, 1, 0),
(434, 'staff', 'reminder-email-staff', 'dutch', 'Staff Reminder Email [dutch]', 'You Have a New Reminder!', '', '{companyname} | CRM', NULL, 0, 1, 0),
(435, 'contract', 'contract-comment-to-client', 'dutch', 'New Comment (Sent to Customer Contacts) [dutch]', 'New Contract Comment', '', '{companyname} | CRM', NULL, 0, 1, 0),
(436, 'contract', 'contract-comment-to-admin', 'dutch', 'New Comment (Sent to Staff)  [dutch]', 'New Contract Comment', '', '{companyname} | CRM', NULL, 0, 1, 0),
(437, 'subscriptions', 'send-subscription', 'dutch', 'Send Subscription to Customer [dutch]', 'Subscription Created', '', '{companyname} | CRM', NULL, 0, 1, 0),
(438, 'subscriptions', 'subscription-payment-failed', 'dutch', 'Subscription Payment Failed [dutch]', 'Your most recent invoice payment failed', '', '{companyname} | CRM', NULL, 0, 1, 0),
(439, 'subscriptions', 'subscription-canceled', 'dutch', 'Subscription Canceled (Sent to customer primary contact) [dutch]', 'Your subscription has been canceled', '', '{companyname} | CRM', NULL, 0, 1, 0),
(440, 'subscriptions', 'subscription-payment-succeeded', 'dutch', 'Subscription Payment Succeeded (Sent to customer primary contact) [dutch]', 'Subscription  Payment Receipt - {subscription_name}', '', '{companyname} | CRM', NULL, 0, 1, 0),
(441, 'contract', 'contract-expiration-to-staff', 'dutch', 'Contract Expiration Reminder (Sent to Staff) [dutch]', 'Contract Expiration Reminder', '', '{companyname} | CRM', NULL, 0, 1, 0),
(442, 'gdpr', 'gdpr-removal-request', 'dutch', 'Removal Request From Contact (Sent to administrators) [dutch]', 'Data Removal Request Received', '', '{companyname} | CRM', NULL, 0, 1, 0),
(443, 'gdpr', 'gdpr-removal-request-lead', 'dutch', 'Removal Request From Lead (Sent to administrators) [dutch]', 'Data Removal Request Received', '', '{companyname} | CRM', NULL, 0, 1, 0),
(444, 'client', 'client-registration-confirmed', 'dutch', 'Customer Registration Confirmed [dutch]', 'Your registration is confirmed', '', '{companyname} | CRM', NULL, 0, 1, 0),
(445, 'contract', 'contract-signed-to-staff', 'dutch', 'Contract Signed (Sent to Staff) [dutch]', 'Customer Signed a Contract', '', '{companyname} | CRM', NULL, 0, 1, 0),
(446, 'subscriptions', 'customer-subscribed-to-staff', 'dutch', 'Customer Subscribed to a Subscription (Sent to administrators and subscription creator) [dutch]', 'Customer Subscribed to a Subscription', '', '{companyname} | CRM', NULL, 0, 1, 0),
(447, 'client', 'contact-verification-email', 'dutch', 'Email Verification (Sent to Contact After Registration) [dutch]', 'Verify Email Address', '', '{companyname} | CRM', NULL, 0, 1, 0),
(448, 'client', 'new-customer-profile-file-uploaded-to-staff', 'dutch', 'New Customer Profile File(s) Uploaded (Sent to Staff) [dutch]', 'Customer Uploaded New File(s) in Profile', '', '{companyname} | CRM', NULL, 0, 1, 0),
(449, 'staff', 'event-notification-to-staff', 'dutch', 'Event Notification (Calendar) [dutch]', 'Upcoming Event - {event_title}', '', '', NULL, 0, 1, 0),
(450, 'subscriptions', 'subscription-payment-requires-action', 'dutch', 'Credit Card Authorization Required - SCA [dutch]', 'Important: Confirm your subscription {subscription_name} payment', '', '{companyname} | CRM', NULL, 0, 1, 0),
(451, 'client', 'new-client-created', 'french', 'New Contact Added/Registered (Welcome Email) [french]', 'Welcome aboard', '', '{companyname} | CRM', NULL, 0, 1, 0),
(452, 'invoice', 'invoice-send-to-client', 'french', 'Send Invoice to Customer [french]', 'Invoice with number {invoice_number} created', '', '{companyname} | CRM', NULL, 0, 1, 0),
(453, 'ticket', 'new-ticket-opened-admin', 'french', 'New Ticket Opened (Opened by Staff, Sent to Customer) [french]', 'New Support Ticket Opened', '', '{companyname} | CRM', NULL, 0, 1, 0),
(454, 'ticket', 'ticket-reply', 'french', 'Ticket Reply (Sent to Customer) [french]', 'New Ticket Reply', '', '{companyname} | CRM', NULL, 0, 1, 0),
(455, 'ticket', 'ticket-autoresponse', 'french', 'New Ticket Opened - Autoresponse [french]', 'New Support Ticket Opened', '', '{companyname} | CRM', NULL, 0, 1, 0),
(456, 'invoice', 'invoice-payment-recorded', 'french', 'Invoice Payment Recorded (Sent to Customer) [french]', 'Invoice Payment Recorded', '', '{companyname} | CRM', NULL, 0, 1, 0),
(457, 'invoice', 'invoice-overdue-notice', 'french', 'Invoice Overdue Notice [french]', 'Invoice Overdue Notice - {invoice_number}', '', '{companyname} | CRM', NULL, 0, 1, 0),
(458, 'invoice', 'invoice-already-send', 'french', 'Invoice Already Sent to Customer [french]', 'Invoice # {invoice_number} ', '', '{companyname} | CRM', NULL, 0, 1, 0),
(459, 'ticket', 'new-ticket-created-staff', 'french', 'New Ticket Created (Opened by Customer, Sent to Staff Members) [french]', 'New Ticket Created', '', '{companyname} | CRM', NULL, 0, 1, 0),
(460, 'estimate', 'estimate-send-to-client', 'french', 'Send Estimate to Customer [french]', 'Estimate # {estimate_number} created', '', '{companyname} | CRM', NULL, 0, 1, 0),
(461, 'ticket', 'ticket-reply-to-admin', 'french', 'Ticket Reply (Sent to Staff) [french]', 'New Support Ticket Reply', '', '{companyname} | CRM', NULL, 0, 1, 0),
(462, 'estimate', 'estimate-already-send', 'french', 'Estimate Already Sent to Customer [french]', 'Estimate # {estimate_number} ', '', '{companyname} | CRM', NULL, 0, 1, 0),
(463, 'contract', 'contract-expiration', 'french', 'Contract Expiration Reminder (Sent to Customer Contacts) [french]', 'Contract Expiration Reminder', '', '{companyname} | CRM', NULL, 0, 1, 0),
(464, 'tasks', 'task-assigned', 'french', 'New Task Assigned (Sent to Staff) [french]', 'New Task Assigned to You - {task_name}', '', '{companyname} | CRM', NULL, 0, 1, 0),
(465, 'tasks', 'task-added-as-follower', 'french', 'Staff Member Added as Follower on Task (Sent to Staff) [french]', 'You are added as follower on task - {task_name}', '', '{companyname} | CRM', NULL, 0, 1, 0),
(466, 'tasks', 'task-commented', 'french', 'New Comment on Task (Sent to Staff) [french]', 'New Comment on Task - {task_name}', '', '{companyname} | CRM', NULL, 0, 1, 0),
(467, 'tasks', 'task-added-attachment', 'french', 'New Attachment(s) on Task (Sent to Staff) [french]', 'New Attachment on Task - {task_name}', '', '{companyname} | CRM', NULL, 0, 1, 0),
(468, 'estimate', 'estimate-declined-to-staff', 'french', 'Estimate Declined (Sent to Staff) [french]', 'Customer Declined Estimate', '', '{companyname} | CRM', NULL, 0, 1, 0),
(469, 'estimate', 'estimate-accepted-to-staff', 'french', 'Estimate Accepted (Sent to Staff) [french]', 'Customer Accepted Estimate', '', '{companyname} | CRM', NULL, 0, 1, 0),
(470, 'proposals', 'proposal-client-accepted', 'french', 'Customer Action - Accepted (Sent to Staff) [french]', 'Customer Accepted Proposal', '', '{companyname} | CRM', NULL, 0, 1, 0),
(471, 'proposals', 'proposal-send-to-customer', 'french', 'Send Proposal to Customer [french]', 'Proposal With Number {proposal_number} Created', '', '{companyname} | CRM', NULL, 0, 1, 0),
(472, 'proposals', 'proposal-client-declined', 'french', 'Customer Action - Declined (Sent to Staff) [french]', 'Client Declined Proposal', '', '{companyname} | CRM', NULL, 0, 1, 0),
(473, 'proposals', 'proposal-client-thank-you', 'french', 'Thank You Email (Sent to Customer After Accept) [french]', 'Thank for you accepting proposal', '', '{companyname} | CRM', NULL, 0, 1, 0),
(474, 'proposals', 'proposal-comment-to-client', 'french', 'New Comment (Sent to Customer/Lead) [french]', 'New Proposal Comment', '', '{companyname} | CRM', NULL, 0, 1, 0),
(475, 'proposals', 'proposal-comment-to-admin', 'french', 'New Comment (Sent to Staff)  [french]', 'New Proposal Comment', '', '{companyname} | CRM', NULL, 0, 1, 0),
(476, 'estimate', 'estimate-thank-you-to-customer', 'french', 'Thank You Email (Sent to Customer After Accept) [french]', 'Thank for you accepting estimate', '', '{companyname} | CRM', NULL, 0, 1, 0),
(477, 'tasks', 'task-deadline-notification', 'french', 'Task Deadline Reminder - Sent to Assigned Members [french]', 'Task Deadline Reminder', '', '{companyname} | CRM', NULL, 0, 1, 0),
(478, 'contract', 'send-contract', 'french', 'Send Contract to Customer [french]', 'Contract - {contract_subject}', '', '{companyname} | CRM', NULL, 0, 1, 0),
(479, 'invoice', 'invoice-payment-recorded-to-staff', 'french', 'Invoice Payment Recorded (Sent to Staff) [french]', 'New Invoice Payment', '', '{companyname} | CRM', NULL, 0, 1, 0),
(480, 'ticket', 'auto-close-ticket', 'french', 'Auto Close Ticket [french]', 'Ticket Auto Closed', '', '{companyname} | CRM', NULL, 0, 1, 0),
(481, 'project', 'new-project-discussion-created-to-staff', 'french', 'New Project Discussion (Sent to Project Members) [french]', 'New Project Discussion Created - {project_name}', '', '{companyname} | CRM', NULL, 0, 1, 0),
(482, 'project', 'new-project-discussion-created-to-customer', 'french', 'New Project Discussion (Sent to Customer Contacts) [french]', 'New Project Discussion Created - {project_name}', '', '{companyname} | CRM', NULL, 0, 1, 0),
(483, 'project', 'new-project-file-uploaded-to-customer', 'french', 'New Project File(s) Uploaded (Sent to Customer Contacts) [french]', 'New Project File(s) Uploaded - {project_name}', '', '{companyname} | CRM', NULL, 0, 1, 0),
(484, 'project', 'new-project-file-uploaded-to-staff', 'french', 'New Project File(s) Uploaded (Sent to Project Members) [french]', 'New Project File(s) Uploaded - {project_name}', '', '{companyname} | CRM', NULL, 0, 1, 0),
(485, 'project', 'new-project-discussion-comment-to-customer', 'french', 'New Discussion Comment  (Sent to Customer Contacts) [french]', 'New Discussion Comment', '', '{companyname} | CRM', NULL, 0, 1, 0),
(486, 'project', 'new-project-discussion-comment-to-staff', 'french', 'New Discussion Comment (Sent to Project Members) [french]', 'New Discussion Comment', '', '{companyname} | CRM', NULL, 0, 1, 0),
(487, 'project', 'staff-added-as-project-member', 'french', 'Staff Added as Project Member [french]', 'New project assigned to you', '', '{companyname} | CRM', NULL, 0, 1, 0),
(488, 'estimate', 'estimate-expiry-reminder', 'french', 'Estimate Expiration Reminder [french]', 'Estimate Expiration Reminder', '', '{companyname} | CRM', NULL, 0, 1, 0),
(489, 'proposals', 'proposal-expiry-reminder', 'french', 'Proposal Expiration Reminder [french]', 'Proposal Expiration Reminder', '', '{companyname} | CRM', NULL, 0, 1, 0),
(490, 'staff', 'new-staff-created', 'french', 'New Staff Created (Welcome Email) [french]', 'You are added as staff member', '', '{companyname} | CRM', NULL, 0, 1, 0),
(491, 'client', 'contact-forgot-password', 'french', 'Forgot Password [french]', 'Create New Password', '', '{companyname} | CRM', NULL, 0, 1, 0),
(492, 'client', 'contact-password-reseted', 'french', 'Password Reset - Confirmation [french]', 'Your password has been changed', '', '{companyname} | CRM', NULL, 0, 1, 0),
(493, 'client', 'contact-set-password', 'french', 'Set New Password [french]', 'Set new password on {companyname} ', '', '{companyname} | CRM', NULL, 0, 1, 0),
(494, 'staff', 'staff-forgot-password', 'french', 'Forgot Password [french]', 'Create New Password', '', '{companyname} | CRM', NULL, 0, 1, 0),
(495, 'staff', 'staff-password-reseted', 'french', 'Password Reset - Confirmation [french]', 'Your password has been changed', '', '{companyname} | CRM', NULL, 0, 1, 0),
(496, 'project', 'assigned-to-project', 'french', 'New Project Created (Sent to Customer Contacts) [french]', 'New Project Created', '', '{companyname} | CRM', NULL, 0, 1, 0),
(497, 'tasks', 'task-added-attachment-to-contacts', 'french', 'New Attachment(s) on Task (Sent to Customer Contacts) [french]', 'New Attachment on Task - {task_name}', '', '{companyname} | CRM', NULL, 0, 1, 0),
(498, 'tasks', 'task-commented-to-contacts', 'french', 'New Comment on Task (Sent to Customer Contacts) [french]', 'New Comment on Task - {task_name}', '', '{companyname} | CRM', NULL, 0, 1, 0),
(499, 'leads', 'new-lead-assigned', 'french', 'New Lead Assigned to Staff Member [french]', 'New lead assigned to you', '', '{companyname} | CRM', NULL, 0, 1, 0),
(500, 'client', 'client-statement', 'french', 'Statement - Account Summary [french]', 'Account Statement from {statement_from} to {statement_to}', '', '{companyname} | CRM', NULL, 0, 1, 0),
(501, 'ticket', 'ticket-assigned-to-admin', 'french', 'New Ticket Assigned (Sent to Staff) [french]', 'New support ticket has been assigned to you', '', '{companyname} | CRM', NULL, 0, 1, 0),
(502, 'client', 'new-client-registered-to-admin', 'french', 'New Customer Registration (Sent to admins) [french]', 'New Customer Registration', '', '{companyname} | CRM', NULL, 0, 1, 0),
(503, 'leads', 'new-web-to-lead-form-submitted', 'french', 'Web to lead form submitted - Sent to lead [french]', '{lead_name} - We Received Your Request', '', '{companyname} | CRM', NULL, 0, 0, 0),
(504, 'staff', 'two-factor-authentication', 'french', 'Two Factor Authentication [french]', 'Confirm Your Login', '', '{companyname} | CRM', NULL, 0, 1, 0),
(505, 'project', 'project-finished-to-customer', 'french', 'Project Marked as Finished (Sent to Customer Contacts) [french]', 'Project Marked as Finished', '', '{companyname} | CRM', NULL, 0, 1, 0),
(506, 'credit_note', 'credit-note-send-to-client', 'french', 'Send Credit Note To Email [french]', 'Credit Note With Number #{credit_note_number} Created', '', '{companyname} | CRM', NULL, 0, 1, 0),
(507, 'tasks', 'task-status-change-to-staff', 'french', 'Task Status Changed (Sent to Staff) [french]', 'Task Status Changed', '', '{companyname} | CRM', NULL, 0, 1, 0),
(508, 'tasks', 'task-status-change-to-contacts', 'french', 'Task Status Changed (Sent to Customer Contacts) [french]', 'Task Status Changed', '', '{companyname} | CRM', NULL, 0, 1, 0),
(509, 'staff', 'reminder-email-staff', 'french', 'Staff Reminder Email [french]', 'You Have a New Reminder!', '', '{companyname} | CRM', NULL, 0, 1, 0),
(510, 'contract', 'contract-comment-to-client', 'french', 'New Comment (Sent to Customer Contacts) [french]', 'New Contract Comment', '', '{companyname} | CRM', NULL, 0, 1, 0),
(511, 'contract', 'contract-comment-to-admin', 'french', 'New Comment (Sent to Staff)  [french]', 'New Contract Comment', '', '{companyname} | CRM', NULL, 0, 1, 0),
(512, 'subscriptions', 'send-subscription', 'french', 'Send Subscription to Customer [french]', 'Subscription Created', '', '{companyname} | CRM', NULL, 0, 1, 0),
(513, 'subscriptions', 'subscription-payment-failed', 'french', 'Subscription Payment Failed [french]', 'Your most recent invoice payment failed', '', '{companyname} | CRM', NULL, 0, 1, 0),
(514, 'subscriptions', 'subscription-canceled', 'french', 'Subscription Canceled (Sent to customer primary contact) [french]', 'Your subscription has been canceled', '', '{companyname} | CRM', NULL, 0, 1, 0),
(515, 'subscriptions', 'subscription-payment-succeeded', 'french', 'Subscription Payment Succeeded (Sent to customer primary contact) [french]', 'Subscription  Payment Receipt - {subscription_name}', '', '{companyname} | CRM', NULL, 0, 1, 0),
(516, 'contract', 'contract-expiration-to-staff', 'french', 'Contract Expiration Reminder (Sent to Staff) [french]', 'Contract Expiration Reminder', '', '{companyname} | CRM', NULL, 0, 1, 0),
(517, 'gdpr', 'gdpr-removal-request', 'french', 'Removal Request From Contact (Sent to administrators) [french]', 'Data Removal Request Received', '', '{companyname} | CRM', NULL, 0, 1, 0),
(518, 'gdpr', 'gdpr-removal-request-lead', 'french', 'Removal Request From Lead (Sent to administrators) [french]', 'Data Removal Request Received', '', '{companyname} | CRM', NULL, 0, 1, 0),
(519, 'client', 'client-registration-confirmed', 'french', 'Customer Registration Confirmed [french]', 'Your registration is confirmed', '', '{companyname} | CRM', NULL, 0, 1, 0),
(520, 'contract', 'contract-signed-to-staff', 'french', 'Contract Signed (Sent to Staff) [french]', 'Customer Signed a Contract', '', '{companyname} | CRM', NULL, 0, 1, 0),
(521, 'subscriptions', 'customer-subscribed-to-staff', 'french', 'Customer Subscribed to a Subscription (Sent to administrators and subscription creator) [french]', 'Customer Subscribed to a Subscription', '', '{companyname} | CRM', NULL, 0, 1, 0),
(522, 'client', 'contact-verification-email', 'french', 'Email Verification (Sent to Contact After Registration) [french]', 'Verify Email Address', '', '{companyname} | CRM', NULL, 0, 1, 0),
(523, 'client', 'new-customer-profile-file-uploaded-to-staff', 'french', 'New Customer Profile File(s) Uploaded (Sent to Staff) [french]', 'Customer Uploaded New File(s) in Profile', '', '{companyname} | CRM', NULL, 0, 1, 0),
(524, 'staff', 'event-notification-to-staff', 'french', 'Event Notification (Calendar) [french]', 'Upcoming Event - {event_title}', '', '', NULL, 0, 1, 0),
(525, 'subscriptions', 'subscription-payment-requires-action', 'french', 'Credit Card Authorization Required - SCA [french]', 'Important: Confirm your subscription {subscription_name} payment', '', '{companyname} | CRM', NULL, 0, 1, 0),
(526, 'client', 'new-client-created', 'german', 'New Contact Added/Registered (Welcome Email) [german]', 'Welcome aboard', '', '{companyname} | CRM', NULL, 0, 1, 0),
(527, 'invoice', 'invoice-send-to-client', 'german', 'Send Invoice to Customer [german]', 'Invoice with number {invoice_number} created', '', '{companyname} | CRM', NULL, 0, 1, 0),
(528, 'ticket', 'new-ticket-opened-admin', 'german', 'New Ticket Opened (Opened by Staff, Sent to Customer) [german]', 'New Support Ticket Opened', '', '{companyname} | CRM', NULL, 0, 1, 0),
(529, 'ticket', 'ticket-reply', 'german', 'Ticket Reply (Sent to Customer) [german]', 'New Ticket Reply', '', '{companyname} | CRM', NULL, 0, 1, 0),
(530, 'ticket', 'ticket-autoresponse', 'german', 'New Ticket Opened - Autoresponse [german]', 'New Support Ticket Opened', '', '{companyname} | CRM', NULL, 0, 1, 0),
(531, 'invoice', 'invoice-payment-recorded', 'german', 'Invoice Payment Recorded (Sent to Customer) [german]', 'Invoice Payment Recorded', '', '{companyname} | CRM', NULL, 0, 1, 0),
(532, 'invoice', 'invoice-overdue-notice', 'german', 'Invoice Overdue Notice [german]', 'Invoice Overdue Notice - {invoice_number}', '', '{companyname} | CRM', NULL, 0, 1, 0),
(533, 'invoice', 'invoice-already-send', 'german', 'Invoice Already Sent to Customer [german]', 'Invoice # {invoice_number} ', '', '{companyname} | CRM', NULL, 0, 1, 0),
(534, 'ticket', 'new-ticket-created-staff', 'german', 'New Ticket Created (Opened by Customer, Sent to Staff Members) [german]', 'New Ticket Created', '', '{companyname} | CRM', NULL, 0, 1, 0),
(535, 'estimate', 'estimate-send-to-client', 'german', 'Send Estimate to Customer [german]', 'Estimate # {estimate_number} created', '', '{companyname} | CRM', NULL, 0, 1, 0),
(536, 'ticket', 'ticket-reply-to-admin', 'german', 'Ticket Reply (Sent to Staff) [german]', 'New Support Ticket Reply', '', '{companyname} | CRM', NULL, 0, 1, 0),
(537, 'estimate', 'estimate-already-send', 'german', 'Estimate Already Sent to Customer [german]', 'Estimate # {estimate_number} ', '', '{companyname} | CRM', NULL, 0, 1, 0),
(538, 'contract', 'contract-expiration', 'german', 'Contract Expiration Reminder (Sent to Customer Contacts) [german]', 'Contract Expiration Reminder', '', '{companyname} | CRM', NULL, 0, 1, 0),
(539, 'tasks', 'task-assigned', 'german', 'New Task Assigned (Sent to Staff) [german]', 'New Task Assigned to You - {task_name}', '', '{companyname} | CRM', NULL, 0, 1, 0),
(540, 'tasks', 'task-added-as-follower', 'german', 'Staff Member Added as Follower on Task (Sent to Staff) [german]', 'You are added as follower on task - {task_name}', '', '{companyname} | CRM', NULL, 0, 1, 0),
(541, 'tasks', 'task-commented', 'german', 'New Comment on Task (Sent to Staff) [german]', 'New Comment on Task - {task_name}', '', '{companyname} | CRM', NULL, 0, 1, 0),
(542, 'tasks', 'task-added-attachment', 'german', 'New Attachment(s) on Task (Sent to Staff) [german]', 'New Attachment on Task - {task_name}', '', '{companyname} | CRM', NULL, 0, 1, 0),
(543, 'estimate', 'estimate-declined-to-staff', 'german', 'Estimate Declined (Sent to Staff) [german]', 'Customer Declined Estimate', '', '{companyname} | CRM', NULL, 0, 1, 0),
(544, 'estimate', 'estimate-accepted-to-staff', 'german', 'Estimate Accepted (Sent to Staff) [german]', 'Customer Accepted Estimate', '', '{companyname} | CRM', NULL, 0, 1, 0),
(545, 'proposals', 'proposal-client-accepted', 'german', 'Customer Action - Accepted (Sent to Staff) [german]', 'Customer Accepted Proposal', '', '{companyname} | CRM', NULL, 0, 1, 0),
(546, 'proposals', 'proposal-send-to-customer', 'german', 'Send Proposal to Customer [german]', 'Proposal With Number {proposal_number} Created', '', '{companyname} | CRM', NULL, 0, 1, 0),
(547, 'proposals', 'proposal-client-declined', 'german', 'Customer Action - Declined (Sent to Staff) [german]', 'Client Declined Proposal', '', '{companyname} | CRM', NULL, 0, 1, 0),
(548, 'proposals', 'proposal-client-thank-you', 'german', 'Thank You Email (Sent to Customer After Accept) [german]', 'Thank for you accepting proposal', '', '{companyname} | CRM', NULL, 0, 1, 0),
(549, 'proposals', 'proposal-comment-to-client', 'german', 'New Comment (Sent to Customer/Lead) [german]', 'New Proposal Comment', '', '{companyname} | CRM', NULL, 0, 1, 0),
(550, 'proposals', 'proposal-comment-to-admin', 'german', 'New Comment (Sent to Staff)  [german]', 'New Proposal Comment', '', '{companyname} | CRM', NULL, 0, 1, 0),
(551, 'estimate', 'estimate-thank-you-to-customer', 'german', 'Thank You Email (Sent to Customer After Accept) [german]', 'Thank for you accepting estimate', '', '{companyname} | CRM', NULL, 0, 1, 0),
(552, 'tasks', 'task-deadline-notification', 'german', 'Task Deadline Reminder - Sent to Assigned Members [german]', 'Task Deadline Reminder', '', '{companyname} | CRM', NULL, 0, 1, 0),
(553, 'contract', 'send-contract', 'german', 'Send Contract to Customer [german]', 'Contract - {contract_subject}', '', '{companyname} | CRM', NULL, 0, 1, 0),
(554, 'invoice', 'invoice-payment-recorded-to-staff', 'german', 'Invoice Payment Recorded (Sent to Staff) [german]', 'New Invoice Payment', '', '{companyname} | CRM', NULL, 0, 1, 0),
(555, 'ticket', 'auto-close-ticket', 'german', 'Auto Close Ticket [german]', 'Ticket Auto Closed', '', '{companyname} | CRM', NULL, 0, 1, 0),
(556, 'project', 'new-project-discussion-created-to-staff', 'german', 'New Project Discussion (Sent to Project Members) [german]', 'New Project Discussion Created - {project_name}', '', '{companyname} | CRM', NULL, 0, 1, 0),
(557, 'project', 'new-project-discussion-created-to-customer', 'german', 'New Project Discussion (Sent to Customer Contacts) [german]', 'New Project Discussion Created - {project_name}', '', '{companyname} | CRM', NULL, 0, 1, 0),
(558, 'project', 'new-project-file-uploaded-to-customer', 'german', 'New Project File(s) Uploaded (Sent to Customer Contacts) [german]', 'New Project File(s) Uploaded - {project_name}', '', '{companyname} | CRM', NULL, 0, 1, 0),
(559, 'project', 'new-project-file-uploaded-to-staff', 'german', 'New Project File(s) Uploaded (Sent to Project Members) [german]', 'New Project File(s) Uploaded - {project_name}', '', '{companyname} | CRM', NULL, 0, 1, 0),
(560, 'project', 'new-project-discussion-comment-to-customer', 'german', 'New Discussion Comment  (Sent to Customer Contacts) [german]', 'New Discussion Comment', '', '{companyname} | CRM', NULL, 0, 1, 0),
(561, 'project', 'new-project-discussion-comment-to-staff', 'german', 'New Discussion Comment (Sent to Project Members) [german]', 'New Discussion Comment', '', '{companyname} | CRM', NULL, 0, 1, 0),
(562, 'project', 'staff-added-as-project-member', 'german', 'Staff Added as Project Member [german]', 'New project assigned to you', '', '{companyname} | CRM', NULL, 0, 1, 0),
(563, 'estimate', 'estimate-expiry-reminder', 'german', 'Estimate Expiration Reminder [german]', 'Estimate Expiration Reminder', '', '{companyname} | CRM', NULL, 0, 1, 0),
(564, 'proposals', 'proposal-expiry-reminder', 'german', 'Proposal Expiration Reminder [german]', 'Proposal Expiration Reminder', '', '{companyname} | CRM', NULL, 0, 1, 0),
(565, 'staff', 'new-staff-created', 'german', 'New Staff Created (Welcome Email) [german]', 'You are added as staff member', '', '{companyname} | CRM', NULL, 0, 1, 0),
(566, 'client', 'contact-forgot-password', 'german', 'Forgot Password [german]', 'Create New Password', '', '{companyname} | CRM', NULL, 0, 1, 0),
(567, 'client', 'contact-password-reseted', 'german', 'Password Reset - Confirmation [german]', 'Your password has been changed', '', '{companyname} | CRM', NULL, 0, 1, 0),
(568, 'client', 'contact-set-password', 'german', 'Set New Password [german]', 'Set new password on {companyname} ', '', '{companyname} | CRM', NULL, 0, 1, 0),
(569, 'staff', 'staff-forgot-password', 'german', 'Forgot Password [german]', 'Create New Password', '', '{companyname} | CRM', NULL, 0, 1, 0),
(570, 'staff', 'staff-password-reseted', 'german', 'Password Reset - Confirmation [german]', 'Your password has been changed', '', '{companyname} | CRM', NULL, 0, 1, 0),
(571, 'project', 'assigned-to-project', 'german', 'New Project Created (Sent to Customer Contacts) [german]', 'New Project Created', '', '{companyname} | CRM', NULL, 0, 1, 0),
(572, 'tasks', 'task-added-attachment-to-contacts', 'german', 'New Attachment(s) on Task (Sent to Customer Contacts) [german]', 'New Attachment on Task - {task_name}', '', '{companyname} | CRM', NULL, 0, 1, 0),
(573, 'tasks', 'task-commented-to-contacts', 'german', 'New Comment on Task (Sent to Customer Contacts) [german]', 'New Comment on Task - {task_name}', '', '{companyname} | CRM', NULL, 0, 1, 0),
(574, 'leads', 'new-lead-assigned', 'german', 'New Lead Assigned to Staff Member [german]', 'New lead assigned to you', '', '{companyname} | CRM', NULL, 0, 1, 0),
(575, 'client', 'client-statement', 'german', 'Statement - Account Summary [german]', 'Account Statement from {statement_from} to {statement_to}', '', '{companyname} | CRM', NULL, 0, 1, 0),
(576, 'ticket', 'ticket-assigned-to-admin', 'german', 'New Ticket Assigned (Sent to Staff) [german]', 'New support ticket has been assigned to you', '', '{companyname} | CRM', NULL, 0, 1, 0),
(577, 'client', 'new-client-registered-to-admin', 'german', 'New Customer Registration (Sent to admins) [german]', 'New Customer Registration', '', '{companyname} | CRM', NULL, 0, 1, 0),
(578, 'leads', 'new-web-to-lead-form-submitted', 'german', 'Web to lead form submitted - Sent to lead [german]', '{lead_name} - We Received Your Request', '', '{companyname} | CRM', NULL, 0, 0, 0),
(579, 'staff', 'two-factor-authentication', 'german', 'Two Factor Authentication [german]', 'Confirm Your Login', '', '{companyname} | CRM', NULL, 0, 1, 0),
(580, 'project', 'project-finished-to-customer', 'german', 'Project Marked as Finished (Sent to Customer Contacts) [german]', 'Project Marked as Finished', '', '{companyname} | CRM', NULL, 0, 1, 0),
(581, 'credit_note', 'credit-note-send-to-client', 'german', 'Send Credit Note To Email [german]', 'Credit Note With Number #{credit_note_number} Created', '', '{companyname} | CRM', NULL, 0, 1, 0),
(582, 'tasks', 'task-status-change-to-staff', 'german', 'Task Status Changed (Sent to Staff) [german]', 'Task Status Changed', '', '{companyname} | CRM', NULL, 0, 1, 0),
(583, 'tasks', 'task-status-change-to-contacts', 'german', 'Task Status Changed (Sent to Customer Contacts) [german]', 'Task Status Changed', '', '{companyname} | CRM', NULL, 0, 1, 0),
(584, 'staff', 'reminder-email-staff', 'german', 'Staff Reminder Email [german]', 'You Have a New Reminder!', '', '{companyname} | CRM', NULL, 0, 1, 0),
(585, 'contract', 'contract-comment-to-client', 'german', 'New Comment (Sent to Customer Contacts) [german]', 'New Contract Comment', '', '{companyname} | CRM', NULL, 0, 1, 0),
(586, 'contract', 'contract-comment-to-admin', 'german', 'New Comment (Sent to Staff)  [german]', 'New Contract Comment', '', '{companyname} | CRM', NULL, 0, 1, 0),
(587, 'subscriptions', 'send-subscription', 'german', 'Send Subscription to Customer [german]', 'Subscription Created', '', '{companyname} | CRM', NULL, 0, 1, 0),
(588, 'subscriptions', 'subscription-payment-failed', 'german', 'Subscription Payment Failed [german]', 'Your most recent invoice payment failed', '', '{companyname} | CRM', NULL, 0, 1, 0),
(589, 'subscriptions', 'subscription-canceled', 'german', 'Subscription Canceled (Sent to customer primary contact) [german]', 'Your subscription has been canceled', '', '{companyname} | CRM', NULL, 0, 1, 0),
(590, 'subscriptions', 'subscription-payment-succeeded', 'german', 'Subscription Payment Succeeded (Sent to customer primary contact) [german]', 'Subscription  Payment Receipt - {subscription_name}', '', '{companyname} | CRM', NULL, 0, 1, 0),
(591, 'contract', 'contract-expiration-to-staff', 'german', 'Contract Expiration Reminder (Sent to Staff) [german]', 'Contract Expiration Reminder', '', '{companyname} | CRM', NULL, 0, 1, 0),
(592, 'gdpr', 'gdpr-removal-request', 'german', 'Removal Request From Contact (Sent to administrators) [german]', 'Data Removal Request Received', '', '{companyname} | CRM', NULL, 0, 1, 0),
(593, 'gdpr', 'gdpr-removal-request-lead', 'german', 'Removal Request From Lead (Sent to administrators) [german]', 'Data Removal Request Received', '', '{companyname} | CRM', NULL, 0, 1, 0),
(594, 'client', 'client-registration-confirmed', 'german', 'Customer Registration Confirmed [german]', 'Your registration is confirmed', '', '{companyname} | CRM', NULL, 0, 1, 0),
(595, 'contract', 'contract-signed-to-staff', 'german', 'Contract Signed (Sent to Staff) [german]', 'Customer Signed a Contract', '', '{companyname} | CRM', NULL, 0, 1, 0),
(596, 'subscriptions', 'customer-subscribed-to-staff', 'german', 'Customer Subscribed to a Subscription (Sent to administrators and subscription creator) [german]', 'Customer Subscribed to a Subscription', '', '{companyname} | CRM', NULL, 0, 1, 0),
(597, 'client', 'contact-verification-email', 'german', 'Email Verification (Sent to Contact After Registration) [german]', 'Verify Email Address', '', '{companyname} | CRM', NULL, 0, 1, 0),
(598, 'client', 'new-customer-profile-file-uploaded-to-staff', 'german', 'New Customer Profile File(s) Uploaded (Sent to Staff) [german]', 'Customer Uploaded New File(s) in Profile', '', '{companyname} | CRM', NULL, 0, 1, 0),
(599, 'staff', 'event-notification-to-staff', 'german', 'Event Notification (Calendar) [german]', 'Upcoming Event - {event_title}', '', '', NULL, 0, 1, 0),
(600, 'subscriptions', 'subscription-payment-requires-action', 'german', 'Credit Card Authorization Required - SCA [german]', 'Important: Confirm your subscription {subscription_name} payment', '', '{companyname} | CRM', NULL, 0, 1, 0),
(601, 'client', 'new-client-created', 'greek', 'New Contact Added/Registered (Welcome Email) [greek]', 'Welcome aboard', '', '{companyname} | CRM', NULL, 0, 1, 0),
(602, 'invoice', 'invoice-send-to-client', 'greek', 'Send Invoice to Customer [greek]', 'Invoice with number {invoice_number} created', '', '{companyname} | CRM', NULL, 0, 1, 0),
(603, 'ticket', 'new-ticket-opened-admin', 'greek', 'New Ticket Opened (Opened by Staff, Sent to Customer) [greek]', 'New Support Ticket Opened', '', '{companyname} | CRM', NULL, 0, 1, 0),
(604, 'ticket', 'ticket-reply', 'greek', 'Ticket Reply (Sent to Customer) [greek]', 'New Ticket Reply', '', '{companyname} | CRM', NULL, 0, 1, 0),
(605, 'ticket', 'ticket-autoresponse', 'greek', 'New Ticket Opened - Autoresponse [greek]', 'New Support Ticket Opened', '', '{companyname} | CRM', NULL, 0, 1, 0),
(606, 'invoice', 'invoice-payment-recorded', 'greek', 'Invoice Payment Recorded (Sent to Customer) [greek]', 'Invoice Payment Recorded', '', '{companyname} | CRM', NULL, 0, 1, 0),
(607, 'invoice', 'invoice-overdue-notice', 'greek', 'Invoice Overdue Notice [greek]', 'Invoice Overdue Notice - {invoice_number}', '', '{companyname} | CRM', NULL, 0, 1, 0),
(608, 'invoice', 'invoice-already-send', 'greek', 'Invoice Already Sent to Customer [greek]', 'Invoice # {invoice_number} ', '', '{companyname} | CRM', NULL, 0, 1, 0),
(609, 'ticket', 'new-ticket-created-staff', 'greek', 'New Ticket Created (Opened by Customer, Sent to Staff Members) [greek]', 'New Ticket Created', '', '{companyname} | CRM', NULL, 0, 1, 0),
(610, 'estimate', 'estimate-send-to-client', 'greek', 'Send Estimate to Customer [greek]', 'Estimate # {estimate_number} created', '', '{companyname} | CRM', NULL, 0, 1, 0),
(611, 'ticket', 'ticket-reply-to-admin', 'greek', 'Ticket Reply (Sent to Staff) [greek]', 'New Support Ticket Reply', '', '{companyname} | CRM', NULL, 0, 1, 0),
(612, 'estimate', 'estimate-already-send', 'greek', 'Estimate Already Sent to Customer [greek]', 'Estimate # {estimate_number} ', '', '{companyname} | CRM', NULL, 0, 1, 0),
(613, 'contract', 'contract-expiration', 'greek', 'Contract Expiration Reminder (Sent to Customer Contacts) [greek]', 'Contract Expiration Reminder', '', '{companyname} | CRM', NULL, 0, 1, 0),
(614, 'tasks', 'task-assigned', 'greek', 'New Task Assigned (Sent to Staff) [greek]', 'New Task Assigned to You - {task_name}', '', '{companyname} | CRM', NULL, 0, 1, 0),
(615, 'tasks', 'task-added-as-follower', 'greek', 'Staff Member Added as Follower on Task (Sent to Staff) [greek]', 'You are added as follower on task - {task_name}', '', '{companyname} | CRM', NULL, 0, 1, 0),
(616, 'tasks', 'task-commented', 'greek', 'New Comment on Task (Sent to Staff) [greek]', 'New Comment on Task - {task_name}', '', '{companyname} | CRM', NULL, 0, 1, 0),
(617, 'tasks', 'task-added-attachment', 'greek', 'New Attachment(s) on Task (Sent to Staff) [greek]', 'New Attachment on Task - {task_name}', '', '{companyname} | CRM', NULL, 0, 1, 0),
(618, 'estimate', 'estimate-declined-to-staff', 'greek', 'Estimate Declined (Sent to Staff) [greek]', 'Customer Declined Estimate', '', '{companyname} | CRM', NULL, 0, 1, 0),
(619, 'estimate', 'estimate-accepted-to-staff', 'greek', 'Estimate Accepted (Sent to Staff) [greek]', 'Customer Accepted Estimate', '', '{companyname} | CRM', NULL, 0, 1, 0),
(620, 'proposals', 'proposal-client-accepted', 'greek', 'Customer Action - Accepted (Sent to Staff) [greek]', 'Customer Accepted Proposal', '', '{companyname} | CRM', NULL, 0, 1, 0);
INSERT INTO `tblemailtemplates` (`emailtemplateid`, `type`, `slug`, `language`, `name`, `subject`, `message`, `fromname`, `fromemail`, `plaintext`, `active`, `order`) VALUES
(621, 'proposals', 'proposal-send-to-customer', 'greek', 'Send Proposal to Customer [greek]', 'Proposal With Number {proposal_number} Created', '', '{companyname} | CRM', NULL, 0, 1, 0),
(622, 'proposals', 'proposal-client-declined', 'greek', 'Customer Action - Declined (Sent to Staff) [greek]', 'Client Declined Proposal', '', '{companyname} | CRM', NULL, 0, 1, 0),
(623, 'proposals', 'proposal-client-thank-you', 'greek', 'Thank You Email (Sent to Customer After Accept) [greek]', 'Thank for you accepting proposal', '', '{companyname} | CRM', NULL, 0, 1, 0),
(624, 'proposals', 'proposal-comment-to-client', 'greek', 'New Comment (Sent to Customer/Lead) [greek]', 'New Proposal Comment', '', '{companyname} | CRM', NULL, 0, 1, 0),
(625, 'proposals', 'proposal-comment-to-admin', 'greek', 'New Comment (Sent to Staff)  [greek]', 'New Proposal Comment', '', '{companyname} | CRM', NULL, 0, 1, 0),
(626, 'estimate', 'estimate-thank-you-to-customer', 'greek', 'Thank You Email (Sent to Customer After Accept) [greek]', 'Thank for you accepting estimate', '', '{companyname} | CRM', NULL, 0, 1, 0),
(627, 'tasks', 'task-deadline-notification', 'greek', 'Task Deadline Reminder - Sent to Assigned Members [greek]', 'Task Deadline Reminder', '', '{companyname} | CRM', NULL, 0, 1, 0),
(628, 'contract', 'send-contract', 'greek', 'Send Contract to Customer [greek]', 'Contract - {contract_subject}', '', '{companyname} | CRM', NULL, 0, 1, 0),
(629, 'invoice', 'invoice-payment-recorded-to-staff', 'greek', 'Invoice Payment Recorded (Sent to Staff) [greek]', 'New Invoice Payment', '', '{companyname} | CRM', NULL, 0, 1, 0),
(630, 'ticket', 'auto-close-ticket', 'greek', 'Auto Close Ticket [greek]', 'Ticket Auto Closed', '', '{companyname} | CRM', NULL, 0, 1, 0),
(631, 'project', 'new-project-discussion-created-to-staff', 'greek', 'New Project Discussion (Sent to Project Members) [greek]', 'New Project Discussion Created - {project_name}', '', '{companyname} | CRM', NULL, 0, 1, 0),
(632, 'project', 'new-project-discussion-created-to-customer', 'greek', 'New Project Discussion (Sent to Customer Contacts) [greek]', 'New Project Discussion Created - {project_name}', '', '{companyname} | CRM', NULL, 0, 1, 0),
(633, 'project', 'new-project-file-uploaded-to-customer', 'greek', 'New Project File(s) Uploaded (Sent to Customer Contacts) [greek]', 'New Project File(s) Uploaded - {project_name}', '', '{companyname} | CRM', NULL, 0, 1, 0),
(634, 'project', 'new-project-file-uploaded-to-staff', 'greek', 'New Project File(s) Uploaded (Sent to Project Members) [greek]', 'New Project File(s) Uploaded - {project_name}', '', '{companyname} | CRM', NULL, 0, 1, 0),
(635, 'project', 'new-project-discussion-comment-to-customer', 'greek', 'New Discussion Comment  (Sent to Customer Contacts) [greek]', 'New Discussion Comment', '', '{companyname} | CRM', NULL, 0, 1, 0),
(636, 'project', 'new-project-discussion-comment-to-staff', 'greek', 'New Discussion Comment (Sent to Project Members) [greek]', 'New Discussion Comment', '', '{companyname} | CRM', NULL, 0, 1, 0),
(637, 'project', 'staff-added-as-project-member', 'greek', 'Staff Added as Project Member [greek]', 'New project assigned to you', '', '{companyname} | CRM', NULL, 0, 1, 0),
(638, 'estimate', 'estimate-expiry-reminder', 'greek', 'Estimate Expiration Reminder [greek]', 'Estimate Expiration Reminder', '', '{companyname} | CRM', NULL, 0, 1, 0),
(639, 'proposals', 'proposal-expiry-reminder', 'greek', 'Proposal Expiration Reminder [greek]', 'Proposal Expiration Reminder', '', '{companyname} | CRM', NULL, 0, 1, 0),
(640, 'staff', 'new-staff-created', 'greek', 'New Staff Created (Welcome Email) [greek]', 'You are added as staff member', '', '{companyname} | CRM', NULL, 0, 1, 0),
(641, 'client', 'contact-forgot-password', 'greek', 'Forgot Password [greek]', 'Create New Password', '', '{companyname} | CRM', NULL, 0, 1, 0),
(642, 'client', 'contact-password-reseted', 'greek', 'Password Reset - Confirmation [greek]', 'Your password has been changed', '', '{companyname} | CRM', NULL, 0, 1, 0),
(643, 'client', 'contact-set-password', 'greek', 'Set New Password [greek]', 'Set new password on {companyname} ', '', '{companyname} | CRM', NULL, 0, 1, 0),
(644, 'staff', 'staff-forgot-password', 'greek', 'Forgot Password [greek]', 'Create New Password', '', '{companyname} | CRM', NULL, 0, 1, 0),
(645, 'staff', 'staff-password-reseted', 'greek', 'Password Reset - Confirmation [greek]', 'Your password has been changed', '', '{companyname} | CRM', NULL, 0, 1, 0),
(646, 'project', 'assigned-to-project', 'greek', 'New Project Created (Sent to Customer Contacts) [greek]', 'New Project Created', '', '{companyname} | CRM', NULL, 0, 1, 0),
(647, 'tasks', 'task-added-attachment-to-contacts', 'greek', 'New Attachment(s) on Task (Sent to Customer Contacts) [greek]', 'New Attachment on Task - {task_name}', '', '{companyname} | CRM', NULL, 0, 1, 0),
(648, 'tasks', 'task-commented-to-contacts', 'greek', 'New Comment on Task (Sent to Customer Contacts) [greek]', 'New Comment on Task - {task_name}', '', '{companyname} | CRM', NULL, 0, 1, 0),
(649, 'leads', 'new-lead-assigned', 'greek', 'New Lead Assigned to Staff Member [greek]', 'New lead assigned to you', '', '{companyname} | CRM', NULL, 0, 1, 0),
(650, 'client', 'client-statement', 'greek', 'Statement - Account Summary [greek]', 'Account Statement from {statement_from} to {statement_to}', '', '{companyname} | CRM', NULL, 0, 1, 0),
(651, 'ticket', 'ticket-assigned-to-admin', 'greek', 'New Ticket Assigned (Sent to Staff) [greek]', 'New support ticket has been assigned to you', '', '{companyname} | CRM', NULL, 0, 1, 0),
(652, 'client', 'new-client-registered-to-admin', 'greek', 'New Customer Registration (Sent to admins) [greek]', 'New Customer Registration', '', '{companyname} | CRM', NULL, 0, 1, 0),
(653, 'leads', 'new-web-to-lead-form-submitted', 'greek', 'Web to lead form submitted - Sent to lead [greek]', '{lead_name} - We Received Your Request', '', '{companyname} | CRM', NULL, 0, 0, 0),
(654, 'staff', 'two-factor-authentication', 'greek', 'Two Factor Authentication [greek]', 'Confirm Your Login', '', '{companyname} | CRM', NULL, 0, 1, 0),
(655, 'project', 'project-finished-to-customer', 'greek', 'Project Marked as Finished (Sent to Customer Contacts) [greek]', 'Project Marked as Finished', '', '{companyname} | CRM', NULL, 0, 1, 0),
(656, 'credit_note', 'credit-note-send-to-client', 'greek', 'Send Credit Note To Email [greek]', 'Credit Note With Number #{credit_note_number} Created', '', '{companyname} | CRM', NULL, 0, 1, 0),
(657, 'tasks', 'task-status-change-to-staff', 'greek', 'Task Status Changed (Sent to Staff) [greek]', 'Task Status Changed', '', '{companyname} | CRM', NULL, 0, 1, 0),
(658, 'tasks', 'task-status-change-to-contacts', 'greek', 'Task Status Changed (Sent to Customer Contacts) [greek]', 'Task Status Changed', '', '{companyname} | CRM', NULL, 0, 1, 0),
(659, 'staff', 'reminder-email-staff', 'greek', 'Staff Reminder Email [greek]', 'You Have a New Reminder!', '', '{companyname} | CRM', NULL, 0, 1, 0),
(660, 'contract', 'contract-comment-to-client', 'greek', 'New Comment (Sent to Customer Contacts) [greek]', 'New Contract Comment', '', '{companyname} | CRM', NULL, 0, 1, 0),
(661, 'contract', 'contract-comment-to-admin', 'greek', 'New Comment (Sent to Staff)  [greek]', 'New Contract Comment', '', '{companyname} | CRM', NULL, 0, 1, 0),
(662, 'subscriptions', 'send-subscription', 'greek', 'Send Subscription to Customer [greek]', 'Subscription Created', '', '{companyname} | CRM', NULL, 0, 1, 0),
(663, 'subscriptions', 'subscription-payment-failed', 'greek', 'Subscription Payment Failed [greek]', 'Your most recent invoice payment failed', '', '{companyname} | CRM', NULL, 0, 1, 0),
(664, 'subscriptions', 'subscription-canceled', 'greek', 'Subscription Canceled (Sent to customer primary contact) [greek]', 'Your subscription has been canceled', '', '{companyname} | CRM', NULL, 0, 1, 0),
(665, 'subscriptions', 'subscription-payment-succeeded', 'greek', 'Subscription Payment Succeeded (Sent to customer primary contact) [greek]', 'Subscription  Payment Receipt - {subscription_name}', '', '{companyname} | CRM', NULL, 0, 1, 0),
(666, 'contract', 'contract-expiration-to-staff', 'greek', 'Contract Expiration Reminder (Sent to Staff) [greek]', 'Contract Expiration Reminder', '', '{companyname} | CRM', NULL, 0, 1, 0),
(667, 'gdpr', 'gdpr-removal-request', 'greek', 'Removal Request From Contact (Sent to administrators) [greek]', 'Data Removal Request Received', '', '{companyname} | CRM', NULL, 0, 1, 0),
(668, 'gdpr', 'gdpr-removal-request-lead', 'greek', 'Removal Request From Lead (Sent to administrators) [greek]', 'Data Removal Request Received', '', '{companyname} | CRM', NULL, 0, 1, 0),
(669, 'client', 'client-registration-confirmed', 'greek', 'Customer Registration Confirmed [greek]', 'Your registration is confirmed', '', '{companyname} | CRM', NULL, 0, 1, 0),
(670, 'contract', 'contract-signed-to-staff', 'greek', 'Contract Signed (Sent to Staff) [greek]', 'Customer Signed a Contract', '', '{companyname} | CRM', NULL, 0, 1, 0),
(671, 'subscriptions', 'customer-subscribed-to-staff', 'greek', 'Customer Subscribed to a Subscription (Sent to administrators and subscription creator) [greek]', 'Customer Subscribed to a Subscription', '', '{companyname} | CRM', NULL, 0, 1, 0),
(672, 'client', 'contact-verification-email', 'greek', 'Email Verification (Sent to Contact After Registration) [greek]', 'Verify Email Address', '', '{companyname} | CRM', NULL, 0, 1, 0),
(673, 'client', 'new-customer-profile-file-uploaded-to-staff', 'greek', 'New Customer Profile File(s) Uploaded (Sent to Staff) [greek]', 'Customer Uploaded New File(s) in Profile', '', '{companyname} | CRM', NULL, 0, 1, 0),
(674, 'staff', 'event-notification-to-staff', 'greek', 'Event Notification (Calendar) [greek]', 'Upcoming Event - {event_title}', '', '', NULL, 0, 1, 0),
(675, 'subscriptions', 'subscription-payment-requires-action', 'greek', 'Credit Card Authorization Required - SCA [greek]', 'Important: Confirm your subscription {subscription_name} payment', '', '{companyname} | CRM', NULL, 0, 1, 0),
(676, 'client', 'new-client-created', 'indonesia', 'New Contact Added/Registered (Welcome Email) [indonesia]', 'Welcome aboard', '', '{companyname} | CRM', NULL, 0, 1, 0),
(677, 'invoice', 'invoice-send-to-client', 'indonesia', 'Send Invoice to Customer [indonesia]', 'Invoice with number {invoice_number} created', '', '{companyname} | CRM', NULL, 0, 1, 0),
(678, 'ticket', 'new-ticket-opened-admin', 'indonesia', 'New Ticket Opened (Opened by Staff, Sent to Customer) [indonesia]', 'New Support Ticket Opened', '', '{companyname} | CRM', NULL, 0, 1, 0),
(679, 'ticket', 'ticket-reply', 'indonesia', 'Ticket Reply (Sent to Customer) [indonesia]', 'New Ticket Reply', '', '{companyname} | CRM', NULL, 0, 1, 0),
(680, 'ticket', 'ticket-autoresponse', 'indonesia', 'New Ticket Opened - Autoresponse [indonesia]', 'New Support Ticket Opened', '', '{companyname} | CRM', NULL, 0, 1, 0),
(681, 'invoice', 'invoice-payment-recorded', 'indonesia', 'Invoice Payment Recorded (Sent to Customer) [indonesia]', 'Invoice Payment Recorded', '', '{companyname} | CRM', NULL, 0, 1, 0),
(682, 'invoice', 'invoice-overdue-notice', 'indonesia', 'Invoice Overdue Notice [indonesia]', 'Invoice Overdue Notice - {invoice_number}', '', '{companyname} | CRM', NULL, 0, 1, 0),
(683, 'invoice', 'invoice-already-send', 'indonesia', 'Invoice Already Sent to Customer [indonesia]', 'Invoice # {invoice_number} ', '', '{companyname} | CRM', NULL, 0, 1, 0),
(684, 'ticket', 'new-ticket-created-staff', 'indonesia', 'New Ticket Created (Opened by Customer, Sent to Staff Members) [indonesia]', 'New Ticket Created', '', '{companyname} | CRM', NULL, 0, 1, 0),
(685, 'estimate', 'estimate-send-to-client', 'indonesia', 'Send Estimate to Customer [indonesia]', 'Estimate # {estimate_number} created', '', '{companyname} | CRM', NULL, 0, 1, 0),
(686, 'ticket', 'ticket-reply-to-admin', 'indonesia', 'Ticket Reply (Sent to Staff) [indonesia]', 'New Support Ticket Reply', '', '{companyname} | CRM', NULL, 0, 1, 0),
(687, 'estimate', 'estimate-already-send', 'indonesia', 'Estimate Already Sent to Customer [indonesia]', 'Estimate # {estimate_number} ', '', '{companyname} | CRM', NULL, 0, 1, 0),
(688, 'contract', 'contract-expiration', 'indonesia', 'Contract Expiration Reminder (Sent to Customer Contacts) [indonesia]', 'Contract Expiration Reminder', '', '{companyname} | CRM', NULL, 0, 1, 0),
(689, 'tasks', 'task-assigned', 'indonesia', 'New Task Assigned (Sent to Staff) [indonesia]', 'New Task Assigned to You - {task_name}', '', '{companyname} | CRM', NULL, 0, 1, 0),
(690, 'tasks', 'task-added-as-follower', 'indonesia', 'Staff Member Added as Follower on Task (Sent to Staff) [indonesia]', 'You are added as follower on task - {task_name}', '', '{companyname} | CRM', NULL, 0, 1, 0),
(691, 'tasks', 'task-commented', 'indonesia', 'New Comment on Task (Sent to Staff) [indonesia]', 'New Comment on Task - {task_name}', '', '{companyname} | CRM', NULL, 0, 1, 0),
(692, 'tasks', 'task-added-attachment', 'indonesia', 'New Attachment(s) on Task (Sent to Staff) [indonesia]', 'New Attachment on Task - {task_name}', '', '{companyname} | CRM', NULL, 0, 1, 0),
(693, 'estimate', 'estimate-declined-to-staff', 'indonesia', 'Estimate Declined (Sent to Staff) [indonesia]', 'Customer Declined Estimate', '', '{companyname} | CRM', NULL, 0, 1, 0),
(694, 'estimate', 'estimate-accepted-to-staff', 'indonesia', 'Estimate Accepted (Sent to Staff) [indonesia]', 'Customer Accepted Estimate', '', '{companyname} | CRM', NULL, 0, 1, 0),
(695, 'proposals', 'proposal-client-accepted', 'indonesia', 'Customer Action - Accepted (Sent to Staff) [indonesia]', 'Customer Accepted Proposal', '', '{companyname} | CRM', NULL, 0, 1, 0),
(696, 'proposals', 'proposal-send-to-customer', 'indonesia', 'Send Proposal to Customer [indonesia]', 'Proposal With Number {proposal_number} Created', '', '{companyname} | CRM', NULL, 0, 1, 0),
(697, 'proposals', 'proposal-client-declined', 'indonesia', 'Customer Action - Declined (Sent to Staff) [indonesia]', 'Client Declined Proposal', '', '{companyname} | CRM', NULL, 0, 1, 0),
(698, 'proposals', 'proposal-client-thank-you', 'indonesia', 'Thank You Email (Sent to Customer After Accept) [indonesia]', 'Thank for you accepting proposal', '', '{companyname} | CRM', NULL, 0, 1, 0),
(699, 'proposals', 'proposal-comment-to-client', 'indonesia', 'New Comment (Sent to Customer/Lead) [indonesia]', 'New Proposal Comment', '', '{companyname} | CRM', NULL, 0, 1, 0),
(700, 'proposals', 'proposal-comment-to-admin', 'indonesia', 'New Comment (Sent to Staff)  [indonesia]', 'New Proposal Comment', '', '{companyname} | CRM', NULL, 0, 1, 0),
(701, 'estimate', 'estimate-thank-you-to-customer', 'indonesia', 'Thank You Email (Sent to Customer After Accept) [indonesia]', 'Thank for you accepting estimate', '', '{companyname} | CRM', NULL, 0, 1, 0),
(702, 'tasks', 'task-deadline-notification', 'indonesia', 'Task Deadline Reminder - Sent to Assigned Members [indonesia]', 'Task Deadline Reminder', '', '{companyname} | CRM', NULL, 0, 1, 0),
(703, 'contract', 'send-contract', 'indonesia', 'Send Contract to Customer [indonesia]', 'Contract - {contract_subject}', '', '{companyname} | CRM', NULL, 0, 1, 0),
(704, 'invoice', 'invoice-payment-recorded-to-staff', 'indonesia', 'Invoice Payment Recorded (Sent to Staff) [indonesia]', 'New Invoice Payment', '', '{companyname} | CRM', NULL, 0, 1, 0),
(705, 'ticket', 'auto-close-ticket', 'indonesia', 'Auto Close Ticket [indonesia]', 'Ticket Auto Closed', '', '{companyname} | CRM', NULL, 0, 1, 0),
(706, 'project', 'new-project-discussion-created-to-staff', 'indonesia', 'New Project Discussion (Sent to Project Members) [indonesia]', 'New Project Discussion Created - {project_name}', '', '{companyname} | CRM', NULL, 0, 1, 0),
(707, 'project', 'new-project-discussion-created-to-customer', 'indonesia', 'New Project Discussion (Sent to Customer Contacts) [indonesia]', 'New Project Discussion Created - {project_name}', '', '{companyname} | CRM', NULL, 0, 1, 0),
(708, 'project', 'new-project-file-uploaded-to-customer', 'indonesia', 'New Project File(s) Uploaded (Sent to Customer Contacts) [indonesia]', 'New Project File(s) Uploaded - {project_name}', '', '{companyname} | CRM', NULL, 0, 1, 0),
(709, 'project', 'new-project-file-uploaded-to-staff', 'indonesia', 'New Project File(s) Uploaded (Sent to Project Members) [indonesia]', 'New Project File(s) Uploaded - {project_name}', '', '{companyname} | CRM', NULL, 0, 1, 0),
(710, 'project', 'new-project-discussion-comment-to-customer', 'indonesia', 'New Discussion Comment  (Sent to Customer Contacts) [indonesia]', 'New Discussion Comment', '', '{companyname} | CRM', NULL, 0, 1, 0),
(711, 'project', 'new-project-discussion-comment-to-staff', 'indonesia', 'New Discussion Comment (Sent to Project Members) [indonesia]', 'New Discussion Comment', '', '{companyname} | CRM', NULL, 0, 1, 0),
(712, 'project', 'staff-added-as-project-member', 'indonesia', 'Staff Added as Project Member [indonesia]', 'New project assigned to you', '', '{companyname} | CRM', NULL, 0, 1, 0),
(713, 'estimate', 'estimate-expiry-reminder', 'indonesia', 'Estimate Expiration Reminder [indonesia]', 'Estimate Expiration Reminder', '', '{companyname} | CRM', NULL, 0, 1, 0),
(714, 'proposals', 'proposal-expiry-reminder', 'indonesia', 'Proposal Expiration Reminder [indonesia]', 'Proposal Expiration Reminder', '', '{companyname} | CRM', NULL, 0, 1, 0),
(715, 'staff', 'new-staff-created', 'indonesia', 'New Staff Created (Welcome Email) [indonesia]', 'You are added as staff member', '', '{companyname} | CRM', NULL, 0, 1, 0),
(716, 'client', 'contact-forgot-password', 'indonesia', 'Forgot Password [indonesia]', 'Create New Password', '', '{companyname} | CRM', NULL, 0, 1, 0),
(717, 'client', 'contact-password-reseted', 'indonesia', 'Password Reset - Confirmation [indonesia]', 'Your password has been changed', '', '{companyname} | CRM', NULL, 0, 1, 0),
(718, 'client', 'contact-set-password', 'indonesia', 'Set New Password [indonesia]', 'Set new password on {companyname} ', '', '{companyname} | CRM', NULL, 0, 1, 0),
(719, 'staff', 'staff-forgot-password', 'indonesia', 'Forgot Password [indonesia]', 'Create New Password', '', '{companyname} | CRM', NULL, 0, 1, 0),
(720, 'staff', 'staff-password-reseted', 'indonesia', 'Password Reset - Confirmation [indonesia]', 'Your password has been changed', '', '{companyname} | CRM', NULL, 0, 1, 0),
(721, 'project', 'assigned-to-project', 'indonesia', 'New Project Created (Sent to Customer Contacts) [indonesia]', 'New Project Created', '', '{companyname} | CRM', NULL, 0, 1, 0),
(722, 'tasks', 'task-added-attachment-to-contacts', 'indonesia', 'New Attachment(s) on Task (Sent to Customer Contacts) [indonesia]', 'New Attachment on Task - {task_name}', '', '{companyname} | CRM', NULL, 0, 1, 0),
(723, 'tasks', 'task-commented-to-contacts', 'indonesia', 'New Comment on Task (Sent to Customer Contacts) [indonesia]', 'New Comment on Task - {task_name}', '', '{companyname} | CRM', NULL, 0, 1, 0),
(724, 'leads', 'new-lead-assigned', 'indonesia', 'New Lead Assigned to Staff Member [indonesia]', 'New lead assigned to you', '', '{companyname} | CRM', NULL, 0, 1, 0),
(725, 'client', 'client-statement', 'indonesia', 'Statement - Account Summary [indonesia]', 'Account Statement from {statement_from} to {statement_to}', '', '{companyname} | CRM', NULL, 0, 1, 0),
(726, 'ticket', 'ticket-assigned-to-admin', 'indonesia', 'New Ticket Assigned (Sent to Staff) [indonesia]', 'New support ticket has been assigned to you', '', '{companyname} | CRM', NULL, 0, 1, 0),
(727, 'client', 'new-client-registered-to-admin', 'indonesia', 'New Customer Registration (Sent to admins) [indonesia]', 'New Customer Registration', '', '{companyname} | CRM', NULL, 0, 1, 0),
(728, 'leads', 'new-web-to-lead-form-submitted', 'indonesia', 'Web to lead form submitted - Sent to lead [indonesia]', '{lead_name} - We Received Your Request', '', '{companyname} | CRM', NULL, 0, 0, 0),
(729, 'staff', 'two-factor-authentication', 'indonesia', 'Two Factor Authentication [indonesia]', 'Confirm Your Login', '', '{companyname} | CRM', NULL, 0, 1, 0),
(730, 'project', 'project-finished-to-customer', 'indonesia', 'Project Marked as Finished (Sent to Customer Contacts) [indonesia]', 'Project Marked as Finished', '', '{companyname} | CRM', NULL, 0, 1, 0),
(731, 'credit_note', 'credit-note-send-to-client', 'indonesia', 'Send Credit Note To Email [indonesia]', 'Credit Note With Number #{credit_note_number} Created', '', '{companyname} | CRM', NULL, 0, 1, 0),
(732, 'tasks', 'task-status-change-to-staff', 'indonesia', 'Task Status Changed (Sent to Staff) [indonesia]', 'Task Status Changed', '', '{companyname} | CRM', NULL, 0, 1, 0),
(733, 'tasks', 'task-status-change-to-contacts', 'indonesia', 'Task Status Changed (Sent to Customer Contacts) [indonesia]', 'Task Status Changed', '', '{companyname} | CRM', NULL, 0, 1, 0),
(734, 'staff', 'reminder-email-staff', 'indonesia', 'Staff Reminder Email [indonesia]', 'You Have a New Reminder!', '', '{companyname} | CRM', NULL, 0, 1, 0),
(735, 'contract', 'contract-comment-to-client', 'indonesia', 'New Comment (Sent to Customer Contacts) [indonesia]', 'New Contract Comment', '', '{companyname} | CRM', NULL, 0, 1, 0),
(736, 'contract', 'contract-comment-to-admin', 'indonesia', 'New Comment (Sent to Staff)  [indonesia]', 'New Contract Comment', '', '{companyname} | CRM', NULL, 0, 1, 0),
(737, 'subscriptions', 'send-subscription', 'indonesia', 'Send Subscription to Customer [indonesia]', 'Subscription Created', '', '{companyname} | CRM', NULL, 0, 1, 0),
(738, 'subscriptions', 'subscription-payment-failed', 'indonesia', 'Subscription Payment Failed [indonesia]', 'Your most recent invoice payment failed', '', '{companyname} | CRM', NULL, 0, 1, 0),
(739, 'subscriptions', 'subscription-canceled', 'indonesia', 'Subscription Canceled (Sent to customer primary contact) [indonesia]', 'Your subscription has been canceled', '', '{companyname} | CRM', NULL, 0, 1, 0),
(740, 'subscriptions', 'subscription-payment-succeeded', 'indonesia', 'Subscription Payment Succeeded (Sent to customer primary contact) [indonesia]', 'Subscription  Payment Receipt - {subscription_name}', '', '{companyname} | CRM', NULL, 0, 1, 0),
(741, 'contract', 'contract-expiration-to-staff', 'indonesia', 'Contract Expiration Reminder (Sent to Staff) [indonesia]', 'Contract Expiration Reminder', '', '{companyname} | CRM', NULL, 0, 1, 0),
(742, 'gdpr', 'gdpr-removal-request', 'indonesia', 'Removal Request From Contact (Sent to administrators) [indonesia]', 'Data Removal Request Received', '', '{companyname} | CRM', NULL, 0, 1, 0),
(743, 'gdpr', 'gdpr-removal-request-lead', 'indonesia', 'Removal Request From Lead (Sent to administrators) [indonesia]', 'Data Removal Request Received', '', '{companyname} | CRM', NULL, 0, 1, 0),
(744, 'client', 'client-registration-confirmed', 'indonesia', 'Customer Registration Confirmed [indonesia]', 'Your registration is confirmed', '', '{companyname} | CRM', NULL, 0, 1, 0),
(745, 'contract', 'contract-signed-to-staff', 'indonesia', 'Contract Signed (Sent to Staff) [indonesia]', 'Customer Signed a Contract', '', '{companyname} | CRM', NULL, 0, 1, 0),
(746, 'subscriptions', 'customer-subscribed-to-staff', 'indonesia', 'Customer Subscribed to a Subscription (Sent to administrators and subscription creator) [indonesia]', 'Customer Subscribed to a Subscription', '', '{companyname} | CRM', NULL, 0, 1, 0),
(747, 'client', 'contact-verification-email', 'indonesia', 'Email Verification (Sent to Contact After Registration) [indonesia]', 'Verify Email Address', '', '{companyname} | CRM', NULL, 0, 1, 0),
(748, 'client', 'new-customer-profile-file-uploaded-to-staff', 'indonesia', 'New Customer Profile File(s) Uploaded (Sent to Staff) [indonesia]', 'Customer Uploaded New File(s) in Profile', '', '{companyname} | CRM', NULL, 0, 1, 0),
(749, 'staff', 'event-notification-to-staff', 'indonesia', 'Event Notification (Calendar) [indonesia]', 'Upcoming Event - {event_title}', '', '', NULL, 0, 1, 0),
(750, 'subscriptions', 'subscription-payment-requires-action', 'indonesia', 'Credit Card Authorization Required - SCA [indonesia]', 'Important: Confirm your subscription {subscription_name} payment', '', '{companyname} | CRM', NULL, 0, 1, 0),
(751, 'client', 'new-client-created', 'italian', 'New Contact Added/Registered (Welcome Email) [italian]', 'Welcome aboard', '', '{companyname} | CRM', NULL, 0, 1, 0),
(752, 'invoice', 'invoice-send-to-client', 'italian', 'Send Invoice to Customer [italian]', 'Invoice with number {invoice_number} created', '', '{companyname} | CRM', NULL, 0, 1, 0),
(753, 'ticket', 'new-ticket-opened-admin', 'italian', 'New Ticket Opened (Opened by Staff, Sent to Customer) [italian]', 'New Support Ticket Opened', '', '{companyname} | CRM', NULL, 0, 1, 0),
(754, 'ticket', 'ticket-reply', 'italian', 'Ticket Reply (Sent to Customer) [italian]', 'New Ticket Reply', '', '{companyname} | CRM', NULL, 0, 1, 0),
(755, 'ticket', 'ticket-autoresponse', 'italian', 'New Ticket Opened - Autoresponse [italian]', 'New Support Ticket Opened', '', '{companyname} | CRM', NULL, 0, 1, 0),
(756, 'invoice', 'invoice-payment-recorded', 'italian', 'Invoice Payment Recorded (Sent to Customer) [italian]', 'Invoice Payment Recorded', '', '{companyname} | CRM', NULL, 0, 1, 0),
(757, 'invoice', 'invoice-overdue-notice', 'italian', 'Invoice Overdue Notice [italian]', 'Invoice Overdue Notice - {invoice_number}', '', '{companyname} | CRM', NULL, 0, 1, 0),
(758, 'invoice', 'invoice-already-send', 'italian', 'Invoice Already Sent to Customer [italian]', 'Invoice # {invoice_number} ', '', '{companyname} | CRM', NULL, 0, 1, 0),
(759, 'ticket', 'new-ticket-created-staff', 'italian', 'New Ticket Created (Opened by Customer, Sent to Staff Members) [italian]', 'New Ticket Created', '', '{companyname} | CRM', NULL, 0, 1, 0),
(760, 'estimate', 'estimate-send-to-client', 'italian', 'Send Estimate to Customer [italian]', 'Estimate # {estimate_number} created', '', '{companyname} | CRM', NULL, 0, 1, 0),
(761, 'ticket', 'ticket-reply-to-admin', 'italian', 'Ticket Reply (Sent to Staff) [italian]', 'New Support Ticket Reply', '', '{companyname} | CRM', NULL, 0, 1, 0),
(762, 'estimate', 'estimate-already-send', 'italian', 'Estimate Already Sent to Customer [italian]', 'Estimate # {estimate_number} ', '', '{companyname} | CRM', NULL, 0, 1, 0),
(763, 'contract', 'contract-expiration', 'italian', 'Contract Expiration Reminder (Sent to Customer Contacts) [italian]', 'Contract Expiration Reminder', '', '{companyname} | CRM', NULL, 0, 1, 0),
(764, 'tasks', 'task-assigned', 'italian', 'New Task Assigned (Sent to Staff) [italian]', 'New Task Assigned to You - {task_name}', '', '{companyname} | CRM', NULL, 0, 1, 0),
(765, 'tasks', 'task-added-as-follower', 'italian', 'Staff Member Added as Follower on Task (Sent to Staff) [italian]', 'You are added as follower on task - {task_name}', '', '{companyname} | CRM', NULL, 0, 1, 0),
(766, 'tasks', 'task-commented', 'italian', 'New Comment on Task (Sent to Staff) [italian]', 'New Comment on Task - {task_name}', '', '{companyname} | CRM', NULL, 0, 1, 0),
(767, 'tasks', 'task-added-attachment', 'italian', 'New Attachment(s) on Task (Sent to Staff) [italian]', 'New Attachment on Task - {task_name}', '', '{companyname} | CRM', NULL, 0, 1, 0),
(768, 'estimate', 'estimate-declined-to-staff', 'italian', 'Estimate Declined (Sent to Staff) [italian]', 'Customer Declined Estimate', '', '{companyname} | CRM', NULL, 0, 1, 0),
(769, 'estimate', 'estimate-accepted-to-staff', 'italian', 'Estimate Accepted (Sent to Staff) [italian]', 'Customer Accepted Estimate', '', '{companyname} | CRM', NULL, 0, 1, 0),
(770, 'proposals', 'proposal-client-accepted', 'italian', 'Customer Action - Accepted (Sent to Staff) [italian]', 'Customer Accepted Proposal', '', '{companyname} | CRM', NULL, 0, 1, 0),
(771, 'proposals', 'proposal-send-to-customer', 'italian', 'Send Proposal to Customer [italian]', 'Proposal With Number {proposal_number} Created', '', '{companyname} | CRM', NULL, 0, 1, 0),
(772, 'proposals', 'proposal-client-declined', 'italian', 'Customer Action - Declined (Sent to Staff) [italian]', 'Client Declined Proposal', '', '{companyname} | CRM', NULL, 0, 1, 0),
(773, 'proposals', 'proposal-client-thank-you', 'italian', 'Thank You Email (Sent to Customer After Accept) [italian]', 'Thank for you accepting proposal', '', '{companyname} | CRM', NULL, 0, 1, 0),
(774, 'proposals', 'proposal-comment-to-client', 'italian', 'New Comment (Sent to Customer/Lead) [italian]', 'New Proposal Comment', '', '{companyname} | CRM', NULL, 0, 1, 0),
(775, 'proposals', 'proposal-comment-to-admin', 'italian', 'New Comment (Sent to Staff)  [italian]', 'New Proposal Comment', '', '{companyname} | CRM', NULL, 0, 1, 0),
(776, 'estimate', 'estimate-thank-you-to-customer', 'italian', 'Thank You Email (Sent to Customer After Accept) [italian]', 'Thank for you accepting estimate', '', '{companyname} | CRM', NULL, 0, 1, 0),
(777, 'tasks', 'task-deadline-notification', 'italian', 'Task Deadline Reminder - Sent to Assigned Members [italian]', 'Task Deadline Reminder', '', '{companyname} | CRM', NULL, 0, 1, 0),
(778, 'contract', 'send-contract', 'italian', 'Send Contract to Customer [italian]', 'Contract - {contract_subject}', '', '{companyname} | CRM', NULL, 0, 1, 0),
(779, 'invoice', 'invoice-payment-recorded-to-staff', 'italian', 'Invoice Payment Recorded (Sent to Staff) [italian]', 'New Invoice Payment', '', '{companyname} | CRM', NULL, 0, 1, 0),
(780, 'ticket', 'auto-close-ticket', 'italian', 'Auto Close Ticket [italian]', 'Ticket Auto Closed', '', '{companyname} | CRM', NULL, 0, 1, 0),
(781, 'project', 'new-project-discussion-created-to-staff', 'italian', 'New Project Discussion (Sent to Project Members) [italian]', 'New Project Discussion Created - {project_name}', '', '{companyname} | CRM', NULL, 0, 1, 0),
(782, 'project', 'new-project-discussion-created-to-customer', 'italian', 'New Project Discussion (Sent to Customer Contacts) [italian]', 'New Project Discussion Created - {project_name}', '', '{companyname} | CRM', NULL, 0, 1, 0),
(783, 'project', 'new-project-file-uploaded-to-customer', 'italian', 'New Project File(s) Uploaded (Sent to Customer Contacts) [italian]', 'New Project File(s) Uploaded - {project_name}', '', '{companyname} | CRM', NULL, 0, 1, 0),
(784, 'project', 'new-project-file-uploaded-to-staff', 'italian', 'New Project File(s) Uploaded (Sent to Project Members) [italian]', 'New Project File(s) Uploaded - {project_name}', '', '{companyname} | CRM', NULL, 0, 1, 0),
(785, 'project', 'new-project-discussion-comment-to-customer', 'italian', 'New Discussion Comment  (Sent to Customer Contacts) [italian]', 'New Discussion Comment', '', '{companyname} | CRM', NULL, 0, 1, 0),
(786, 'project', 'new-project-discussion-comment-to-staff', 'italian', 'New Discussion Comment (Sent to Project Members) [italian]', 'New Discussion Comment', '', '{companyname} | CRM', NULL, 0, 1, 0),
(787, 'project', 'staff-added-as-project-member', 'italian', 'Staff Added as Project Member [italian]', 'New project assigned to you', '', '{companyname} | CRM', NULL, 0, 1, 0),
(788, 'estimate', 'estimate-expiry-reminder', 'italian', 'Estimate Expiration Reminder [italian]', 'Estimate Expiration Reminder', '', '{companyname} | CRM', NULL, 0, 1, 0),
(789, 'proposals', 'proposal-expiry-reminder', 'italian', 'Proposal Expiration Reminder [italian]', 'Proposal Expiration Reminder', '', '{companyname} | CRM', NULL, 0, 1, 0),
(790, 'staff', 'new-staff-created', 'italian', 'New Staff Created (Welcome Email) [italian]', 'You are added as staff member', '', '{companyname} | CRM', NULL, 0, 1, 0),
(791, 'client', 'contact-forgot-password', 'italian', 'Forgot Password [italian]', 'Create New Password', '', '{companyname} | CRM', NULL, 0, 1, 0),
(792, 'client', 'contact-password-reseted', 'italian', 'Password Reset - Confirmation [italian]', 'Your password has been changed', '', '{companyname} | CRM', NULL, 0, 1, 0),
(793, 'client', 'contact-set-password', 'italian', 'Set New Password [italian]', 'Set new password on {companyname} ', '', '{companyname} | CRM', NULL, 0, 1, 0),
(794, 'staff', 'staff-forgot-password', 'italian', 'Forgot Password [italian]', 'Create New Password', '', '{companyname} | CRM', NULL, 0, 1, 0),
(795, 'staff', 'staff-password-reseted', 'italian', 'Password Reset - Confirmation [italian]', 'Your password has been changed', '', '{companyname} | CRM', NULL, 0, 1, 0),
(796, 'project', 'assigned-to-project', 'italian', 'New Project Created (Sent to Customer Contacts) [italian]', 'New Project Created', '', '{companyname} | CRM', NULL, 0, 1, 0),
(797, 'tasks', 'task-added-attachment-to-contacts', 'italian', 'New Attachment(s) on Task (Sent to Customer Contacts) [italian]', 'New Attachment on Task - {task_name}', '', '{companyname} | CRM', NULL, 0, 1, 0),
(798, 'tasks', 'task-commented-to-contacts', 'italian', 'New Comment on Task (Sent to Customer Contacts) [italian]', 'New Comment on Task - {task_name}', '', '{companyname} | CRM', NULL, 0, 1, 0),
(799, 'leads', 'new-lead-assigned', 'italian', 'New Lead Assigned to Staff Member [italian]', 'New lead assigned to you', '', '{companyname} | CRM', NULL, 0, 1, 0),
(800, 'client', 'client-statement', 'italian', 'Statement - Account Summary [italian]', 'Account Statement from {statement_from} to {statement_to}', '', '{companyname} | CRM', NULL, 0, 1, 0),
(801, 'ticket', 'ticket-assigned-to-admin', 'italian', 'New Ticket Assigned (Sent to Staff) [italian]', 'New support ticket has been assigned to you', '', '{companyname} | CRM', NULL, 0, 1, 0),
(802, 'client', 'new-client-registered-to-admin', 'italian', 'New Customer Registration (Sent to admins) [italian]', 'New Customer Registration', '', '{companyname} | CRM', NULL, 0, 1, 0),
(803, 'leads', 'new-web-to-lead-form-submitted', 'italian', 'Web to lead form submitted - Sent to lead [italian]', '{lead_name} - We Received Your Request', '', '{companyname} | CRM', NULL, 0, 0, 0),
(804, 'staff', 'two-factor-authentication', 'italian', 'Two Factor Authentication [italian]', 'Confirm Your Login', '', '{companyname} | CRM', NULL, 0, 1, 0),
(805, 'project', 'project-finished-to-customer', 'italian', 'Project Marked as Finished (Sent to Customer Contacts) [italian]', 'Project Marked as Finished', '', '{companyname} | CRM', NULL, 0, 1, 0),
(806, 'credit_note', 'credit-note-send-to-client', 'italian', 'Send Credit Note To Email [italian]', 'Credit Note With Number #{credit_note_number} Created', '', '{companyname} | CRM', NULL, 0, 1, 0),
(807, 'tasks', 'task-status-change-to-staff', 'italian', 'Task Status Changed (Sent to Staff) [italian]', 'Task Status Changed', '', '{companyname} | CRM', NULL, 0, 1, 0),
(808, 'tasks', 'task-status-change-to-contacts', 'italian', 'Task Status Changed (Sent to Customer Contacts) [italian]', 'Task Status Changed', '', '{companyname} | CRM', NULL, 0, 1, 0),
(809, 'staff', 'reminder-email-staff', 'italian', 'Staff Reminder Email [italian]', 'You Have a New Reminder!', '', '{companyname} | CRM', NULL, 0, 1, 0),
(810, 'contract', 'contract-comment-to-client', 'italian', 'New Comment (Sent to Customer Contacts) [italian]', 'New Contract Comment', '', '{companyname} | CRM', NULL, 0, 1, 0),
(811, 'contract', 'contract-comment-to-admin', 'italian', 'New Comment (Sent to Staff)  [italian]', 'New Contract Comment', '', '{companyname} | CRM', NULL, 0, 1, 0),
(812, 'subscriptions', 'send-subscription', 'italian', 'Send Subscription to Customer [italian]', 'Subscription Created', '', '{companyname} | CRM', NULL, 0, 1, 0),
(813, 'subscriptions', 'subscription-payment-failed', 'italian', 'Subscription Payment Failed [italian]', 'Your most recent invoice payment failed', '', '{companyname} | CRM', NULL, 0, 1, 0),
(814, 'subscriptions', 'subscription-canceled', 'italian', 'Subscription Canceled (Sent to customer primary contact) [italian]', 'Your subscription has been canceled', '', '{companyname} | CRM', NULL, 0, 1, 0),
(815, 'subscriptions', 'subscription-payment-succeeded', 'italian', 'Subscription Payment Succeeded (Sent to customer primary contact) [italian]', 'Subscription  Payment Receipt - {subscription_name}', '', '{companyname} | CRM', NULL, 0, 1, 0),
(816, 'contract', 'contract-expiration-to-staff', 'italian', 'Contract Expiration Reminder (Sent to Staff) [italian]', 'Contract Expiration Reminder', '', '{companyname} | CRM', NULL, 0, 1, 0),
(817, 'gdpr', 'gdpr-removal-request', 'italian', 'Removal Request From Contact (Sent to administrators) [italian]', 'Data Removal Request Received', '', '{companyname} | CRM', NULL, 0, 1, 0),
(818, 'gdpr', 'gdpr-removal-request-lead', 'italian', 'Removal Request From Lead (Sent to administrators) [italian]', 'Data Removal Request Received', '', '{companyname} | CRM', NULL, 0, 1, 0),
(819, 'client', 'client-registration-confirmed', 'italian', 'Customer Registration Confirmed [italian]', 'Your registration is confirmed', '', '{companyname} | CRM', NULL, 0, 1, 0),
(820, 'contract', 'contract-signed-to-staff', 'italian', 'Contract Signed (Sent to Staff) [italian]', 'Customer Signed a Contract', '', '{companyname} | CRM', NULL, 0, 1, 0),
(821, 'subscriptions', 'customer-subscribed-to-staff', 'italian', 'Customer Subscribed to a Subscription (Sent to administrators and subscription creator) [italian]', 'Customer Subscribed to a Subscription', '', '{companyname} | CRM', NULL, 0, 1, 0),
(822, 'client', 'contact-verification-email', 'italian', 'Email Verification (Sent to Contact After Registration) [italian]', 'Verify Email Address', '', '{companyname} | CRM', NULL, 0, 1, 0),
(823, 'client', 'new-customer-profile-file-uploaded-to-staff', 'italian', 'New Customer Profile File(s) Uploaded (Sent to Staff) [italian]', 'Customer Uploaded New File(s) in Profile', '', '{companyname} | CRM', NULL, 0, 1, 0),
(824, 'staff', 'event-notification-to-staff', 'italian', 'Event Notification (Calendar) [italian]', 'Upcoming Event - {event_title}', '', '', NULL, 0, 1, 0),
(825, 'subscriptions', 'subscription-payment-requires-action', 'italian', 'Credit Card Authorization Required - SCA [italian]', 'Important: Confirm your subscription {subscription_name} payment', '', '{companyname} | CRM', NULL, 0, 1, 0),
(826, 'client', 'new-client-created', 'japanese', 'New Contact Added/Registered (Welcome Email) [japanese]', 'Welcome aboard', '', '{companyname} | CRM', NULL, 0, 1, 0),
(827, 'invoice', 'invoice-send-to-client', 'japanese', 'Send Invoice to Customer [japanese]', 'Invoice with number {invoice_number} created', '', '{companyname} | CRM', NULL, 0, 1, 0),
(828, 'ticket', 'new-ticket-opened-admin', 'japanese', 'New Ticket Opened (Opened by Staff, Sent to Customer) [japanese]', 'New Support Ticket Opened', '', '{companyname} | CRM', NULL, 0, 1, 0),
(829, 'ticket', 'ticket-reply', 'japanese', 'Ticket Reply (Sent to Customer) [japanese]', 'New Ticket Reply', '', '{companyname} | CRM', NULL, 0, 1, 0),
(830, 'ticket', 'ticket-autoresponse', 'japanese', 'New Ticket Opened - Autoresponse [japanese]', 'New Support Ticket Opened', '', '{companyname} | CRM', NULL, 0, 1, 0),
(831, 'invoice', 'invoice-payment-recorded', 'japanese', 'Invoice Payment Recorded (Sent to Customer) [japanese]', 'Invoice Payment Recorded', '', '{companyname} | CRM', NULL, 0, 1, 0),
(832, 'invoice', 'invoice-overdue-notice', 'japanese', 'Invoice Overdue Notice [japanese]', 'Invoice Overdue Notice - {invoice_number}', '', '{companyname} | CRM', NULL, 0, 1, 0),
(833, 'invoice', 'invoice-already-send', 'japanese', 'Invoice Already Sent to Customer [japanese]', 'Invoice # {invoice_number} ', '', '{companyname} | CRM', NULL, 0, 1, 0),
(834, 'ticket', 'new-ticket-created-staff', 'japanese', 'New Ticket Created (Opened by Customer, Sent to Staff Members) [japanese]', 'New Ticket Created', '', '{companyname} | CRM', NULL, 0, 1, 0),
(835, 'estimate', 'estimate-send-to-client', 'japanese', 'Send Estimate to Customer [japanese]', 'Estimate # {estimate_number} created', '', '{companyname} | CRM', NULL, 0, 1, 0),
(836, 'ticket', 'ticket-reply-to-admin', 'japanese', 'Ticket Reply (Sent to Staff) [japanese]', 'New Support Ticket Reply', '', '{companyname} | CRM', NULL, 0, 1, 0),
(837, 'estimate', 'estimate-already-send', 'japanese', 'Estimate Already Sent to Customer [japanese]', 'Estimate # {estimate_number} ', '', '{companyname} | CRM', NULL, 0, 1, 0),
(838, 'contract', 'contract-expiration', 'japanese', 'Contract Expiration Reminder (Sent to Customer Contacts) [japanese]', 'Contract Expiration Reminder', '', '{companyname} | CRM', NULL, 0, 1, 0),
(839, 'tasks', 'task-assigned', 'japanese', 'New Task Assigned (Sent to Staff) [japanese]', 'New Task Assigned to You - {task_name}', '', '{companyname} | CRM', NULL, 0, 1, 0),
(840, 'tasks', 'task-added-as-follower', 'japanese', 'Staff Member Added as Follower on Task (Sent to Staff) [japanese]', 'You are added as follower on task - {task_name}', '', '{companyname} | CRM', NULL, 0, 1, 0),
(841, 'tasks', 'task-commented', 'japanese', 'New Comment on Task (Sent to Staff) [japanese]', 'New Comment on Task - {task_name}', '', '{companyname} | CRM', NULL, 0, 1, 0),
(842, 'tasks', 'task-added-attachment', 'japanese', 'New Attachment(s) on Task (Sent to Staff) [japanese]', 'New Attachment on Task - {task_name}', '', '{companyname} | CRM', NULL, 0, 1, 0),
(843, 'estimate', 'estimate-declined-to-staff', 'japanese', 'Estimate Declined (Sent to Staff) [japanese]', 'Customer Declined Estimate', '', '{companyname} | CRM', NULL, 0, 1, 0),
(844, 'estimate', 'estimate-accepted-to-staff', 'japanese', 'Estimate Accepted (Sent to Staff) [japanese]', 'Customer Accepted Estimate', '', '{companyname} | CRM', NULL, 0, 1, 0),
(845, 'proposals', 'proposal-client-accepted', 'japanese', 'Customer Action - Accepted (Sent to Staff) [japanese]', 'Customer Accepted Proposal', '', '{companyname} | CRM', NULL, 0, 1, 0),
(846, 'proposals', 'proposal-send-to-customer', 'japanese', 'Send Proposal to Customer [japanese]', 'Proposal With Number {proposal_number} Created', '', '{companyname} | CRM', NULL, 0, 1, 0),
(847, 'proposals', 'proposal-client-declined', 'japanese', 'Customer Action - Declined (Sent to Staff) [japanese]', 'Client Declined Proposal', '', '{companyname} | CRM', NULL, 0, 1, 0),
(848, 'proposals', 'proposal-client-thank-you', 'japanese', 'Thank You Email (Sent to Customer After Accept) [japanese]', 'Thank for you accepting proposal', '', '{companyname} | CRM', NULL, 0, 1, 0),
(849, 'proposals', 'proposal-comment-to-client', 'japanese', 'New Comment (Sent to Customer/Lead) [japanese]', 'New Proposal Comment', '', '{companyname} | CRM', NULL, 0, 1, 0),
(850, 'proposals', 'proposal-comment-to-admin', 'japanese', 'New Comment (Sent to Staff)  [japanese]', 'New Proposal Comment', '', '{companyname} | CRM', NULL, 0, 1, 0),
(851, 'estimate', 'estimate-thank-you-to-customer', 'japanese', 'Thank You Email (Sent to Customer After Accept) [japanese]', 'Thank for you accepting estimate', '', '{companyname} | CRM', NULL, 0, 1, 0),
(852, 'tasks', 'task-deadline-notification', 'japanese', 'Task Deadline Reminder - Sent to Assigned Members [japanese]', 'Task Deadline Reminder', '', '{companyname} | CRM', NULL, 0, 1, 0),
(853, 'contract', 'send-contract', 'japanese', 'Send Contract to Customer [japanese]', 'Contract - {contract_subject}', '', '{companyname} | CRM', NULL, 0, 1, 0),
(854, 'invoice', 'invoice-payment-recorded-to-staff', 'japanese', 'Invoice Payment Recorded (Sent to Staff) [japanese]', 'New Invoice Payment', '', '{companyname} | CRM', NULL, 0, 1, 0),
(855, 'ticket', 'auto-close-ticket', 'japanese', 'Auto Close Ticket [japanese]', 'Ticket Auto Closed', '', '{companyname} | CRM', NULL, 0, 1, 0),
(856, 'project', 'new-project-discussion-created-to-staff', 'japanese', 'New Project Discussion (Sent to Project Members) [japanese]', 'New Project Discussion Created - {project_name}', '', '{companyname} | CRM', NULL, 0, 1, 0),
(857, 'project', 'new-project-discussion-created-to-customer', 'japanese', 'New Project Discussion (Sent to Customer Contacts) [japanese]', 'New Project Discussion Created - {project_name}', '', '{companyname} | CRM', NULL, 0, 1, 0),
(858, 'project', 'new-project-file-uploaded-to-customer', 'japanese', 'New Project File(s) Uploaded (Sent to Customer Contacts) [japanese]', 'New Project File(s) Uploaded - {project_name}', '', '{companyname} | CRM', NULL, 0, 1, 0),
(859, 'project', 'new-project-file-uploaded-to-staff', 'japanese', 'New Project File(s) Uploaded (Sent to Project Members) [japanese]', 'New Project File(s) Uploaded - {project_name}', '', '{companyname} | CRM', NULL, 0, 1, 0),
(860, 'project', 'new-project-discussion-comment-to-customer', 'japanese', 'New Discussion Comment  (Sent to Customer Contacts) [japanese]', 'New Discussion Comment', '', '{companyname} | CRM', NULL, 0, 1, 0),
(861, 'project', 'new-project-discussion-comment-to-staff', 'japanese', 'New Discussion Comment (Sent to Project Members) [japanese]', 'New Discussion Comment', '', '{companyname} | CRM', NULL, 0, 1, 0),
(862, 'project', 'staff-added-as-project-member', 'japanese', 'Staff Added as Project Member [japanese]', 'New project assigned to you', '', '{companyname} | CRM', NULL, 0, 1, 0),
(863, 'estimate', 'estimate-expiry-reminder', 'japanese', 'Estimate Expiration Reminder [japanese]', 'Estimate Expiration Reminder', '', '{companyname} | CRM', NULL, 0, 1, 0),
(864, 'proposals', 'proposal-expiry-reminder', 'japanese', 'Proposal Expiration Reminder [japanese]', 'Proposal Expiration Reminder', '', '{companyname} | CRM', NULL, 0, 1, 0),
(865, 'staff', 'new-staff-created', 'japanese', 'New Staff Created (Welcome Email) [japanese]', 'You are added as staff member', '', '{companyname} | CRM', NULL, 0, 1, 0),
(866, 'client', 'contact-forgot-password', 'japanese', 'Forgot Password [japanese]', 'Create New Password', '', '{companyname} | CRM', NULL, 0, 1, 0),
(867, 'client', 'contact-password-reseted', 'japanese', 'Password Reset - Confirmation [japanese]', 'Your password has been changed', '', '{companyname} | CRM', NULL, 0, 1, 0),
(868, 'client', 'contact-set-password', 'japanese', 'Set New Password [japanese]', 'Set new password on {companyname} ', '', '{companyname} | CRM', NULL, 0, 1, 0),
(869, 'staff', 'staff-forgot-password', 'japanese', 'Forgot Password [japanese]', 'Create New Password', '', '{companyname} | CRM', NULL, 0, 1, 0),
(870, 'staff', 'staff-password-reseted', 'japanese', 'Password Reset - Confirmation [japanese]', 'Your password has been changed', '', '{companyname} | CRM', NULL, 0, 1, 0),
(871, 'project', 'assigned-to-project', 'japanese', 'New Project Created (Sent to Customer Contacts) [japanese]', 'New Project Created', '', '{companyname} | CRM', NULL, 0, 1, 0),
(872, 'tasks', 'task-added-attachment-to-contacts', 'japanese', 'New Attachment(s) on Task (Sent to Customer Contacts) [japanese]', 'New Attachment on Task - {task_name}', '', '{companyname} | CRM', NULL, 0, 1, 0),
(873, 'tasks', 'task-commented-to-contacts', 'japanese', 'New Comment on Task (Sent to Customer Contacts) [japanese]', 'New Comment on Task - {task_name}', '', '{companyname} | CRM', NULL, 0, 1, 0),
(874, 'leads', 'new-lead-assigned', 'japanese', 'New Lead Assigned to Staff Member [japanese]', 'New lead assigned to you', '', '{companyname} | CRM', NULL, 0, 1, 0),
(875, 'client', 'client-statement', 'japanese', 'Statement - Account Summary [japanese]', 'Account Statement from {statement_from} to {statement_to}', '', '{companyname} | CRM', NULL, 0, 1, 0),
(876, 'ticket', 'ticket-assigned-to-admin', 'japanese', 'New Ticket Assigned (Sent to Staff) [japanese]', 'New support ticket has been assigned to you', '', '{companyname} | CRM', NULL, 0, 1, 0),
(877, 'client', 'new-client-registered-to-admin', 'japanese', 'New Customer Registration (Sent to admins) [japanese]', 'New Customer Registration', '', '{companyname} | CRM', NULL, 0, 1, 0),
(878, 'leads', 'new-web-to-lead-form-submitted', 'japanese', 'Web to lead form submitted - Sent to lead [japanese]', '{lead_name} - We Received Your Request', '', '{companyname} | CRM', NULL, 0, 0, 0),
(879, 'staff', 'two-factor-authentication', 'japanese', 'Two Factor Authentication [japanese]', 'Confirm Your Login', '', '{companyname} | CRM', NULL, 0, 1, 0),
(880, 'project', 'project-finished-to-customer', 'japanese', 'Project Marked as Finished (Sent to Customer Contacts) [japanese]', 'Project Marked as Finished', '', '{companyname} | CRM', NULL, 0, 1, 0),
(881, 'credit_note', 'credit-note-send-to-client', 'japanese', 'Send Credit Note To Email [japanese]', 'Credit Note With Number #{credit_note_number} Created', '', '{companyname} | CRM', NULL, 0, 1, 0),
(882, 'tasks', 'task-status-change-to-staff', 'japanese', 'Task Status Changed (Sent to Staff) [japanese]', 'Task Status Changed', '', '{companyname} | CRM', NULL, 0, 1, 0),
(883, 'tasks', 'task-status-change-to-contacts', 'japanese', 'Task Status Changed (Sent to Customer Contacts) [japanese]', 'Task Status Changed', '', '{companyname} | CRM', NULL, 0, 1, 0),
(884, 'staff', 'reminder-email-staff', 'japanese', 'Staff Reminder Email [japanese]', 'You Have a New Reminder!', '', '{companyname} | CRM', NULL, 0, 1, 0),
(885, 'contract', 'contract-comment-to-client', 'japanese', 'New Comment (Sent to Customer Contacts) [japanese]', 'New Contract Comment', '', '{companyname} | CRM', NULL, 0, 1, 0),
(886, 'contract', 'contract-comment-to-admin', 'japanese', 'New Comment (Sent to Staff)  [japanese]', 'New Contract Comment', '', '{companyname} | CRM', NULL, 0, 1, 0),
(887, 'subscriptions', 'send-subscription', 'japanese', 'Send Subscription to Customer [japanese]', 'Subscription Created', '', '{companyname} | CRM', NULL, 0, 1, 0),
(888, 'subscriptions', 'subscription-payment-failed', 'japanese', 'Subscription Payment Failed [japanese]', 'Your most recent invoice payment failed', '', '{companyname} | CRM', NULL, 0, 1, 0);
INSERT INTO `tblemailtemplates` (`emailtemplateid`, `type`, `slug`, `language`, `name`, `subject`, `message`, `fromname`, `fromemail`, `plaintext`, `active`, `order`) VALUES
(889, 'subscriptions', 'subscription-canceled', 'japanese', 'Subscription Canceled (Sent to customer primary contact) [japanese]', 'Your subscription has been canceled', '', '{companyname} | CRM', NULL, 0, 1, 0),
(890, 'subscriptions', 'subscription-payment-succeeded', 'japanese', 'Subscription Payment Succeeded (Sent to customer primary contact) [japanese]', 'Subscription  Payment Receipt - {subscription_name}', '', '{companyname} | CRM', NULL, 0, 1, 0),
(891, 'contract', 'contract-expiration-to-staff', 'japanese', 'Contract Expiration Reminder (Sent to Staff) [japanese]', 'Contract Expiration Reminder', '', '{companyname} | CRM', NULL, 0, 1, 0),
(892, 'gdpr', 'gdpr-removal-request', 'japanese', 'Removal Request From Contact (Sent to administrators) [japanese]', 'Data Removal Request Received', '', '{companyname} | CRM', NULL, 0, 1, 0),
(893, 'gdpr', 'gdpr-removal-request-lead', 'japanese', 'Removal Request From Lead (Sent to administrators) [japanese]', 'Data Removal Request Received', '', '{companyname} | CRM', NULL, 0, 1, 0),
(894, 'client', 'client-registration-confirmed', 'japanese', 'Customer Registration Confirmed [japanese]', 'Your registration is confirmed', '', '{companyname} | CRM', NULL, 0, 1, 0),
(895, 'contract', 'contract-signed-to-staff', 'japanese', 'Contract Signed (Sent to Staff) [japanese]', 'Customer Signed a Contract', '', '{companyname} | CRM', NULL, 0, 1, 0),
(896, 'subscriptions', 'customer-subscribed-to-staff', 'japanese', 'Customer Subscribed to a Subscription (Sent to administrators and subscription creator) [japanese]', 'Customer Subscribed to a Subscription', '', '{companyname} | CRM', NULL, 0, 1, 0),
(897, 'client', 'contact-verification-email', 'japanese', 'Email Verification (Sent to Contact After Registration) [japanese]', 'Verify Email Address', '', '{companyname} | CRM', NULL, 0, 1, 0),
(898, 'client', 'new-customer-profile-file-uploaded-to-staff', 'japanese', 'New Customer Profile File(s) Uploaded (Sent to Staff) [japanese]', 'Customer Uploaded New File(s) in Profile', '', '{companyname} | CRM', NULL, 0, 1, 0),
(899, 'staff', 'event-notification-to-staff', 'japanese', 'Event Notification (Calendar) [japanese]', 'Upcoming Event - {event_title}', '', '', NULL, 0, 1, 0),
(900, 'subscriptions', 'subscription-payment-requires-action', 'japanese', 'Credit Card Authorization Required - SCA [japanese]', 'Important: Confirm your subscription {subscription_name} payment', '', '{companyname} | CRM', NULL, 0, 1, 0),
(901, 'client', 'new-client-created', 'persian', 'New Contact Added/Registered (Welcome Email) [persian]', 'Welcome aboard', '', '{companyname} | CRM', NULL, 0, 1, 0),
(902, 'invoice', 'invoice-send-to-client', 'persian', 'Send Invoice to Customer [persian]', 'Invoice with number {invoice_number} created', '', '{companyname} | CRM', NULL, 0, 1, 0),
(903, 'ticket', 'new-ticket-opened-admin', 'persian', 'New Ticket Opened (Opened by Staff, Sent to Customer) [persian]', 'New Support Ticket Opened', '', '{companyname} | CRM', NULL, 0, 1, 0),
(904, 'ticket', 'ticket-reply', 'persian', 'Ticket Reply (Sent to Customer) [persian]', 'New Ticket Reply', '', '{companyname} | CRM', NULL, 0, 1, 0),
(905, 'ticket', 'ticket-autoresponse', 'persian', 'New Ticket Opened - Autoresponse [persian]', 'New Support Ticket Opened', '', '{companyname} | CRM', NULL, 0, 1, 0),
(906, 'invoice', 'invoice-payment-recorded', 'persian', 'Invoice Payment Recorded (Sent to Customer) [persian]', 'Invoice Payment Recorded', '', '{companyname} | CRM', NULL, 0, 1, 0),
(907, 'invoice', 'invoice-overdue-notice', 'persian', 'Invoice Overdue Notice [persian]', 'Invoice Overdue Notice - {invoice_number}', '', '{companyname} | CRM', NULL, 0, 1, 0),
(908, 'invoice', 'invoice-already-send', 'persian', 'Invoice Already Sent to Customer [persian]', 'Invoice # {invoice_number} ', '', '{companyname} | CRM', NULL, 0, 1, 0),
(909, 'ticket', 'new-ticket-created-staff', 'persian', 'New Ticket Created (Opened by Customer, Sent to Staff Members) [persian]', 'New Ticket Created', '', '{companyname} | CRM', NULL, 0, 1, 0),
(910, 'estimate', 'estimate-send-to-client', 'persian', 'Send Estimate to Customer [persian]', 'Estimate # {estimate_number} created', '', '{companyname} | CRM', NULL, 0, 1, 0),
(911, 'ticket', 'ticket-reply-to-admin', 'persian', 'Ticket Reply (Sent to Staff) [persian]', 'New Support Ticket Reply', '', '{companyname} | CRM', NULL, 0, 1, 0),
(912, 'estimate', 'estimate-already-send', 'persian', 'Estimate Already Sent to Customer [persian]', 'Estimate # {estimate_number} ', '', '{companyname} | CRM', NULL, 0, 1, 0),
(913, 'contract', 'contract-expiration', 'persian', 'Contract Expiration Reminder (Sent to Customer Contacts) [persian]', 'Contract Expiration Reminder', '', '{companyname} | CRM', NULL, 0, 1, 0),
(914, 'tasks', 'task-assigned', 'persian', 'New Task Assigned (Sent to Staff) [persian]', 'New Task Assigned to You - {task_name}', '', '{companyname} | CRM', NULL, 0, 1, 0),
(915, 'tasks', 'task-added-as-follower', 'persian', 'Staff Member Added as Follower on Task (Sent to Staff) [persian]', 'You are added as follower on task - {task_name}', '', '{companyname} | CRM', NULL, 0, 1, 0),
(916, 'tasks', 'task-commented', 'persian', 'New Comment on Task (Sent to Staff) [persian]', 'New Comment on Task - {task_name}', '', '{companyname} | CRM', NULL, 0, 1, 0),
(917, 'tasks', 'task-added-attachment', 'persian', 'New Attachment(s) on Task (Sent to Staff) [persian]', 'New Attachment on Task - {task_name}', '', '{companyname} | CRM', NULL, 0, 1, 0),
(918, 'estimate', 'estimate-declined-to-staff', 'persian', 'Estimate Declined (Sent to Staff) [persian]', 'Customer Declined Estimate', '', '{companyname} | CRM', NULL, 0, 1, 0),
(919, 'estimate', 'estimate-accepted-to-staff', 'persian', 'Estimate Accepted (Sent to Staff) [persian]', 'Customer Accepted Estimate', '', '{companyname} | CRM', NULL, 0, 1, 0),
(920, 'proposals', 'proposal-client-accepted', 'persian', 'Customer Action - Accepted (Sent to Staff) [persian]', 'Customer Accepted Proposal', '', '{companyname} | CRM', NULL, 0, 1, 0),
(921, 'proposals', 'proposal-send-to-customer', 'persian', 'Send Proposal to Customer [persian]', 'Proposal With Number {proposal_number} Created', '', '{companyname} | CRM', NULL, 0, 1, 0),
(922, 'proposals', 'proposal-client-declined', 'persian', 'Customer Action - Declined (Sent to Staff) [persian]', 'Client Declined Proposal', '', '{companyname} | CRM', NULL, 0, 1, 0),
(923, 'proposals', 'proposal-client-thank-you', 'persian', 'Thank You Email (Sent to Customer After Accept) [persian]', 'Thank for you accepting proposal', '', '{companyname} | CRM', NULL, 0, 1, 0),
(924, 'proposals', 'proposal-comment-to-client', 'persian', 'New Comment (Sent to Customer/Lead) [persian]', 'New Proposal Comment', '', '{companyname} | CRM', NULL, 0, 1, 0),
(925, 'proposals', 'proposal-comment-to-admin', 'persian', 'New Comment (Sent to Staff)  [persian]', 'New Proposal Comment', '', '{companyname} | CRM', NULL, 0, 1, 0),
(926, 'estimate', 'estimate-thank-you-to-customer', 'persian', 'Thank You Email (Sent to Customer After Accept) [persian]', 'Thank for you accepting estimate', '', '{companyname} | CRM', NULL, 0, 1, 0),
(927, 'tasks', 'task-deadline-notification', 'persian', 'Task Deadline Reminder - Sent to Assigned Members [persian]', 'Task Deadline Reminder', '', '{companyname} | CRM', NULL, 0, 1, 0),
(928, 'contract', 'send-contract', 'persian', 'Send Contract to Customer [persian]', 'Contract - {contract_subject}', '', '{companyname} | CRM', NULL, 0, 1, 0),
(929, 'invoice', 'invoice-payment-recorded-to-staff', 'persian', 'Invoice Payment Recorded (Sent to Staff) [persian]', 'New Invoice Payment', '', '{companyname} | CRM', NULL, 0, 1, 0),
(930, 'ticket', 'auto-close-ticket', 'persian', 'Auto Close Ticket [persian]', 'Ticket Auto Closed', '', '{companyname} | CRM', NULL, 0, 1, 0),
(931, 'project', 'new-project-discussion-created-to-staff', 'persian', 'New Project Discussion (Sent to Project Members) [persian]', 'New Project Discussion Created - {project_name}', '', '{companyname} | CRM', NULL, 0, 1, 0),
(932, 'project', 'new-project-discussion-created-to-customer', 'persian', 'New Project Discussion (Sent to Customer Contacts) [persian]', 'New Project Discussion Created - {project_name}', '', '{companyname} | CRM', NULL, 0, 1, 0),
(933, 'project', 'new-project-file-uploaded-to-customer', 'persian', 'New Project File(s) Uploaded (Sent to Customer Contacts) [persian]', 'New Project File(s) Uploaded - {project_name}', '', '{companyname} | CRM', NULL, 0, 1, 0),
(934, 'project', 'new-project-file-uploaded-to-staff', 'persian', 'New Project File(s) Uploaded (Sent to Project Members) [persian]', 'New Project File(s) Uploaded - {project_name}', '', '{companyname} | CRM', NULL, 0, 1, 0),
(935, 'project', 'new-project-discussion-comment-to-customer', 'persian', 'New Discussion Comment  (Sent to Customer Contacts) [persian]', 'New Discussion Comment', '', '{companyname} | CRM', NULL, 0, 1, 0),
(936, 'project', 'new-project-discussion-comment-to-staff', 'persian', 'New Discussion Comment (Sent to Project Members) [persian]', 'New Discussion Comment', '', '{companyname} | CRM', NULL, 0, 1, 0),
(937, 'project', 'staff-added-as-project-member', 'persian', 'Staff Added as Project Member [persian]', 'New project assigned to you', '', '{companyname} | CRM', NULL, 0, 1, 0),
(938, 'estimate', 'estimate-expiry-reminder', 'persian', 'Estimate Expiration Reminder [persian]', 'Estimate Expiration Reminder', '', '{companyname} | CRM', NULL, 0, 1, 0),
(939, 'proposals', 'proposal-expiry-reminder', 'persian', 'Proposal Expiration Reminder [persian]', 'Proposal Expiration Reminder', '', '{companyname} | CRM', NULL, 0, 1, 0),
(940, 'staff', 'new-staff-created', 'persian', 'New Staff Created (Welcome Email) [persian]', 'You are added as staff member', '', '{companyname} | CRM', NULL, 0, 1, 0),
(941, 'client', 'contact-forgot-password', 'persian', 'Forgot Password [persian]', 'Create New Password', '', '{companyname} | CRM', NULL, 0, 1, 0),
(942, 'client', 'contact-password-reseted', 'persian', 'Password Reset - Confirmation [persian]', 'Your password has been changed', '', '{companyname} | CRM', NULL, 0, 1, 0),
(943, 'client', 'contact-set-password', 'persian', 'Set New Password [persian]', 'Set new password on {companyname} ', '', '{companyname} | CRM', NULL, 0, 1, 0),
(944, 'staff', 'staff-forgot-password', 'persian', 'Forgot Password [persian]', 'Create New Password', '', '{companyname} | CRM', NULL, 0, 1, 0),
(945, 'staff', 'staff-password-reseted', 'persian', 'Password Reset - Confirmation [persian]', 'Your password has been changed', '', '{companyname} | CRM', NULL, 0, 1, 0),
(946, 'project', 'assigned-to-project', 'persian', 'New Project Created (Sent to Customer Contacts) [persian]', 'New Project Created', '', '{companyname} | CRM', NULL, 0, 1, 0),
(947, 'tasks', 'task-added-attachment-to-contacts', 'persian', 'New Attachment(s) on Task (Sent to Customer Contacts) [persian]', 'New Attachment on Task - {task_name}', '', '{companyname} | CRM', NULL, 0, 1, 0),
(948, 'tasks', 'task-commented-to-contacts', 'persian', 'New Comment on Task (Sent to Customer Contacts) [persian]', 'New Comment on Task - {task_name}', '', '{companyname} | CRM', NULL, 0, 1, 0),
(949, 'leads', 'new-lead-assigned', 'persian', 'New Lead Assigned to Staff Member [persian]', 'New lead assigned to you', '', '{companyname} | CRM', NULL, 0, 1, 0),
(950, 'client', 'client-statement', 'persian', 'Statement - Account Summary [persian]', 'Account Statement from {statement_from} to {statement_to}', '', '{companyname} | CRM', NULL, 0, 1, 0),
(951, 'ticket', 'ticket-assigned-to-admin', 'persian', 'New Ticket Assigned (Sent to Staff) [persian]', 'New support ticket has been assigned to you', '', '{companyname} | CRM', NULL, 0, 1, 0),
(952, 'client', 'new-client-registered-to-admin', 'persian', 'New Customer Registration (Sent to admins) [persian]', 'New Customer Registration', '', '{companyname} | CRM', NULL, 0, 1, 0),
(953, 'leads', 'new-web-to-lead-form-submitted', 'persian', 'Web to lead form submitted - Sent to lead [persian]', '{lead_name} - We Received Your Request', '', '{companyname} | CRM', NULL, 0, 0, 0),
(954, 'staff', 'two-factor-authentication', 'persian', 'Two Factor Authentication [persian]', 'Confirm Your Login', '', '{companyname} | CRM', NULL, 0, 1, 0),
(955, 'project', 'project-finished-to-customer', 'persian', 'Project Marked as Finished (Sent to Customer Contacts) [persian]', 'Project Marked as Finished', '', '{companyname} | CRM', NULL, 0, 1, 0),
(956, 'credit_note', 'credit-note-send-to-client', 'persian', 'Send Credit Note To Email [persian]', 'Credit Note With Number #{credit_note_number} Created', '', '{companyname} | CRM', NULL, 0, 1, 0),
(957, 'tasks', 'task-status-change-to-staff', 'persian', 'Task Status Changed (Sent to Staff) [persian]', 'Task Status Changed', '', '{companyname} | CRM', NULL, 0, 1, 0),
(958, 'tasks', 'task-status-change-to-contacts', 'persian', 'Task Status Changed (Sent to Customer Contacts) [persian]', 'Task Status Changed', '', '{companyname} | CRM', NULL, 0, 1, 0),
(959, 'staff', 'reminder-email-staff', 'persian', 'Staff Reminder Email [persian]', 'You Have a New Reminder!', '', '{companyname} | CRM', NULL, 0, 1, 0),
(960, 'contract', 'contract-comment-to-client', 'persian', 'New Comment (Sent to Customer Contacts) [persian]', 'New Contract Comment', '', '{companyname} | CRM', NULL, 0, 1, 0),
(961, 'contract', 'contract-comment-to-admin', 'persian', 'New Comment (Sent to Staff)  [persian]', 'New Contract Comment', '', '{companyname} | CRM', NULL, 0, 1, 0),
(962, 'subscriptions', 'send-subscription', 'persian', 'Send Subscription to Customer [persian]', 'Subscription Created', '', '{companyname} | CRM', NULL, 0, 1, 0),
(963, 'subscriptions', 'subscription-payment-failed', 'persian', 'Subscription Payment Failed [persian]', 'Your most recent invoice payment failed', '', '{companyname} | CRM', NULL, 0, 1, 0),
(964, 'subscriptions', 'subscription-canceled', 'persian', 'Subscription Canceled (Sent to customer primary contact) [persian]', 'Your subscription has been canceled', '', '{companyname} | CRM', NULL, 0, 1, 0),
(965, 'subscriptions', 'subscription-payment-succeeded', 'persian', 'Subscription Payment Succeeded (Sent to customer primary contact) [persian]', 'Subscription  Payment Receipt - {subscription_name}', '', '{companyname} | CRM', NULL, 0, 1, 0),
(966, 'contract', 'contract-expiration-to-staff', 'persian', 'Contract Expiration Reminder (Sent to Staff) [persian]', 'Contract Expiration Reminder', '', '{companyname} | CRM', NULL, 0, 1, 0),
(967, 'gdpr', 'gdpr-removal-request', 'persian', 'Removal Request From Contact (Sent to administrators) [persian]', 'Data Removal Request Received', '', '{companyname} | CRM', NULL, 0, 1, 0),
(968, 'gdpr', 'gdpr-removal-request-lead', 'persian', 'Removal Request From Lead (Sent to administrators) [persian]', 'Data Removal Request Received', '', '{companyname} | CRM', NULL, 0, 1, 0),
(969, 'client', 'client-registration-confirmed', 'persian', 'Customer Registration Confirmed [persian]', 'Your registration is confirmed', '', '{companyname} | CRM', NULL, 0, 1, 0),
(970, 'contract', 'contract-signed-to-staff', 'persian', 'Contract Signed (Sent to Staff) [persian]', 'Customer Signed a Contract', '', '{companyname} | CRM', NULL, 0, 1, 0),
(971, 'subscriptions', 'customer-subscribed-to-staff', 'persian', 'Customer Subscribed to a Subscription (Sent to administrators and subscription creator) [persian]', 'Customer Subscribed to a Subscription', '', '{companyname} | CRM', NULL, 0, 1, 0),
(972, 'client', 'contact-verification-email', 'persian', 'Email Verification (Sent to Contact After Registration) [persian]', 'Verify Email Address', '', '{companyname} | CRM', NULL, 0, 1, 0),
(973, 'client', 'new-customer-profile-file-uploaded-to-staff', 'persian', 'New Customer Profile File(s) Uploaded (Sent to Staff) [persian]', 'Customer Uploaded New File(s) in Profile', '', '{companyname} | CRM', NULL, 0, 1, 0),
(974, 'staff', 'event-notification-to-staff', 'persian', 'Event Notification (Calendar) [persian]', 'Upcoming Event - {event_title}', '', '', NULL, 0, 1, 0),
(975, 'subscriptions', 'subscription-payment-requires-action', 'persian', 'Credit Card Authorization Required - SCA [persian]', 'Important: Confirm your subscription {subscription_name} payment', '', '{companyname} | CRM', NULL, 0, 1, 0),
(976, 'client', 'new-client-created', 'polish', 'New Contact Added/Registered (Welcome Email) [polish]', 'Welcome aboard', '', '{companyname} | CRM', NULL, 0, 1, 0),
(977, 'invoice', 'invoice-send-to-client', 'polish', 'Send Invoice to Customer [polish]', 'Invoice with number {invoice_number} created', '', '{companyname} | CRM', NULL, 0, 1, 0),
(978, 'ticket', 'new-ticket-opened-admin', 'polish', 'New Ticket Opened (Opened by Staff, Sent to Customer) [polish]', 'New Support Ticket Opened', '', '{companyname} | CRM', NULL, 0, 1, 0),
(979, 'ticket', 'ticket-reply', 'polish', 'Ticket Reply (Sent to Customer) [polish]', 'New Ticket Reply', '', '{companyname} | CRM', NULL, 0, 1, 0),
(980, 'ticket', 'ticket-autoresponse', 'polish', 'New Ticket Opened - Autoresponse [polish]', 'New Support Ticket Opened', '', '{companyname} | CRM', NULL, 0, 1, 0),
(981, 'invoice', 'invoice-payment-recorded', 'polish', 'Invoice Payment Recorded (Sent to Customer) [polish]', 'Invoice Payment Recorded', '', '{companyname} | CRM', NULL, 0, 1, 0),
(982, 'invoice', 'invoice-overdue-notice', 'polish', 'Invoice Overdue Notice [polish]', 'Invoice Overdue Notice - {invoice_number}', '', '{companyname} | CRM', NULL, 0, 1, 0),
(983, 'invoice', 'invoice-already-send', 'polish', 'Invoice Already Sent to Customer [polish]', 'Invoice # {invoice_number} ', '', '{companyname} | CRM', NULL, 0, 1, 0),
(984, 'ticket', 'new-ticket-created-staff', 'polish', 'New Ticket Created (Opened by Customer, Sent to Staff Members) [polish]', 'New Ticket Created', '', '{companyname} | CRM', NULL, 0, 1, 0),
(985, 'estimate', 'estimate-send-to-client', 'polish', 'Send Estimate to Customer [polish]', 'Estimate # {estimate_number} created', '', '{companyname} | CRM', NULL, 0, 1, 0),
(986, 'ticket', 'ticket-reply-to-admin', 'polish', 'Ticket Reply (Sent to Staff) [polish]', 'New Support Ticket Reply', '', '{companyname} | CRM', NULL, 0, 1, 0),
(987, 'estimate', 'estimate-already-send', 'polish', 'Estimate Already Sent to Customer [polish]', 'Estimate # {estimate_number} ', '', '{companyname} | CRM', NULL, 0, 1, 0),
(988, 'contract', 'contract-expiration', 'polish', 'Contract Expiration Reminder (Sent to Customer Contacts) [polish]', 'Contract Expiration Reminder', '', '{companyname} | CRM', NULL, 0, 1, 0),
(989, 'tasks', 'task-assigned', 'polish', 'New Task Assigned (Sent to Staff) [polish]', 'New Task Assigned to You - {task_name}', '', '{companyname} | CRM', NULL, 0, 1, 0),
(990, 'tasks', 'task-added-as-follower', 'polish', 'Staff Member Added as Follower on Task (Sent to Staff) [polish]', 'You are added as follower on task - {task_name}', '', '{companyname} | CRM', NULL, 0, 1, 0),
(991, 'tasks', 'task-commented', 'polish', 'New Comment on Task (Sent to Staff) [polish]', 'New Comment on Task - {task_name}', '', '{companyname} | CRM', NULL, 0, 1, 0),
(992, 'tasks', 'task-added-attachment', 'polish', 'New Attachment(s) on Task (Sent to Staff) [polish]', 'New Attachment on Task - {task_name}', '', '{companyname} | CRM', NULL, 0, 1, 0),
(993, 'estimate', 'estimate-declined-to-staff', 'polish', 'Estimate Declined (Sent to Staff) [polish]', 'Customer Declined Estimate', '', '{companyname} | CRM', NULL, 0, 1, 0),
(994, 'estimate', 'estimate-accepted-to-staff', 'polish', 'Estimate Accepted (Sent to Staff) [polish]', 'Customer Accepted Estimate', '', '{companyname} | CRM', NULL, 0, 1, 0),
(995, 'proposals', 'proposal-client-accepted', 'polish', 'Customer Action - Accepted (Sent to Staff) [polish]', 'Customer Accepted Proposal', '', '{companyname} | CRM', NULL, 0, 1, 0),
(996, 'proposals', 'proposal-send-to-customer', 'polish', 'Send Proposal to Customer [polish]', 'Proposal With Number {proposal_number} Created', '', '{companyname} | CRM', NULL, 0, 1, 0),
(997, 'proposals', 'proposal-client-declined', 'polish', 'Customer Action - Declined (Sent to Staff) [polish]', 'Client Declined Proposal', '', '{companyname} | CRM', NULL, 0, 1, 0),
(998, 'proposals', 'proposal-client-thank-you', 'polish', 'Thank You Email (Sent to Customer After Accept) [polish]', 'Thank for you accepting proposal', '', '{companyname} | CRM', NULL, 0, 1, 0),
(999, 'proposals', 'proposal-comment-to-client', 'polish', 'New Comment (Sent to Customer/Lead) [polish]', 'New Proposal Comment', '', '{companyname} | CRM', NULL, 0, 1, 0),
(1000, 'proposals', 'proposal-comment-to-admin', 'polish', 'New Comment (Sent to Staff)  [polish]', 'New Proposal Comment', '', '{companyname} | CRM', NULL, 0, 1, 0),
(1001, 'estimate', 'estimate-thank-you-to-customer', 'polish', 'Thank You Email (Sent to Customer After Accept) [polish]', 'Thank for you accepting estimate', '', '{companyname} | CRM', NULL, 0, 1, 0),
(1002, 'tasks', 'task-deadline-notification', 'polish', 'Task Deadline Reminder - Sent to Assigned Members [polish]', 'Task Deadline Reminder', '', '{companyname} | CRM', NULL, 0, 1, 0),
(1003, 'contract', 'send-contract', 'polish', 'Send Contract to Customer [polish]', 'Contract - {contract_subject}', '', '{companyname} | CRM', NULL, 0, 1, 0),
(1004, 'invoice', 'invoice-payment-recorded-to-staff', 'polish', 'Invoice Payment Recorded (Sent to Staff) [polish]', 'New Invoice Payment', '', '{companyname} | CRM', NULL, 0, 1, 0),
(1005, 'ticket', 'auto-close-ticket', 'polish', 'Auto Close Ticket [polish]', 'Ticket Auto Closed', '', '{companyname} | CRM', NULL, 0, 1, 0),
(1006, 'project', 'new-project-discussion-created-to-staff', 'polish', 'New Project Discussion (Sent to Project Members) [polish]', 'New Project Discussion Created - {project_name}', '', '{companyname} | CRM', NULL, 0, 1, 0),
(1007, 'project', 'new-project-discussion-created-to-customer', 'polish', 'New Project Discussion (Sent to Customer Contacts) [polish]', 'New Project Discussion Created - {project_name}', '', '{companyname} | CRM', NULL, 0, 1, 0),
(1008, 'project', 'new-project-file-uploaded-to-customer', 'polish', 'New Project File(s) Uploaded (Sent to Customer Contacts) [polish]', 'New Project File(s) Uploaded - {project_name}', '', '{companyname} | CRM', NULL, 0, 1, 0),
(1009, 'project', 'new-project-file-uploaded-to-staff', 'polish', 'New Project File(s) Uploaded (Sent to Project Members) [polish]', 'New Project File(s) Uploaded - {project_name}', '', '{companyname} | CRM', NULL, 0, 1, 0),
(1010, 'project', 'new-project-discussion-comment-to-customer', 'polish', 'New Discussion Comment  (Sent to Customer Contacts) [polish]', 'New Discussion Comment', '', '{companyname} | CRM', NULL, 0, 1, 0),
(1011, 'project', 'new-project-discussion-comment-to-staff', 'polish', 'New Discussion Comment (Sent to Project Members) [polish]', 'New Discussion Comment', '', '{companyname} | CRM', NULL, 0, 1, 0),
(1012, 'project', 'staff-added-as-project-member', 'polish', 'Staff Added as Project Member [polish]', 'New project assigned to you', '', '{companyname} | CRM', NULL, 0, 1, 0),
(1013, 'estimate', 'estimate-expiry-reminder', 'polish', 'Estimate Expiration Reminder [polish]', 'Estimate Expiration Reminder', '', '{companyname} | CRM', NULL, 0, 1, 0),
(1014, 'proposals', 'proposal-expiry-reminder', 'polish', 'Proposal Expiration Reminder [polish]', 'Proposal Expiration Reminder', '', '{companyname} | CRM', NULL, 0, 1, 0),
(1015, 'staff', 'new-staff-created', 'polish', 'New Staff Created (Welcome Email) [polish]', 'You are added as staff member', '', '{companyname} | CRM', NULL, 0, 1, 0),
(1016, 'client', 'contact-forgot-password', 'polish', 'Forgot Password [polish]', 'Create New Password', '', '{companyname} | CRM', NULL, 0, 1, 0),
(1017, 'client', 'contact-password-reseted', 'polish', 'Password Reset - Confirmation [polish]', 'Your password has been changed', '', '{companyname} | CRM', NULL, 0, 1, 0),
(1018, 'client', 'contact-set-password', 'polish', 'Set New Password [polish]', 'Set new password on {companyname} ', '', '{companyname} | CRM', NULL, 0, 1, 0),
(1019, 'staff', 'staff-forgot-password', 'polish', 'Forgot Password [polish]', 'Create New Password', '', '{companyname} | CRM', NULL, 0, 1, 0),
(1020, 'staff', 'staff-password-reseted', 'polish', 'Password Reset - Confirmation [polish]', 'Your password has been changed', '', '{companyname} | CRM', NULL, 0, 1, 0),
(1021, 'project', 'assigned-to-project', 'polish', 'New Project Created (Sent to Customer Contacts) [polish]', 'New Project Created', '', '{companyname} | CRM', NULL, 0, 1, 0),
(1022, 'tasks', 'task-added-attachment-to-contacts', 'polish', 'New Attachment(s) on Task (Sent to Customer Contacts) [polish]', 'New Attachment on Task - {task_name}', '', '{companyname} | CRM', NULL, 0, 1, 0),
(1023, 'tasks', 'task-commented-to-contacts', 'polish', 'New Comment on Task (Sent to Customer Contacts) [polish]', 'New Comment on Task - {task_name}', '', '{companyname} | CRM', NULL, 0, 1, 0),
(1024, 'leads', 'new-lead-assigned', 'polish', 'New Lead Assigned to Staff Member [polish]', 'New lead assigned to you', '', '{companyname} | CRM', NULL, 0, 1, 0),
(1025, 'client', 'client-statement', 'polish', 'Statement - Account Summary [polish]', 'Account Statement from {statement_from} to {statement_to}', '', '{companyname} | CRM', NULL, 0, 1, 0),
(1026, 'ticket', 'ticket-assigned-to-admin', 'polish', 'New Ticket Assigned (Sent to Staff) [polish]', 'New support ticket has been assigned to you', '', '{companyname} | CRM', NULL, 0, 1, 0),
(1027, 'client', 'new-client-registered-to-admin', 'polish', 'New Customer Registration (Sent to admins) [polish]', 'New Customer Registration', '', '{companyname} | CRM', NULL, 0, 1, 0),
(1028, 'leads', 'new-web-to-lead-form-submitted', 'polish', 'Web to lead form submitted - Sent to lead [polish]', '{lead_name} - We Received Your Request', '', '{companyname} | CRM', NULL, 0, 0, 0),
(1029, 'staff', 'two-factor-authentication', 'polish', 'Two Factor Authentication [polish]', 'Confirm Your Login', '', '{companyname} | CRM', NULL, 0, 1, 0),
(1030, 'project', 'project-finished-to-customer', 'polish', 'Project Marked as Finished (Sent to Customer Contacts) [polish]', 'Project Marked as Finished', '', '{companyname} | CRM', NULL, 0, 1, 0),
(1031, 'credit_note', 'credit-note-send-to-client', 'polish', 'Send Credit Note To Email [polish]', 'Credit Note With Number #{credit_note_number} Created', '', '{companyname} | CRM', NULL, 0, 1, 0),
(1032, 'tasks', 'task-status-change-to-staff', 'polish', 'Task Status Changed (Sent to Staff) [polish]', 'Task Status Changed', '', '{companyname} | CRM', NULL, 0, 1, 0),
(1033, 'tasks', 'task-status-change-to-contacts', 'polish', 'Task Status Changed (Sent to Customer Contacts) [polish]', 'Task Status Changed', '', '{companyname} | CRM', NULL, 0, 1, 0),
(1034, 'staff', 'reminder-email-staff', 'polish', 'Staff Reminder Email [polish]', 'You Have a New Reminder!', '', '{companyname} | CRM', NULL, 0, 1, 0),
(1035, 'contract', 'contract-comment-to-client', 'polish', 'New Comment (Sent to Customer Contacts) [polish]', 'New Contract Comment', '', '{companyname} | CRM', NULL, 0, 1, 0),
(1036, 'contract', 'contract-comment-to-admin', 'polish', 'New Comment (Sent to Staff)  [polish]', 'New Contract Comment', '', '{companyname} | CRM', NULL, 0, 1, 0),
(1037, 'subscriptions', 'send-subscription', 'polish', 'Send Subscription to Customer [polish]', 'Subscription Created', '', '{companyname} | CRM', NULL, 0, 1, 0),
(1038, 'subscriptions', 'subscription-payment-failed', 'polish', 'Subscription Payment Failed [polish]', 'Your most recent invoice payment failed', '', '{companyname} | CRM', NULL, 0, 1, 0),
(1039, 'subscriptions', 'subscription-canceled', 'polish', 'Subscription Canceled (Sent to customer primary contact) [polish]', 'Your subscription has been canceled', '', '{companyname} | CRM', NULL, 0, 1, 0),
(1040, 'subscriptions', 'subscription-payment-succeeded', 'polish', 'Subscription Payment Succeeded (Sent to customer primary contact) [polish]', 'Subscription  Payment Receipt - {subscription_name}', '', '{companyname} | CRM', NULL, 0, 1, 0),
(1041, 'contract', 'contract-expiration-to-staff', 'polish', 'Contract Expiration Reminder (Sent to Staff) [polish]', 'Contract Expiration Reminder', '', '{companyname} | CRM', NULL, 0, 1, 0),
(1042, 'gdpr', 'gdpr-removal-request', 'polish', 'Removal Request From Contact (Sent to administrators) [polish]', 'Data Removal Request Received', '', '{companyname} | CRM', NULL, 0, 1, 0),
(1043, 'gdpr', 'gdpr-removal-request-lead', 'polish', 'Removal Request From Lead (Sent to administrators) [polish]', 'Data Removal Request Received', '', '{companyname} | CRM', NULL, 0, 1, 0),
(1044, 'client', 'client-registration-confirmed', 'polish', 'Customer Registration Confirmed [polish]', 'Your registration is confirmed', '', '{companyname} | CRM', NULL, 0, 1, 0),
(1045, 'contract', 'contract-signed-to-staff', 'polish', 'Contract Signed (Sent to Staff) [polish]', 'Customer Signed a Contract', '', '{companyname} | CRM', NULL, 0, 1, 0),
(1046, 'subscriptions', 'customer-subscribed-to-staff', 'polish', 'Customer Subscribed to a Subscription (Sent to administrators and subscription creator) [polish]', 'Customer Subscribed to a Subscription', '', '{companyname} | CRM', NULL, 0, 1, 0),
(1047, 'client', 'contact-verification-email', 'polish', 'Email Verification (Sent to Contact After Registration) [polish]', 'Verify Email Address', '', '{companyname} | CRM', NULL, 0, 1, 0),
(1048, 'client', 'new-customer-profile-file-uploaded-to-staff', 'polish', 'New Customer Profile File(s) Uploaded (Sent to Staff) [polish]', 'Customer Uploaded New File(s) in Profile', '', '{companyname} | CRM', NULL, 0, 1, 0),
(1049, 'staff', 'event-notification-to-staff', 'polish', 'Event Notification (Calendar) [polish]', 'Upcoming Event - {event_title}', '', '', NULL, 0, 1, 0),
(1050, 'subscriptions', 'subscription-payment-requires-action', 'polish', 'Credit Card Authorization Required - SCA [polish]', 'Important: Confirm your subscription {subscription_name} payment', '', '{companyname} | CRM', NULL, 0, 1, 0),
(1051, 'client', 'new-client-created', 'portuguese', 'New Contact Added/Registered (Welcome Email) [portuguese]', 'Welcome aboard', '', '{companyname} | CRM', NULL, 0, 1, 0),
(1052, 'invoice', 'invoice-send-to-client', 'portuguese', 'Send Invoice to Customer [portuguese]', 'Invoice with number {invoice_number} created', '', '{companyname} | CRM', NULL, 0, 1, 0),
(1053, 'ticket', 'new-ticket-opened-admin', 'portuguese', 'New Ticket Opened (Opened by Staff, Sent to Customer) [portuguese]', 'New Support Ticket Opened', '', '{companyname} | CRM', NULL, 0, 1, 0),
(1054, 'ticket', 'ticket-reply', 'portuguese', 'Ticket Reply (Sent to Customer) [portuguese]', 'New Ticket Reply', '', '{companyname} | CRM', NULL, 0, 1, 0),
(1055, 'ticket', 'ticket-autoresponse', 'portuguese', 'New Ticket Opened - Autoresponse [portuguese]', 'New Support Ticket Opened', '', '{companyname} | CRM', NULL, 0, 1, 0),
(1056, 'invoice', 'invoice-payment-recorded', 'portuguese', 'Invoice Payment Recorded (Sent to Customer) [portuguese]', 'Invoice Payment Recorded', '', '{companyname} | CRM', NULL, 0, 1, 0),
(1057, 'invoice', 'invoice-overdue-notice', 'portuguese', 'Invoice Overdue Notice [portuguese]', 'Invoice Overdue Notice - {invoice_number}', '', '{companyname} | CRM', NULL, 0, 1, 0),
(1058, 'invoice', 'invoice-already-send', 'portuguese', 'Invoice Already Sent to Customer [portuguese]', 'Invoice # {invoice_number} ', '', '{companyname} | CRM', NULL, 0, 1, 0),
(1059, 'ticket', 'new-ticket-created-staff', 'portuguese', 'New Ticket Created (Opened by Customer, Sent to Staff Members) [portuguese]', 'New Ticket Created', '', '{companyname} | CRM', NULL, 0, 1, 0),
(1060, 'estimate', 'estimate-send-to-client', 'portuguese', 'Send Estimate to Customer [portuguese]', 'Estimate # {estimate_number} created', '', '{companyname} | CRM', NULL, 0, 1, 0),
(1061, 'ticket', 'ticket-reply-to-admin', 'portuguese', 'Ticket Reply (Sent to Staff) [portuguese]', 'New Support Ticket Reply', '', '{companyname} | CRM', NULL, 0, 1, 0),
(1062, 'estimate', 'estimate-already-send', 'portuguese', 'Estimate Already Sent to Customer [portuguese]', 'Estimate # {estimate_number} ', '', '{companyname} | CRM', NULL, 0, 1, 0),
(1063, 'contract', 'contract-expiration', 'portuguese', 'Contract Expiration Reminder (Sent to Customer Contacts) [portuguese]', 'Contract Expiration Reminder', '', '{companyname} | CRM', NULL, 0, 1, 0),
(1064, 'tasks', 'task-assigned', 'portuguese', 'New Task Assigned (Sent to Staff) [portuguese]', 'New Task Assigned to You - {task_name}', '', '{companyname} | CRM', NULL, 0, 1, 0),
(1065, 'tasks', 'task-added-as-follower', 'portuguese', 'Staff Member Added as Follower on Task (Sent to Staff) [portuguese]', 'You are added as follower on task - {task_name}', '', '{companyname} | CRM', NULL, 0, 1, 0),
(1066, 'tasks', 'task-commented', 'portuguese', 'New Comment on Task (Sent to Staff) [portuguese]', 'New Comment on Task - {task_name}', '', '{companyname} | CRM', NULL, 0, 1, 0),
(1067, 'tasks', 'task-added-attachment', 'portuguese', 'New Attachment(s) on Task (Sent to Staff) [portuguese]', 'New Attachment on Task - {task_name}', '', '{companyname} | CRM', NULL, 0, 1, 0),
(1068, 'estimate', 'estimate-declined-to-staff', 'portuguese', 'Estimate Declined (Sent to Staff) [portuguese]', 'Customer Declined Estimate', '', '{companyname} | CRM', NULL, 0, 1, 0),
(1069, 'estimate', 'estimate-accepted-to-staff', 'portuguese', 'Estimate Accepted (Sent to Staff) [portuguese]', 'Customer Accepted Estimate', '', '{companyname} | CRM', NULL, 0, 1, 0),
(1070, 'proposals', 'proposal-client-accepted', 'portuguese', 'Customer Action - Accepted (Sent to Staff) [portuguese]', 'Customer Accepted Proposal', '', '{companyname} | CRM', NULL, 0, 1, 0),
(1071, 'proposals', 'proposal-send-to-customer', 'portuguese', 'Send Proposal to Customer [portuguese]', 'Proposal With Number {proposal_number} Created', '', '{companyname} | CRM', NULL, 0, 1, 0),
(1072, 'proposals', 'proposal-client-declined', 'portuguese', 'Customer Action - Declined (Sent to Staff) [portuguese]', 'Client Declined Proposal', '', '{companyname} | CRM', NULL, 0, 1, 0),
(1073, 'proposals', 'proposal-client-thank-you', 'portuguese', 'Thank You Email (Sent to Customer After Accept) [portuguese]', 'Thank for you accepting proposal', '', '{companyname} | CRM', NULL, 0, 1, 0),
(1074, 'proposals', 'proposal-comment-to-client', 'portuguese', 'New Comment (Sent to Customer/Lead) [portuguese]', 'New Proposal Comment', '', '{companyname} | CRM', NULL, 0, 1, 0),
(1075, 'proposals', 'proposal-comment-to-admin', 'portuguese', 'New Comment (Sent to Staff)  [portuguese]', 'New Proposal Comment', '', '{companyname} | CRM', NULL, 0, 1, 0),
(1076, 'estimate', 'estimate-thank-you-to-customer', 'portuguese', 'Thank You Email (Sent to Customer After Accept) [portuguese]', 'Thank for you accepting estimate', '', '{companyname} | CRM', NULL, 0, 1, 0),
(1077, 'tasks', 'task-deadline-notification', 'portuguese', 'Task Deadline Reminder - Sent to Assigned Members [portuguese]', 'Task Deadline Reminder', '', '{companyname} | CRM', NULL, 0, 1, 0),
(1078, 'contract', 'send-contract', 'portuguese', 'Send Contract to Customer [portuguese]', 'Contract - {contract_subject}', '', '{companyname} | CRM', NULL, 0, 1, 0),
(1079, 'invoice', 'invoice-payment-recorded-to-staff', 'portuguese', 'Invoice Payment Recorded (Sent to Staff) [portuguese]', 'New Invoice Payment', '', '{companyname} | CRM', NULL, 0, 1, 0),
(1080, 'ticket', 'auto-close-ticket', 'portuguese', 'Auto Close Ticket [portuguese]', 'Ticket Auto Closed', '', '{companyname} | CRM', NULL, 0, 1, 0),
(1081, 'project', 'new-project-discussion-created-to-staff', 'portuguese', 'New Project Discussion (Sent to Project Members) [portuguese]', 'New Project Discussion Created - {project_name}', '', '{companyname} | CRM', NULL, 0, 1, 0),
(1082, 'project', 'new-project-discussion-created-to-customer', 'portuguese', 'New Project Discussion (Sent to Customer Contacts) [portuguese]', 'New Project Discussion Created - {project_name}', '', '{companyname} | CRM', NULL, 0, 1, 0),
(1083, 'project', 'new-project-file-uploaded-to-customer', 'portuguese', 'New Project File(s) Uploaded (Sent to Customer Contacts) [portuguese]', 'New Project File(s) Uploaded - {project_name}', '', '{companyname} | CRM', NULL, 0, 1, 0),
(1084, 'project', 'new-project-file-uploaded-to-staff', 'portuguese', 'New Project File(s) Uploaded (Sent to Project Members) [portuguese]', 'New Project File(s) Uploaded - {project_name}', '', '{companyname} | CRM', NULL, 0, 1, 0),
(1085, 'project', 'new-project-discussion-comment-to-customer', 'portuguese', 'New Discussion Comment  (Sent to Customer Contacts) [portuguese]', 'New Discussion Comment', '', '{companyname} | CRM', NULL, 0, 1, 0),
(1086, 'project', 'new-project-discussion-comment-to-staff', 'portuguese', 'New Discussion Comment (Sent to Project Members) [portuguese]', 'New Discussion Comment', '', '{companyname} | CRM', NULL, 0, 1, 0),
(1087, 'project', 'staff-added-as-project-member', 'portuguese', 'Staff Added as Project Member [portuguese]', 'New project assigned to you', '', '{companyname} | CRM', NULL, 0, 1, 0),
(1088, 'estimate', 'estimate-expiry-reminder', 'portuguese', 'Estimate Expiration Reminder [portuguese]', 'Estimate Expiration Reminder', '', '{companyname} | CRM', NULL, 0, 1, 0),
(1089, 'proposals', 'proposal-expiry-reminder', 'portuguese', 'Proposal Expiration Reminder [portuguese]', 'Proposal Expiration Reminder', '', '{companyname} | CRM', NULL, 0, 1, 0),
(1090, 'staff', 'new-staff-created', 'portuguese', 'New Staff Created (Welcome Email) [portuguese]', 'You are added as staff member', '', '{companyname} | CRM', NULL, 0, 1, 0),
(1091, 'client', 'contact-forgot-password', 'portuguese', 'Forgot Password [portuguese]', 'Create New Password', '', '{companyname} | CRM', NULL, 0, 1, 0),
(1092, 'client', 'contact-password-reseted', 'portuguese', 'Password Reset - Confirmation [portuguese]', 'Your password has been changed', '', '{companyname} | CRM', NULL, 0, 1, 0),
(1093, 'client', 'contact-set-password', 'portuguese', 'Set New Password [portuguese]', 'Set new password on {companyname} ', '', '{companyname} | CRM', NULL, 0, 1, 0),
(1094, 'staff', 'staff-forgot-password', 'portuguese', 'Forgot Password [portuguese]', 'Create New Password', '', '{companyname} | CRM', NULL, 0, 1, 0),
(1095, 'staff', 'staff-password-reseted', 'portuguese', 'Password Reset - Confirmation [portuguese]', 'Your password has been changed', '', '{companyname} | CRM', NULL, 0, 1, 0),
(1096, 'project', 'assigned-to-project', 'portuguese', 'New Project Created (Sent to Customer Contacts) [portuguese]', 'New Project Created', '', '{companyname} | CRM', NULL, 0, 1, 0),
(1097, 'tasks', 'task-added-attachment-to-contacts', 'portuguese', 'New Attachment(s) on Task (Sent to Customer Contacts) [portuguese]', 'New Attachment on Task - {task_name}', '', '{companyname} | CRM', NULL, 0, 1, 0),
(1098, 'tasks', 'task-commented-to-contacts', 'portuguese', 'New Comment on Task (Sent to Customer Contacts) [portuguese]', 'New Comment on Task - {task_name}', '', '{companyname} | CRM', NULL, 0, 1, 0),
(1099, 'leads', 'new-lead-assigned', 'portuguese', 'New Lead Assigned to Staff Member [portuguese]', 'New lead assigned to you', '', '{companyname} | CRM', NULL, 0, 1, 0),
(1100, 'client', 'client-statement', 'portuguese', 'Statement - Account Summary [portuguese]', 'Account Statement from {statement_from} to {statement_to}', '', '{companyname} | CRM', NULL, 0, 1, 0),
(1101, 'ticket', 'ticket-assigned-to-admin', 'portuguese', 'New Ticket Assigned (Sent to Staff) [portuguese]', 'New support ticket has been assigned to you', '', '{companyname} | CRM', NULL, 0, 1, 0),
(1102, 'client', 'new-client-registered-to-admin', 'portuguese', 'New Customer Registration (Sent to admins) [portuguese]', 'New Customer Registration', '', '{companyname} | CRM', NULL, 0, 1, 0),
(1103, 'leads', 'new-web-to-lead-form-submitted', 'portuguese', 'Web to lead form submitted - Sent to lead [portuguese]', '{lead_name} - We Received Your Request', '', '{companyname} | CRM', NULL, 0, 0, 0),
(1104, 'staff', 'two-factor-authentication', 'portuguese', 'Two Factor Authentication [portuguese]', 'Confirm Your Login', '', '{companyname} | CRM', NULL, 0, 1, 0),
(1105, 'project', 'project-finished-to-customer', 'portuguese', 'Project Marked as Finished (Sent to Customer Contacts) [portuguese]', 'Project Marked as Finished', '', '{companyname} | CRM', NULL, 0, 1, 0),
(1106, 'credit_note', 'credit-note-send-to-client', 'portuguese', 'Send Credit Note To Email [portuguese]', 'Credit Note With Number #{credit_note_number} Created', '', '{companyname} | CRM', NULL, 0, 1, 0),
(1107, 'tasks', 'task-status-change-to-staff', 'portuguese', 'Task Status Changed (Sent to Staff) [portuguese]', 'Task Status Changed', '', '{companyname} | CRM', NULL, 0, 1, 0),
(1108, 'tasks', 'task-status-change-to-contacts', 'portuguese', 'Task Status Changed (Sent to Customer Contacts) [portuguese]', 'Task Status Changed', '', '{companyname} | CRM', NULL, 0, 1, 0),
(1109, 'staff', 'reminder-email-staff', 'portuguese', 'Staff Reminder Email [portuguese]', 'You Have a New Reminder!', '', '{companyname} | CRM', NULL, 0, 1, 0),
(1110, 'contract', 'contract-comment-to-client', 'portuguese', 'New Comment (Sent to Customer Contacts) [portuguese]', 'New Contract Comment', '', '{companyname} | CRM', NULL, 0, 1, 0),
(1111, 'contract', 'contract-comment-to-admin', 'portuguese', 'New Comment (Sent to Staff)  [portuguese]', 'New Contract Comment', '', '{companyname} | CRM', NULL, 0, 1, 0),
(1112, 'subscriptions', 'send-subscription', 'portuguese', 'Send Subscription to Customer [portuguese]', 'Subscription Created', '', '{companyname} | CRM', NULL, 0, 1, 0),
(1113, 'subscriptions', 'subscription-payment-failed', 'portuguese', 'Subscription Payment Failed [portuguese]', 'Your most recent invoice payment failed', '', '{companyname} | CRM', NULL, 0, 1, 0),
(1114, 'subscriptions', 'subscription-canceled', 'portuguese', 'Subscription Canceled (Sent to customer primary contact) [portuguese]', 'Your subscription has been canceled', '', '{companyname} | CRM', NULL, 0, 1, 0),
(1115, 'subscriptions', 'subscription-payment-succeeded', 'portuguese', 'Subscription Payment Succeeded (Sent to customer primary contact) [portuguese]', 'Subscription  Payment Receipt - {subscription_name}', '', '{companyname} | CRM', NULL, 0, 1, 0),
(1116, 'contract', 'contract-expiration-to-staff', 'portuguese', 'Contract Expiration Reminder (Sent to Staff) [portuguese]', 'Contract Expiration Reminder', '', '{companyname} | CRM', NULL, 0, 1, 0),
(1117, 'gdpr', 'gdpr-removal-request', 'portuguese', 'Removal Request From Contact (Sent to administrators) [portuguese]', 'Data Removal Request Received', '', '{companyname} | CRM', NULL, 0, 1, 0),
(1118, 'gdpr', 'gdpr-removal-request-lead', 'portuguese', 'Removal Request From Lead (Sent to administrators) [portuguese]', 'Data Removal Request Received', '', '{companyname} | CRM', NULL, 0, 1, 0),
(1119, 'client', 'client-registration-confirmed', 'portuguese', 'Customer Registration Confirmed [portuguese]', 'Your registration is confirmed', '', '{companyname} | CRM', NULL, 0, 1, 0),
(1120, 'contract', 'contract-signed-to-staff', 'portuguese', 'Contract Signed (Sent to Staff) [portuguese]', 'Customer Signed a Contract', '', '{companyname} | CRM', NULL, 0, 1, 0),
(1121, 'subscriptions', 'customer-subscribed-to-staff', 'portuguese', 'Customer Subscribed to a Subscription (Sent to administrators and subscription creator) [portuguese]', 'Customer Subscribed to a Subscription', '', '{companyname} | CRM', NULL, 0, 1, 0),
(1122, 'client', 'contact-verification-email', 'portuguese', 'Email Verification (Sent to Contact After Registration) [portuguese]', 'Verify Email Address', '', '{companyname} | CRM', NULL, 0, 1, 0),
(1123, 'client', 'new-customer-profile-file-uploaded-to-staff', 'portuguese', 'New Customer Profile File(s) Uploaded (Sent to Staff) [portuguese]', 'Customer Uploaded New File(s) in Profile', '', '{companyname} | CRM', NULL, 0, 1, 0),
(1124, 'staff', 'event-notification-to-staff', 'portuguese', 'Event Notification (Calendar) [portuguese]', 'Upcoming Event - {event_title}', '', '', NULL, 0, 1, 0),
(1125, 'subscriptions', 'subscription-payment-requires-action', 'portuguese', 'Credit Card Authorization Required - SCA [portuguese]', 'Important: Confirm your subscription {subscription_name} payment', '', '{companyname} | CRM', NULL, 0, 1, 0),
(1126, 'client', 'new-client-created', 'portuguese_br', 'New Contact Added/Registered (Welcome Email) [portuguese_br]', 'Welcome aboard', '', '{companyname} | CRM', NULL, 0, 1, 0),
(1127, 'invoice', 'invoice-send-to-client', 'portuguese_br', 'Send Invoice to Customer [portuguese_br]', 'Invoice with number {invoice_number} created', '', '{companyname} | CRM', NULL, 0, 1, 0),
(1128, 'ticket', 'new-ticket-opened-admin', 'portuguese_br', 'New Ticket Opened (Opened by Staff, Sent to Customer) [portuguese_br]', 'New Support Ticket Opened', '', '{companyname} | CRM', NULL, 0, 1, 0),
(1129, 'ticket', 'ticket-reply', 'portuguese_br', 'Ticket Reply (Sent to Customer) [portuguese_br]', 'New Ticket Reply', '', '{companyname} | CRM', NULL, 0, 1, 0),
(1130, 'ticket', 'ticket-autoresponse', 'portuguese_br', 'New Ticket Opened - Autoresponse [portuguese_br]', 'New Support Ticket Opened', '', '{companyname} | CRM', NULL, 0, 1, 0),
(1131, 'invoice', 'invoice-payment-recorded', 'portuguese_br', 'Invoice Payment Recorded (Sent to Customer) [portuguese_br]', 'Invoice Payment Recorded', '', '{companyname} | CRM', NULL, 0, 1, 0),
(1132, 'invoice', 'invoice-overdue-notice', 'portuguese_br', 'Invoice Overdue Notice [portuguese_br]', 'Invoice Overdue Notice - {invoice_number}', '', '{companyname} | CRM', NULL, 0, 1, 0),
(1133, 'invoice', 'invoice-already-send', 'portuguese_br', 'Invoice Already Sent to Customer [portuguese_br]', 'Invoice # {invoice_number} ', '', '{companyname} | CRM', NULL, 0, 1, 0),
(1134, 'ticket', 'new-ticket-created-staff', 'portuguese_br', 'New Ticket Created (Opened by Customer, Sent to Staff Members) [portuguese_br]', 'New Ticket Created', '', '{companyname} | CRM', NULL, 0, 1, 0),
(1135, 'estimate', 'estimate-send-to-client', 'portuguese_br', 'Send Estimate to Customer [portuguese_br]', 'Estimate # {estimate_number} created', '', '{companyname} | CRM', NULL, 0, 1, 0),
(1136, 'ticket', 'ticket-reply-to-admin', 'portuguese_br', 'Ticket Reply (Sent to Staff) [portuguese_br]', 'New Support Ticket Reply', '', '{companyname} | CRM', NULL, 0, 1, 0),
(1137, 'estimate', 'estimate-already-send', 'portuguese_br', 'Estimate Already Sent to Customer [portuguese_br]', 'Estimate # {estimate_number} ', '', '{companyname} | CRM', NULL, 0, 1, 0),
(1138, 'contract', 'contract-expiration', 'portuguese_br', 'Contract Expiration Reminder (Sent to Customer Contacts) [portuguese_br]', 'Contract Expiration Reminder', '', '{companyname} | CRM', NULL, 0, 1, 0),
(1139, 'tasks', 'task-assigned', 'portuguese_br', 'New Task Assigned (Sent to Staff) [portuguese_br]', 'New Task Assigned to You - {task_name}', '', '{companyname} | CRM', NULL, 0, 1, 0),
(1140, 'tasks', 'task-added-as-follower', 'portuguese_br', 'Staff Member Added as Follower on Task (Sent to Staff) [portuguese_br]', 'You are added as follower on task - {task_name}', '', '{companyname} | CRM', NULL, 0, 1, 0),
(1141, 'tasks', 'task-commented', 'portuguese_br', 'New Comment on Task (Sent to Staff) [portuguese_br]', 'New Comment on Task - {task_name}', '', '{companyname} | CRM', NULL, 0, 1, 0),
(1142, 'tasks', 'task-added-attachment', 'portuguese_br', 'New Attachment(s) on Task (Sent to Staff) [portuguese_br]', 'New Attachment on Task - {task_name}', '', '{companyname} | CRM', NULL, 0, 1, 0),
(1143, 'estimate', 'estimate-declined-to-staff', 'portuguese_br', 'Estimate Declined (Sent to Staff) [portuguese_br]', 'Customer Declined Estimate', '', '{companyname} | CRM', NULL, 0, 1, 0),
(1144, 'estimate', 'estimate-accepted-to-staff', 'portuguese_br', 'Estimate Accepted (Sent to Staff) [portuguese_br]', 'Customer Accepted Estimate', '', '{companyname} | CRM', NULL, 0, 1, 0),
(1145, 'proposals', 'proposal-client-accepted', 'portuguese_br', 'Customer Action - Accepted (Sent to Staff) [portuguese_br]', 'Customer Accepted Proposal', '', '{companyname} | CRM', NULL, 0, 1, 0),
(1146, 'proposals', 'proposal-send-to-customer', 'portuguese_br', 'Send Proposal to Customer [portuguese_br]', 'Proposal With Number {proposal_number} Created', '', '{companyname} | CRM', NULL, 0, 1, 0),
(1147, 'proposals', 'proposal-client-declined', 'portuguese_br', 'Customer Action - Declined (Sent to Staff) [portuguese_br]', 'Client Declined Proposal', '', '{companyname} | CRM', NULL, 0, 1, 0),
(1148, 'proposals', 'proposal-client-thank-you', 'portuguese_br', 'Thank You Email (Sent to Customer After Accept) [portuguese_br]', 'Thank for you accepting proposal', '', '{companyname} | CRM', NULL, 0, 1, 0),
(1149, 'proposals', 'proposal-comment-to-client', 'portuguese_br', 'New Comment (Sent to Customer/Lead) [portuguese_br]', 'New Proposal Comment', '', '{companyname} | CRM', NULL, 0, 1, 0),
(1150, 'proposals', 'proposal-comment-to-admin', 'portuguese_br', 'New Comment (Sent to Staff)  [portuguese_br]', 'New Proposal Comment', '', '{companyname} | CRM', NULL, 0, 1, 0),
(1151, 'estimate', 'estimate-thank-you-to-customer', 'portuguese_br', 'Thank You Email (Sent to Customer After Accept) [portuguese_br]', 'Thank for you accepting estimate', '', '{companyname} | CRM', NULL, 0, 1, 0),
(1152, 'tasks', 'task-deadline-notification', 'portuguese_br', 'Task Deadline Reminder - Sent to Assigned Members [portuguese_br]', 'Task Deadline Reminder', '', '{companyname} | CRM', NULL, 0, 1, 0);
INSERT INTO `tblemailtemplates` (`emailtemplateid`, `type`, `slug`, `language`, `name`, `subject`, `message`, `fromname`, `fromemail`, `plaintext`, `active`, `order`) VALUES
(1153, 'contract', 'send-contract', 'portuguese_br', 'Send Contract to Customer [portuguese_br]', 'Contract - {contract_subject}', '', '{companyname} | CRM', NULL, 0, 1, 0),
(1154, 'invoice', 'invoice-payment-recorded-to-staff', 'portuguese_br', 'Invoice Payment Recorded (Sent to Staff) [portuguese_br]', 'New Invoice Payment', '', '{companyname} | CRM', NULL, 0, 1, 0),
(1155, 'ticket', 'auto-close-ticket', 'portuguese_br', 'Auto Close Ticket [portuguese_br]', 'Ticket Auto Closed', '', '{companyname} | CRM', NULL, 0, 1, 0),
(1156, 'project', 'new-project-discussion-created-to-staff', 'portuguese_br', 'New Project Discussion (Sent to Project Members) [portuguese_br]', 'New Project Discussion Created - {project_name}', '', '{companyname} | CRM', NULL, 0, 1, 0),
(1157, 'project', 'new-project-discussion-created-to-customer', 'portuguese_br', 'New Project Discussion (Sent to Customer Contacts) [portuguese_br]', 'New Project Discussion Created - {project_name}', '', '{companyname} | CRM', NULL, 0, 1, 0),
(1158, 'project', 'new-project-file-uploaded-to-customer', 'portuguese_br', 'New Project File(s) Uploaded (Sent to Customer Contacts) [portuguese_br]', 'New Project File(s) Uploaded - {project_name}', '', '{companyname} | CRM', NULL, 0, 1, 0),
(1159, 'project', 'new-project-file-uploaded-to-staff', 'portuguese_br', 'New Project File(s) Uploaded (Sent to Project Members) [portuguese_br]', 'New Project File(s) Uploaded - {project_name}', '', '{companyname} | CRM', NULL, 0, 1, 0),
(1160, 'project', 'new-project-discussion-comment-to-customer', 'portuguese_br', 'New Discussion Comment  (Sent to Customer Contacts) [portuguese_br]', 'New Discussion Comment', '', '{companyname} | CRM', NULL, 0, 1, 0),
(1161, 'project', 'new-project-discussion-comment-to-staff', 'portuguese_br', 'New Discussion Comment (Sent to Project Members) [portuguese_br]', 'New Discussion Comment', '', '{companyname} | CRM', NULL, 0, 1, 0),
(1162, 'project', 'staff-added-as-project-member', 'portuguese_br', 'Staff Added as Project Member [portuguese_br]', 'New project assigned to you', '', '{companyname} | CRM', NULL, 0, 1, 0),
(1163, 'estimate', 'estimate-expiry-reminder', 'portuguese_br', 'Estimate Expiration Reminder [portuguese_br]', 'Estimate Expiration Reminder', '', '{companyname} | CRM', NULL, 0, 1, 0),
(1164, 'proposals', 'proposal-expiry-reminder', 'portuguese_br', 'Proposal Expiration Reminder [portuguese_br]', 'Proposal Expiration Reminder', '', '{companyname} | CRM', NULL, 0, 1, 0),
(1165, 'staff', 'new-staff-created', 'portuguese_br', 'New Staff Created (Welcome Email) [portuguese_br]', 'You are added as staff member', '', '{companyname} | CRM', NULL, 0, 1, 0),
(1166, 'client', 'contact-forgot-password', 'portuguese_br', 'Forgot Password [portuguese_br]', 'Create New Password', '', '{companyname} | CRM', NULL, 0, 1, 0),
(1167, 'client', 'contact-password-reseted', 'portuguese_br', 'Password Reset - Confirmation [portuguese_br]', 'Your password has been changed', '', '{companyname} | CRM', NULL, 0, 1, 0),
(1168, 'client', 'contact-set-password', 'portuguese_br', 'Set New Password [portuguese_br]', 'Set new password on {companyname} ', '', '{companyname} | CRM', NULL, 0, 1, 0),
(1169, 'staff', 'staff-forgot-password', 'portuguese_br', 'Forgot Password [portuguese_br]', 'Create New Password', '', '{companyname} | CRM', NULL, 0, 1, 0),
(1170, 'staff', 'staff-password-reseted', 'portuguese_br', 'Password Reset - Confirmation [portuguese_br]', 'Your password has been changed', '', '{companyname} | CRM', NULL, 0, 1, 0),
(1171, 'project', 'assigned-to-project', 'portuguese_br', 'New Project Created (Sent to Customer Contacts) [portuguese_br]', 'New Project Created', '', '{companyname} | CRM', NULL, 0, 1, 0),
(1172, 'tasks', 'task-added-attachment-to-contacts', 'portuguese_br', 'New Attachment(s) on Task (Sent to Customer Contacts) [portuguese_br]', 'New Attachment on Task - {task_name}', '', '{companyname} | CRM', NULL, 0, 1, 0),
(1173, 'tasks', 'task-commented-to-contacts', 'portuguese_br', 'New Comment on Task (Sent to Customer Contacts) [portuguese_br]', 'New Comment on Task - {task_name}', '', '{companyname} | CRM', NULL, 0, 1, 0),
(1174, 'leads', 'new-lead-assigned', 'portuguese_br', 'New Lead Assigned to Staff Member [portuguese_br]', 'New lead assigned to you', '', '{companyname} | CRM', NULL, 0, 1, 0),
(1175, 'client', 'client-statement', 'portuguese_br', 'Statement - Account Summary [portuguese_br]', 'Account Statement from {statement_from} to {statement_to}', '', '{companyname} | CRM', NULL, 0, 1, 0),
(1176, 'ticket', 'ticket-assigned-to-admin', 'portuguese_br', 'New Ticket Assigned (Sent to Staff) [portuguese_br]', 'New support ticket has been assigned to you', '', '{companyname} | CRM', NULL, 0, 1, 0),
(1177, 'client', 'new-client-registered-to-admin', 'portuguese_br', 'New Customer Registration (Sent to admins) [portuguese_br]', 'New Customer Registration', '', '{companyname} | CRM', NULL, 0, 1, 0),
(1178, 'leads', 'new-web-to-lead-form-submitted', 'portuguese_br', 'Web to lead form submitted - Sent to lead [portuguese_br]', '{lead_name} - We Received Your Request', '', '{companyname} | CRM', NULL, 0, 0, 0),
(1179, 'staff', 'two-factor-authentication', 'portuguese_br', 'Two Factor Authentication [portuguese_br]', 'Confirm Your Login', '', '{companyname} | CRM', NULL, 0, 1, 0),
(1180, 'project', 'project-finished-to-customer', 'portuguese_br', 'Project Marked as Finished (Sent to Customer Contacts) [portuguese_br]', 'Project Marked as Finished', '', '{companyname} | CRM', NULL, 0, 1, 0),
(1181, 'credit_note', 'credit-note-send-to-client', 'portuguese_br', 'Send Credit Note To Email [portuguese_br]', 'Credit Note With Number #{credit_note_number} Created', '', '{companyname} | CRM', NULL, 0, 1, 0),
(1182, 'tasks', 'task-status-change-to-staff', 'portuguese_br', 'Task Status Changed (Sent to Staff) [portuguese_br]', 'Task Status Changed', '', '{companyname} | CRM', NULL, 0, 1, 0),
(1183, 'tasks', 'task-status-change-to-contacts', 'portuguese_br', 'Task Status Changed (Sent to Customer Contacts) [portuguese_br]', 'Task Status Changed', '', '{companyname} | CRM', NULL, 0, 1, 0),
(1184, 'staff', 'reminder-email-staff', 'portuguese_br', 'Staff Reminder Email [portuguese_br]', 'You Have a New Reminder!', '', '{companyname} | CRM', NULL, 0, 1, 0),
(1185, 'contract', 'contract-comment-to-client', 'portuguese_br', 'New Comment (Sent to Customer Contacts) [portuguese_br]', 'New Contract Comment', '', '{companyname} | CRM', NULL, 0, 1, 0),
(1186, 'contract', 'contract-comment-to-admin', 'portuguese_br', 'New Comment (Sent to Staff)  [portuguese_br]', 'New Contract Comment', '', '{companyname} | CRM', NULL, 0, 1, 0),
(1187, 'subscriptions', 'send-subscription', 'portuguese_br', 'Send Subscription to Customer [portuguese_br]', 'Subscription Created', '', '{companyname} | CRM', NULL, 0, 1, 0),
(1188, 'subscriptions', 'subscription-payment-failed', 'portuguese_br', 'Subscription Payment Failed [portuguese_br]', 'Your most recent invoice payment failed', '', '{companyname} | CRM', NULL, 0, 1, 0),
(1189, 'subscriptions', 'subscription-canceled', 'portuguese_br', 'Subscription Canceled (Sent to customer primary contact) [portuguese_br]', 'Your subscription has been canceled', '', '{companyname} | CRM', NULL, 0, 1, 0),
(1190, 'subscriptions', 'subscription-payment-succeeded', 'portuguese_br', 'Subscription Payment Succeeded (Sent to customer primary contact) [portuguese_br]', 'Subscription  Payment Receipt - {subscription_name}', '', '{companyname} | CRM', NULL, 0, 1, 0),
(1191, 'contract', 'contract-expiration-to-staff', 'portuguese_br', 'Contract Expiration Reminder (Sent to Staff) [portuguese_br]', 'Contract Expiration Reminder', '', '{companyname} | CRM', NULL, 0, 1, 0),
(1192, 'gdpr', 'gdpr-removal-request', 'portuguese_br', 'Removal Request From Contact (Sent to administrators) [portuguese_br]', 'Data Removal Request Received', '', '{companyname} | CRM', NULL, 0, 1, 0),
(1193, 'gdpr', 'gdpr-removal-request-lead', 'portuguese_br', 'Removal Request From Lead (Sent to administrators) [portuguese_br]', 'Data Removal Request Received', '', '{companyname} | CRM', NULL, 0, 1, 0),
(1194, 'client', 'client-registration-confirmed', 'portuguese_br', 'Customer Registration Confirmed [portuguese_br]', 'Your registration is confirmed', '', '{companyname} | CRM', NULL, 0, 1, 0),
(1195, 'contract', 'contract-signed-to-staff', 'portuguese_br', 'Contract Signed (Sent to Staff) [portuguese_br]', 'Customer Signed a Contract', '', '{companyname} | CRM', NULL, 0, 1, 0),
(1196, 'subscriptions', 'customer-subscribed-to-staff', 'portuguese_br', 'Customer Subscribed to a Subscription (Sent to administrators and subscription creator) [portuguese_br]', 'Customer Subscribed to a Subscription', '', '{companyname} | CRM', NULL, 0, 1, 0),
(1197, 'client', 'contact-verification-email', 'portuguese_br', 'Email Verification (Sent to Contact After Registration) [portuguese_br]', 'Verify Email Address', '', '{companyname} | CRM', NULL, 0, 1, 0),
(1198, 'client', 'new-customer-profile-file-uploaded-to-staff', 'portuguese_br', 'New Customer Profile File(s) Uploaded (Sent to Staff) [portuguese_br]', 'Customer Uploaded New File(s) in Profile', '', '{companyname} | CRM', NULL, 0, 1, 0),
(1199, 'staff', 'event-notification-to-staff', 'portuguese_br', 'Event Notification (Calendar) [portuguese_br]', 'Upcoming Event - {event_title}', '', '', NULL, 0, 1, 0),
(1200, 'subscriptions', 'subscription-payment-requires-action', 'portuguese_br', 'Credit Card Authorization Required - SCA [portuguese_br]', 'Important: Confirm your subscription {subscription_name} payment', '', '{companyname} | CRM', NULL, 0, 1, 0),
(1201, 'client', 'new-client-created', 'romanian', 'New Contact Added/Registered (Welcome Email) [romanian]', 'Welcome aboard', '', '{companyname} | CRM', NULL, 0, 1, 0),
(1202, 'invoice', 'invoice-send-to-client', 'romanian', 'Send Invoice to Customer [romanian]', 'Invoice with number {invoice_number} created', '', '{companyname} | CRM', NULL, 0, 1, 0),
(1203, 'ticket', 'new-ticket-opened-admin', 'romanian', 'New Ticket Opened (Opened by Staff, Sent to Customer) [romanian]', 'New Support Ticket Opened', '', '{companyname} | CRM', NULL, 0, 1, 0),
(1204, 'ticket', 'ticket-reply', 'romanian', 'Ticket Reply (Sent to Customer) [romanian]', 'New Ticket Reply', '', '{companyname} | CRM', NULL, 0, 1, 0),
(1205, 'ticket', 'ticket-autoresponse', 'romanian', 'New Ticket Opened - Autoresponse [romanian]', 'New Support Ticket Opened', '', '{companyname} | CRM', NULL, 0, 1, 0),
(1206, 'invoice', 'invoice-payment-recorded', 'romanian', 'Invoice Payment Recorded (Sent to Customer) [romanian]', 'Invoice Payment Recorded', '', '{companyname} | CRM', NULL, 0, 1, 0),
(1207, 'invoice', 'invoice-overdue-notice', 'romanian', 'Invoice Overdue Notice [romanian]', 'Invoice Overdue Notice - {invoice_number}', '', '{companyname} | CRM', NULL, 0, 1, 0),
(1208, 'invoice', 'invoice-already-send', 'romanian', 'Invoice Already Sent to Customer [romanian]', 'Invoice # {invoice_number} ', '', '{companyname} | CRM', NULL, 0, 1, 0),
(1209, 'ticket', 'new-ticket-created-staff', 'romanian', 'New Ticket Created (Opened by Customer, Sent to Staff Members) [romanian]', 'New Ticket Created', '', '{companyname} | CRM', NULL, 0, 1, 0),
(1210, 'estimate', 'estimate-send-to-client', 'romanian', 'Send Estimate to Customer [romanian]', 'Estimate # {estimate_number} created', '', '{companyname} | CRM', NULL, 0, 1, 0),
(1211, 'ticket', 'ticket-reply-to-admin', 'romanian', 'Ticket Reply (Sent to Staff) [romanian]', 'New Support Ticket Reply', '', '{companyname} | CRM', NULL, 0, 1, 0),
(1212, 'estimate', 'estimate-already-send', 'romanian', 'Estimate Already Sent to Customer [romanian]', 'Estimate # {estimate_number} ', '', '{companyname} | CRM', NULL, 0, 1, 0),
(1213, 'contract', 'contract-expiration', 'romanian', 'Contract Expiration Reminder (Sent to Customer Contacts) [romanian]', 'Contract Expiration Reminder', '', '{companyname} | CRM', NULL, 0, 1, 0),
(1214, 'tasks', 'task-assigned', 'romanian', 'New Task Assigned (Sent to Staff) [romanian]', 'New Task Assigned to You - {task_name}', '', '{companyname} | CRM', NULL, 0, 1, 0),
(1215, 'tasks', 'task-added-as-follower', 'romanian', 'Staff Member Added as Follower on Task (Sent to Staff) [romanian]', 'You are added as follower on task - {task_name}', '', '{companyname} | CRM', NULL, 0, 1, 0),
(1216, 'tasks', 'task-commented', 'romanian', 'New Comment on Task (Sent to Staff) [romanian]', 'New Comment on Task - {task_name}', '', '{companyname} | CRM', NULL, 0, 1, 0),
(1217, 'tasks', 'task-added-attachment', 'romanian', 'New Attachment(s) on Task (Sent to Staff) [romanian]', 'New Attachment on Task - {task_name}', '', '{companyname} | CRM', NULL, 0, 1, 0),
(1218, 'estimate', 'estimate-declined-to-staff', 'romanian', 'Estimate Declined (Sent to Staff) [romanian]', 'Customer Declined Estimate', '', '{companyname} | CRM', NULL, 0, 1, 0),
(1219, 'estimate', 'estimate-accepted-to-staff', 'romanian', 'Estimate Accepted (Sent to Staff) [romanian]', 'Customer Accepted Estimate', '', '{companyname} | CRM', NULL, 0, 1, 0),
(1220, 'proposals', 'proposal-client-accepted', 'romanian', 'Customer Action - Accepted (Sent to Staff) [romanian]', 'Customer Accepted Proposal', '', '{companyname} | CRM', NULL, 0, 1, 0),
(1221, 'proposals', 'proposal-send-to-customer', 'romanian', 'Send Proposal to Customer [romanian]', 'Proposal With Number {proposal_number} Created', '', '{companyname} | CRM', NULL, 0, 1, 0),
(1222, 'proposals', 'proposal-client-declined', 'romanian', 'Customer Action - Declined (Sent to Staff) [romanian]', 'Client Declined Proposal', '', '{companyname} | CRM', NULL, 0, 1, 0),
(1223, 'proposals', 'proposal-client-thank-you', 'romanian', 'Thank You Email (Sent to Customer After Accept) [romanian]', 'Thank for you accepting proposal', '', '{companyname} | CRM', NULL, 0, 1, 0),
(1224, 'proposals', 'proposal-comment-to-client', 'romanian', 'New Comment (Sent to Customer/Lead) [romanian]', 'New Proposal Comment', '', '{companyname} | CRM', NULL, 0, 1, 0),
(1225, 'proposals', 'proposal-comment-to-admin', 'romanian', 'New Comment (Sent to Staff)  [romanian]', 'New Proposal Comment', '', '{companyname} | CRM', NULL, 0, 1, 0),
(1226, 'estimate', 'estimate-thank-you-to-customer', 'romanian', 'Thank You Email (Sent to Customer After Accept) [romanian]', 'Thank for you accepting estimate', '', '{companyname} | CRM', NULL, 0, 1, 0),
(1227, 'tasks', 'task-deadline-notification', 'romanian', 'Task Deadline Reminder - Sent to Assigned Members [romanian]', 'Task Deadline Reminder', '', '{companyname} | CRM', NULL, 0, 1, 0),
(1228, 'contract', 'send-contract', 'romanian', 'Send Contract to Customer [romanian]', 'Contract - {contract_subject}', '', '{companyname} | CRM', NULL, 0, 1, 0),
(1229, 'invoice', 'invoice-payment-recorded-to-staff', 'romanian', 'Invoice Payment Recorded (Sent to Staff) [romanian]', 'New Invoice Payment', '', '{companyname} | CRM', NULL, 0, 1, 0),
(1230, 'ticket', 'auto-close-ticket', 'romanian', 'Auto Close Ticket [romanian]', 'Ticket Auto Closed', '', '{companyname} | CRM', NULL, 0, 1, 0),
(1231, 'project', 'new-project-discussion-created-to-staff', 'romanian', 'New Project Discussion (Sent to Project Members) [romanian]', 'New Project Discussion Created - {project_name}', '', '{companyname} | CRM', NULL, 0, 1, 0),
(1232, 'project', 'new-project-discussion-created-to-customer', 'romanian', 'New Project Discussion (Sent to Customer Contacts) [romanian]', 'New Project Discussion Created - {project_name}', '', '{companyname} | CRM', NULL, 0, 1, 0),
(1233, 'project', 'new-project-file-uploaded-to-customer', 'romanian', 'New Project File(s) Uploaded (Sent to Customer Contacts) [romanian]', 'New Project File(s) Uploaded - {project_name}', '', '{companyname} | CRM', NULL, 0, 1, 0),
(1234, 'project', 'new-project-file-uploaded-to-staff', 'romanian', 'New Project File(s) Uploaded (Sent to Project Members) [romanian]', 'New Project File(s) Uploaded - {project_name}', '', '{companyname} | CRM', NULL, 0, 1, 0),
(1235, 'project', 'new-project-discussion-comment-to-customer', 'romanian', 'New Discussion Comment  (Sent to Customer Contacts) [romanian]', 'New Discussion Comment', '', '{companyname} | CRM', NULL, 0, 1, 0),
(1236, 'project', 'new-project-discussion-comment-to-staff', 'romanian', 'New Discussion Comment (Sent to Project Members) [romanian]', 'New Discussion Comment', '', '{companyname} | CRM', NULL, 0, 1, 0),
(1237, 'project', 'staff-added-as-project-member', 'romanian', 'Staff Added as Project Member [romanian]', 'New project assigned to you', '', '{companyname} | CRM', NULL, 0, 1, 0),
(1238, 'estimate', 'estimate-expiry-reminder', 'romanian', 'Estimate Expiration Reminder [romanian]', 'Estimate Expiration Reminder', '', '{companyname} | CRM', NULL, 0, 1, 0),
(1239, 'proposals', 'proposal-expiry-reminder', 'romanian', 'Proposal Expiration Reminder [romanian]', 'Proposal Expiration Reminder', '', '{companyname} | CRM', NULL, 0, 1, 0),
(1240, 'staff', 'new-staff-created', 'romanian', 'New Staff Created (Welcome Email) [romanian]', 'You are added as staff member', '', '{companyname} | CRM', NULL, 0, 1, 0),
(1241, 'client', 'contact-forgot-password', 'romanian', 'Forgot Password [romanian]', 'Create New Password', '', '{companyname} | CRM', NULL, 0, 1, 0),
(1242, 'client', 'contact-password-reseted', 'romanian', 'Password Reset - Confirmation [romanian]', 'Your password has been changed', '', '{companyname} | CRM', NULL, 0, 1, 0),
(1243, 'client', 'contact-set-password', 'romanian', 'Set New Password [romanian]', 'Set new password on {companyname} ', '', '{companyname} | CRM', NULL, 0, 1, 0),
(1244, 'staff', 'staff-forgot-password', 'romanian', 'Forgot Password [romanian]', 'Create New Password', '', '{companyname} | CRM', NULL, 0, 1, 0),
(1245, 'staff', 'staff-password-reseted', 'romanian', 'Password Reset - Confirmation [romanian]', 'Your password has been changed', '', '{companyname} | CRM', NULL, 0, 1, 0),
(1246, 'project', 'assigned-to-project', 'romanian', 'New Project Created (Sent to Customer Contacts) [romanian]', 'New Project Created', '', '{companyname} | CRM', NULL, 0, 1, 0),
(1247, 'tasks', 'task-added-attachment-to-contacts', 'romanian', 'New Attachment(s) on Task (Sent to Customer Contacts) [romanian]', 'New Attachment on Task - {task_name}', '', '{companyname} | CRM', NULL, 0, 1, 0),
(1248, 'tasks', 'task-commented-to-contacts', 'romanian', 'New Comment on Task (Sent to Customer Contacts) [romanian]', 'New Comment on Task - {task_name}', '', '{companyname} | CRM', NULL, 0, 1, 0),
(1249, 'leads', 'new-lead-assigned', 'romanian', 'New Lead Assigned to Staff Member [romanian]', 'New lead assigned to you', '', '{companyname} | CRM', NULL, 0, 1, 0),
(1250, 'client', 'client-statement', 'romanian', 'Statement - Account Summary [romanian]', 'Account Statement from {statement_from} to {statement_to}', '', '{companyname} | CRM', NULL, 0, 1, 0),
(1251, 'ticket', 'ticket-assigned-to-admin', 'romanian', 'New Ticket Assigned (Sent to Staff) [romanian]', 'New support ticket has been assigned to you', '', '{companyname} | CRM', NULL, 0, 1, 0),
(1252, 'client', 'new-client-registered-to-admin', 'romanian', 'New Customer Registration (Sent to admins) [romanian]', 'New Customer Registration', '', '{companyname} | CRM', NULL, 0, 1, 0),
(1253, 'leads', 'new-web-to-lead-form-submitted', 'romanian', 'Web to lead form submitted - Sent to lead [romanian]', '{lead_name} - We Received Your Request', '', '{companyname} | CRM', NULL, 0, 0, 0),
(1254, 'staff', 'two-factor-authentication', 'romanian', 'Two Factor Authentication [romanian]', 'Confirm Your Login', '', '{companyname} | CRM', NULL, 0, 1, 0),
(1255, 'project', 'project-finished-to-customer', 'romanian', 'Project Marked as Finished (Sent to Customer Contacts) [romanian]', 'Project Marked as Finished', '', '{companyname} | CRM', NULL, 0, 1, 0),
(1256, 'credit_note', 'credit-note-send-to-client', 'romanian', 'Send Credit Note To Email [romanian]', 'Credit Note With Number #{credit_note_number} Created', '', '{companyname} | CRM', NULL, 0, 1, 0),
(1257, 'tasks', 'task-status-change-to-staff', 'romanian', 'Task Status Changed (Sent to Staff) [romanian]', 'Task Status Changed', '', '{companyname} | CRM', NULL, 0, 1, 0),
(1258, 'tasks', 'task-status-change-to-contacts', 'romanian', 'Task Status Changed (Sent to Customer Contacts) [romanian]', 'Task Status Changed', '', '{companyname} | CRM', NULL, 0, 1, 0),
(1259, 'staff', 'reminder-email-staff', 'romanian', 'Staff Reminder Email [romanian]', 'You Have a New Reminder!', '', '{companyname} | CRM', NULL, 0, 1, 0),
(1260, 'contract', 'contract-comment-to-client', 'romanian', 'New Comment (Sent to Customer Contacts) [romanian]', 'New Contract Comment', '', '{companyname} | CRM', NULL, 0, 1, 0),
(1261, 'contract', 'contract-comment-to-admin', 'romanian', 'New Comment (Sent to Staff)  [romanian]', 'New Contract Comment', '', '{companyname} | CRM', NULL, 0, 1, 0),
(1262, 'subscriptions', 'send-subscription', 'romanian', 'Send Subscription to Customer [romanian]', 'Subscription Created', '', '{companyname} | CRM', NULL, 0, 1, 0),
(1263, 'subscriptions', 'subscription-payment-failed', 'romanian', 'Subscription Payment Failed [romanian]', 'Your most recent invoice payment failed', '', '{companyname} | CRM', NULL, 0, 1, 0),
(1264, 'subscriptions', 'subscription-canceled', 'romanian', 'Subscription Canceled (Sent to customer primary contact) [romanian]', 'Your subscription has been canceled', '', '{companyname} | CRM', NULL, 0, 1, 0),
(1265, 'subscriptions', 'subscription-payment-succeeded', 'romanian', 'Subscription Payment Succeeded (Sent to customer primary contact) [romanian]', 'Subscription  Payment Receipt - {subscription_name}', '', '{companyname} | CRM', NULL, 0, 1, 0),
(1266, 'contract', 'contract-expiration-to-staff', 'romanian', 'Contract Expiration Reminder (Sent to Staff) [romanian]', 'Contract Expiration Reminder', '', '{companyname} | CRM', NULL, 0, 1, 0),
(1267, 'gdpr', 'gdpr-removal-request', 'romanian', 'Removal Request From Contact (Sent to administrators) [romanian]', 'Data Removal Request Received', '', '{companyname} | CRM', NULL, 0, 1, 0),
(1268, 'gdpr', 'gdpr-removal-request-lead', 'romanian', 'Removal Request From Lead (Sent to administrators) [romanian]', 'Data Removal Request Received', '', '{companyname} | CRM', NULL, 0, 1, 0),
(1269, 'client', 'client-registration-confirmed', 'romanian', 'Customer Registration Confirmed [romanian]', 'Your registration is confirmed', '', '{companyname} | CRM', NULL, 0, 1, 0),
(1270, 'contract', 'contract-signed-to-staff', 'romanian', 'Contract Signed (Sent to Staff) [romanian]', 'Customer Signed a Contract', '', '{companyname} | CRM', NULL, 0, 1, 0),
(1271, 'subscriptions', 'customer-subscribed-to-staff', 'romanian', 'Customer Subscribed to a Subscription (Sent to administrators and subscription creator) [romanian]', 'Customer Subscribed to a Subscription', '', '{companyname} | CRM', NULL, 0, 1, 0),
(1272, 'client', 'contact-verification-email', 'romanian', 'Email Verification (Sent to Contact After Registration) [romanian]', 'Verify Email Address', '', '{companyname} | CRM', NULL, 0, 1, 0),
(1273, 'client', 'new-customer-profile-file-uploaded-to-staff', 'romanian', 'New Customer Profile File(s) Uploaded (Sent to Staff) [romanian]', 'Customer Uploaded New File(s) in Profile', '', '{companyname} | CRM', NULL, 0, 1, 0),
(1274, 'staff', 'event-notification-to-staff', 'romanian', 'Event Notification (Calendar) [romanian]', 'Upcoming Event - {event_title}', '', '', NULL, 0, 1, 0),
(1275, 'subscriptions', 'subscription-payment-requires-action', 'romanian', 'Credit Card Authorization Required - SCA [romanian]', 'Important: Confirm your subscription {subscription_name} payment', '', '{companyname} | CRM', NULL, 0, 1, 0),
(1276, 'client', 'new-client-created', 'russian', 'New Contact Added/Registered (Welcome Email) [russian]', 'Welcome aboard', '', '{companyname} | CRM', NULL, 0, 1, 0),
(1277, 'invoice', 'invoice-send-to-client', 'russian', 'Send Invoice to Customer [russian]', 'Invoice with number {invoice_number} created', '', '{companyname} | CRM', NULL, 0, 1, 0),
(1278, 'ticket', 'new-ticket-opened-admin', 'russian', 'New Ticket Opened (Opened by Staff, Sent to Customer) [russian]', 'New Support Ticket Opened', '', '{companyname} | CRM', NULL, 0, 1, 0),
(1279, 'ticket', 'ticket-reply', 'russian', 'Ticket Reply (Sent to Customer) [russian]', 'New Ticket Reply', '', '{companyname} | CRM', NULL, 0, 1, 0),
(1280, 'ticket', 'ticket-autoresponse', 'russian', 'New Ticket Opened - Autoresponse [russian]', 'New Support Ticket Opened', '', '{companyname} | CRM', NULL, 0, 1, 0),
(1281, 'invoice', 'invoice-payment-recorded', 'russian', 'Invoice Payment Recorded (Sent to Customer) [russian]', 'Invoice Payment Recorded', '', '{companyname} | CRM', NULL, 0, 1, 0),
(1282, 'invoice', 'invoice-overdue-notice', 'russian', 'Invoice Overdue Notice [russian]', 'Invoice Overdue Notice - {invoice_number}', '', '{companyname} | CRM', NULL, 0, 1, 0),
(1283, 'invoice', 'invoice-already-send', 'russian', 'Invoice Already Sent to Customer [russian]', 'Invoice # {invoice_number} ', '', '{companyname} | CRM', NULL, 0, 1, 0),
(1284, 'ticket', 'new-ticket-created-staff', 'russian', 'New Ticket Created (Opened by Customer, Sent to Staff Members) [russian]', 'New Ticket Created', '', '{companyname} | CRM', NULL, 0, 1, 0),
(1285, 'estimate', 'estimate-send-to-client', 'russian', 'Send Estimate to Customer [russian]', 'Estimate # {estimate_number} created', '', '{companyname} | CRM', NULL, 0, 1, 0),
(1286, 'ticket', 'ticket-reply-to-admin', 'russian', 'Ticket Reply (Sent to Staff) [russian]', 'New Support Ticket Reply', '', '{companyname} | CRM', NULL, 0, 1, 0),
(1287, 'estimate', 'estimate-already-send', 'russian', 'Estimate Already Sent to Customer [russian]', 'Estimate # {estimate_number} ', '', '{companyname} | CRM', NULL, 0, 1, 0),
(1288, 'contract', 'contract-expiration', 'russian', 'Contract Expiration Reminder (Sent to Customer Contacts) [russian]', 'Contract Expiration Reminder', '', '{companyname} | CRM', NULL, 0, 1, 0),
(1289, 'tasks', 'task-assigned', 'russian', 'New Task Assigned (Sent to Staff) [russian]', 'New Task Assigned to You - {task_name}', '', '{companyname} | CRM', NULL, 0, 1, 0),
(1290, 'tasks', 'task-added-as-follower', 'russian', 'Staff Member Added as Follower on Task (Sent to Staff) [russian]', 'You are added as follower on task - {task_name}', '', '{companyname} | CRM', NULL, 0, 1, 0),
(1291, 'tasks', 'task-commented', 'russian', 'New Comment on Task (Sent to Staff) [russian]', 'New Comment on Task - {task_name}', '', '{companyname} | CRM', NULL, 0, 1, 0),
(1292, 'tasks', 'task-added-attachment', 'russian', 'New Attachment(s) on Task (Sent to Staff) [russian]', 'New Attachment on Task - {task_name}', '', '{companyname} | CRM', NULL, 0, 1, 0),
(1293, 'estimate', 'estimate-declined-to-staff', 'russian', 'Estimate Declined (Sent to Staff) [russian]', 'Customer Declined Estimate', '', '{companyname} | CRM', NULL, 0, 1, 0),
(1294, 'estimate', 'estimate-accepted-to-staff', 'russian', 'Estimate Accepted (Sent to Staff) [russian]', 'Customer Accepted Estimate', '', '{companyname} | CRM', NULL, 0, 1, 0),
(1295, 'proposals', 'proposal-client-accepted', 'russian', 'Customer Action - Accepted (Sent to Staff) [russian]', 'Customer Accepted Proposal', '', '{companyname} | CRM', NULL, 0, 1, 0),
(1296, 'proposals', 'proposal-send-to-customer', 'russian', 'Send Proposal to Customer [russian]', 'Proposal With Number {proposal_number} Created', '', '{companyname} | CRM', NULL, 0, 1, 0),
(1297, 'proposals', 'proposal-client-declined', 'russian', 'Customer Action - Declined (Sent to Staff) [russian]', 'Client Declined Proposal', '', '{companyname} | CRM', NULL, 0, 1, 0),
(1298, 'proposals', 'proposal-client-thank-you', 'russian', 'Thank You Email (Sent to Customer After Accept) [russian]', 'Thank for you accepting proposal', '', '{companyname} | CRM', NULL, 0, 1, 0),
(1299, 'proposals', 'proposal-comment-to-client', 'russian', 'New Comment (Sent to Customer/Lead) [russian]', 'New Proposal Comment', '', '{companyname} | CRM', NULL, 0, 1, 0),
(1300, 'proposals', 'proposal-comment-to-admin', 'russian', 'New Comment (Sent to Staff)  [russian]', 'New Proposal Comment', '', '{companyname} | CRM', NULL, 0, 1, 0),
(1301, 'estimate', 'estimate-thank-you-to-customer', 'russian', 'Thank You Email (Sent to Customer After Accept) [russian]', 'Thank for you accepting estimate', '', '{companyname} | CRM', NULL, 0, 1, 0),
(1302, 'tasks', 'task-deadline-notification', 'russian', 'Task Deadline Reminder - Sent to Assigned Members [russian]', 'Task Deadline Reminder', '', '{companyname} | CRM', NULL, 0, 1, 0),
(1303, 'contract', 'send-contract', 'russian', 'Send Contract to Customer [russian]', 'Contract - {contract_subject}', '', '{companyname} | CRM', NULL, 0, 1, 0),
(1304, 'invoice', 'invoice-payment-recorded-to-staff', 'russian', 'Invoice Payment Recorded (Sent to Staff) [russian]', 'New Invoice Payment', '', '{companyname} | CRM', NULL, 0, 1, 0),
(1305, 'ticket', 'auto-close-ticket', 'russian', 'Auto Close Ticket [russian]', 'Ticket Auto Closed', '', '{companyname} | CRM', NULL, 0, 1, 0),
(1306, 'project', 'new-project-discussion-created-to-staff', 'russian', 'New Project Discussion (Sent to Project Members) [russian]', 'New Project Discussion Created - {project_name}', '', '{companyname} | CRM', NULL, 0, 1, 0),
(1307, 'project', 'new-project-discussion-created-to-customer', 'russian', 'New Project Discussion (Sent to Customer Contacts) [russian]', 'New Project Discussion Created - {project_name}', '', '{companyname} | CRM', NULL, 0, 1, 0),
(1308, 'project', 'new-project-file-uploaded-to-customer', 'russian', 'New Project File(s) Uploaded (Sent to Customer Contacts) [russian]', 'New Project File(s) Uploaded - {project_name}', '', '{companyname} | CRM', NULL, 0, 1, 0),
(1309, 'project', 'new-project-file-uploaded-to-staff', 'russian', 'New Project File(s) Uploaded (Sent to Project Members) [russian]', 'New Project File(s) Uploaded - {project_name}', '', '{companyname} | CRM', NULL, 0, 1, 0),
(1310, 'project', 'new-project-discussion-comment-to-customer', 'russian', 'New Discussion Comment  (Sent to Customer Contacts) [russian]', 'New Discussion Comment', '', '{companyname} | CRM', NULL, 0, 1, 0),
(1311, 'project', 'new-project-discussion-comment-to-staff', 'russian', 'New Discussion Comment (Sent to Project Members) [russian]', 'New Discussion Comment', '', '{companyname} | CRM', NULL, 0, 1, 0),
(1312, 'project', 'staff-added-as-project-member', 'russian', 'Staff Added as Project Member [russian]', 'New project assigned to you', '', '{companyname} | CRM', NULL, 0, 1, 0),
(1313, 'estimate', 'estimate-expiry-reminder', 'russian', 'Estimate Expiration Reminder [russian]', 'Estimate Expiration Reminder', '', '{companyname} | CRM', NULL, 0, 1, 0),
(1314, 'proposals', 'proposal-expiry-reminder', 'russian', 'Proposal Expiration Reminder [russian]', 'Proposal Expiration Reminder', '', '{companyname} | CRM', NULL, 0, 1, 0),
(1315, 'staff', 'new-staff-created', 'russian', 'New Staff Created (Welcome Email) [russian]', 'You are added as staff member', '', '{companyname} | CRM', NULL, 0, 1, 0),
(1316, 'client', 'contact-forgot-password', 'russian', 'Forgot Password [russian]', 'Create New Password', '', '{companyname} | CRM', NULL, 0, 1, 0),
(1317, 'client', 'contact-password-reseted', 'russian', 'Password Reset - Confirmation [russian]', 'Your password has been changed', '', '{companyname} | CRM', NULL, 0, 1, 0),
(1318, 'client', 'contact-set-password', 'russian', 'Set New Password [russian]', 'Set new password on {companyname} ', '', '{companyname} | CRM', NULL, 0, 1, 0),
(1319, 'staff', 'staff-forgot-password', 'russian', 'Forgot Password [russian]', 'Create New Password', '', '{companyname} | CRM', NULL, 0, 1, 0),
(1320, 'staff', 'staff-password-reseted', 'russian', 'Password Reset - Confirmation [russian]', 'Your password has been changed', '', '{companyname} | CRM', NULL, 0, 1, 0),
(1321, 'project', 'assigned-to-project', 'russian', 'New Project Created (Sent to Customer Contacts) [russian]', 'New Project Created', '', '{companyname} | CRM', NULL, 0, 1, 0),
(1322, 'tasks', 'task-added-attachment-to-contacts', 'russian', 'New Attachment(s) on Task (Sent to Customer Contacts) [russian]', 'New Attachment on Task - {task_name}', '', '{companyname} | CRM', NULL, 0, 1, 0),
(1323, 'tasks', 'task-commented-to-contacts', 'russian', 'New Comment on Task (Sent to Customer Contacts) [russian]', 'New Comment on Task - {task_name}', '', '{companyname} | CRM', NULL, 0, 1, 0),
(1324, 'leads', 'new-lead-assigned', 'russian', 'New Lead Assigned to Staff Member [russian]', 'New lead assigned to you', '', '{companyname} | CRM', NULL, 0, 1, 0),
(1325, 'client', 'client-statement', 'russian', 'Statement - Account Summary [russian]', 'Account Statement from {statement_from} to {statement_to}', '', '{companyname} | CRM', NULL, 0, 1, 0),
(1326, 'ticket', 'ticket-assigned-to-admin', 'russian', 'New Ticket Assigned (Sent to Staff) [russian]', 'New support ticket has been assigned to you', '', '{companyname} | CRM', NULL, 0, 1, 0),
(1327, 'client', 'new-client-registered-to-admin', 'russian', 'New Customer Registration (Sent to admins) [russian]', 'New Customer Registration', '', '{companyname} | CRM', NULL, 0, 1, 0),
(1328, 'leads', 'new-web-to-lead-form-submitted', 'russian', 'Web to lead form submitted - Sent to lead [russian]', '{lead_name} - We Received Your Request', '', '{companyname} | CRM', NULL, 0, 0, 0),
(1329, 'staff', 'two-factor-authentication', 'russian', 'Two Factor Authentication [russian]', 'Confirm Your Login', '', '{companyname} | CRM', NULL, 0, 1, 0),
(1330, 'project', 'project-finished-to-customer', 'russian', 'Project Marked as Finished (Sent to Customer Contacts) [russian]', 'Project Marked as Finished', '', '{companyname} | CRM', NULL, 0, 1, 0),
(1331, 'credit_note', 'credit-note-send-to-client', 'russian', 'Send Credit Note To Email [russian]', 'Credit Note With Number #{credit_note_number} Created', '', '{companyname} | CRM', NULL, 0, 1, 0),
(1332, 'tasks', 'task-status-change-to-staff', 'russian', 'Task Status Changed (Sent to Staff) [russian]', 'Task Status Changed', '', '{companyname} | CRM', NULL, 0, 1, 0),
(1333, 'tasks', 'task-status-change-to-contacts', 'russian', 'Task Status Changed (Sent to Customer Contacts) [russian]', 'Task Status Changed', '', '{companyname} | CRM', NULL, 0, 1, 0),
(1334, 'staff', 'reminder-email-staff', 'russian', 'Staff Reminder Email [russian]', 'You Have a New Reminder!', '', '{companyname} | CRM', NULL, 0, 1, 0),
(1335, 'contract', 'contract-comment-to-client', 'russian', 'New Comment (Sent to Customer Contacts) [russian]', 'New Contract Comment', '', '{companyname} | CRM', NULL, 0, 1, 0),
(1336, 'contract', 'contract-comment-to-admin', 'russian', 'New Comment (Sent to Staff)  [russian]', 'New Contract Comment', '', '{companyname} | CRM', NULL, 0, 1, 0),
(1337, 'subscriptions', 'send-subscription', 'russian', 'Send Subscription to Customer [russian]', 'Subscription Created', '', '{companyname} | CRM', NULL, 0, 1, 0),
(1338, 'subscriptions', 'subscription-payment-failed', 'russian', 'Subscription Payment Failed [russian]', 'Your most recent invoice payment failed', '', '{companyname} | CRM', NULL, 0, 1, 0),
(1339, 'subscriptions', 'subscription-canceled', 'russian', 'Subscription Canceled (Sent to customer primary contact) [russian]', 'Your subscription has been canceled', '', '{companyname} | CRM', NULL, 0, 1, 0),
(1340, 'subscriptions', 'subscription-payment-succeeded', 'russian', 'Subscription Payment Succeeded (Sent to customer primary contact) [russian]', 'Subscription  Payment Receipt - {subscription_name}', '', '{companyname} | CRM', NULL, 0, 1, 0),
(1341, 'contract', 'contract-expiration-to-staff', 'russian', 'Contract Expiration Reminder (Sent to Staff) [russian]', 'Contract Expiration Reminder', '', '{companyname} | CRM', NULL, 0, 1, 0),
(1342, 'gdpr', 'gdpr-removal-request', 'russian', 'Removal Request From Contact (Sent to administrators) [russian]', 'Data Removal Request Received', '', '{companyname} | CRM', NULL, 0, 1, 0),
(1343, 'gdpr', 'gdpr-removal-request-lead', 'russian', 'Removal Request From Lead (Sent to administrators) [russian]', 'Data Removal Request Received', '', '{companyname} | CRM', NULL, 0, 1, 0),
(1344, 'client', 'client-registration-confirmed', 'russian', 'Customer Registration Confirmed [russian]', 'Your registration is confirmed', '', '{companyname} | CRM', NULL, 0, 1, 0),
(1345, 'contract', 'contract-signed-to-staff', 'russian', 'Contract Signed (Sent to Staff) [russian]', 'Customer Signed a Contract', '', '{companyname} | CRM', NULL, 0, 1, 0),
(1346, 'subscriptions', 'customer-subscribed-to-staff', 'russian', 'Customer Subscribed to a Subscription (Sent to administrators and subscription creator) [russian]', 'Customer Subscribed to a Subscription', '', '{companyname} | CRM', NULL, 0, 1, 0),
(1347, 'client', 'contact-verification-email', 'russian', 'Email Verification (Sent to Contact After Registration) [russian]', 'Verify Email Address', '', '{companyname} | CRM', NULL, 0, 1, 0),
(1348, 'client', 'new-customer-profile-file-uploaded-to-staff', 'russian', 'New Customer Profile File(s) Uploaded (Sent to Staff) [russian]', 'Customer Uploaded New File(s) in Profile', '', '{companyname} | CRM', NULL, 0, 1, 0),
(1349, 'staff', 'event-notification-to-staff', 'russian', 'Event Notification (Calendar) [russian]', 'Upcoming Event - {event_title}', '', '', NULL, 0, 1, 0),
(1350, 'subscriptions', 'subscription-payment-requires-action', 'russian', 'Credit Card Authorization Required - SCA [russian]', 'Important: Confirm your subscription {subscription_name} payment', '', '{companyname} | CRM', NULL, 0, 1, 0),
(1351, 'client', 'new-client-created', 'slovak', 'New Contact Added/Registered (Welcome Email) [slovak]', 'Welcome aboard', '', '{companyname} | CRM', NULL, 0, 1, 0),
(1352, 'invoice', 'invoice-send-to-client', 'slovak', 'Send Invoice to Customer [slovak]', 'Invoice with number {invoice_number} created', '', '{companyname} | CRM', NULL, 0, 1, 0),
(1353, 'ticket', 'new-ticket-opened-admin', 'slovak', 'New Ticket Opened (Opened by Staff, Sent to Customer) [slovak]', 'New Support Ticket Opened', '', '{companyname} | CRM', NULL, 0, 1, 0),
(1354, 'ticket', 'ticket-reply', 'slovak', 'Ticket Reply (Sent to Customer) [slovak]', 'New Ticket Reply', '', '{companyname} | CRM', NULL, 0, 1, 0),
(1355, 'ticket', 'ticket-autoresponse', 'slovak', 'New Ticket Opened - Autoresponse [slovak]', 'New Support Ticket Opened', '', '{companyname} | CRM', NULL, 0, 1, 0),
(1356, 'invoice', 'invoice-payment-recorded', 'slovak', 'Invoice Payment Recorded (Sent to Customer) [slovak]', 'Invoice Payment Recorded', '', '{companyname} | CRM', NULL, 0, 1, 0),
(1357, 'invoice', 'invoice-overdue-notice', 'slovak', 'Invoice Overdue Notice [slovak]', 'Invoice Overdue Notice - {invoice_number}', '', '{companyname} | CRM', NULL, 0, 1, 0),
(1358, 'invoice', 'invoice-already-send', 'slovak', 'Invoice Already Sent to Customer [slovak]', 'Invoice # {invoice_number} ', '', '{companyname} | CRM', NULL, 0, 1, 0),
(1359, 'ticket', 'new-ticket-created-staff', 'slovak', 'New Ticket Created (Opened by Customer, Sent to Staff Members) [slovak]', 'New Ticket Created', '', '{companyname} | CRM', NULL, 0, 1, 0),
(1360, 'estimate', 'estimate-send-to-client', 'slovak', 'Send Estimate to Customer [slovak]', 'Estimate # {estimate_number} created', '', '{companyname} | CRM', NULL, 0, 1, 0),
(1361, 'ticket', 'ticket-reply-to-admin', 'slovak', 'Ticket Reply (Sent to Staff) [slovak]', 'New Support Ticket Reply', '', '{companyname} | CRM', NULL, 0, 1, 0),
(1362, 'estimate', 'estimate-already-send', 'slovak', 'Estimate Already Sent to Customer [slovak]', 'Estimate # {estimate_number} ', '', '{companyname} | CRM', NULL, 0, 1, 0),
(1363, 'contract', 'contract-expiration', 'slovak', 'Contract Expiration Reminder (Sent to Customer Contacts) [slovak]', 'Contract Expiration Reminder', '', '{companyname} | CRM', NULL, 0, 1, 0),
(1364, 'tasks', 'task-assigned', 'slovak', 'New Task Assigned (Sent to Staff) [slovak]', 'New Task Assigned to You - {task_name}', '', '{companyname} | CRM', NULL, 0, 1, 0),
(1365, 'tasks', 'task-added-as-follower', 'slovak', 'Staff Member Added as Follower on Task (Sent to Staff) [slovak]', 'You are added as follower on task - {task_name}', '', '{companyname} | CRM', NULL, 0, 1, 0),
(1366, 'tasks', 'task-commented', 'slovak', 'New Comment on Task (Sent to Staff) [slovak]', 'New Comment on Task - {task_name}', '', '{companyname} | CRM', NULL, 0, 1, 0),
(1367, 'tasks', 'task-added-attachment', 'slovak', 'New Attachment(s) on Task (Sent to Staff) [slovak]', 'New Attachment on Task - {task_name}', '', '{companyname} | CRM', NULL, 0, 1, 0),
(1368, 'estimate', 'estimate-declined-to-staff', 'slovak', 'Estimate Declined (Sent to Staff) [slovak]', 'Customer Declined Estimate', '', '{companyname} | CRM', NULL, 0, 1, 0),
(1369, 'estimate', 'estimate-accepted-to-staff', 'slovak', 'Estimate Accepted (Sent to Staff) [slovak]', 'Customer Accepted Estimate', '', '{companyname} | CRM', NULL, 0, 1, 0),
(1370, 'proposals', 'proposal-client-accepted', 'slovak', 'Customer Action - Accepted (Sent to Staff) [slovak]', 'Customer Accepted Proposal', '', '{companyname} | CRM', NULL, 0, 1, 0),
(1371, 'proposals', 'proposal-send-to-customer', 'slovak', 'Send Proposal to Customer [slovak]', 'Proposal With Number {proposal_number} Created', '', '{companyname} | CRM', NULL, 0, 1, 0),
(1372, 'proposals', 'proposal-client-declined', 'slovak', 'Customer Action - Declined (Sent to Staff) [slovak]', 'Client Declined Proposal', '', '{companyname} | CRM', NULL, 0, 1, 0),
(1373, 'proposals', 'proposal-client-thank-you', 'slovak', 'Thank You Email (Sent to Customer After Accept) [slovak]', 'Thank for you accepting proposal', '', '{companyname} | CRM', NULL, 0, 1, 0),
(1374, 'proposals', 'proposal-comment-to-client', 'slovak', 'New Comment (Sent to Customer/Lead) [slovak]', 'New Proposal Comment', '', '{companyname} | CRM', NULL, 0, 1, 0),
(1375, 'proposals', 'proposal-comment-to-admin', 'slovak', 'New Comment (Sent to Staff)  [slovak]', 'New Proposal Comment', '', '{companyname} | CRM', NULL, 0, 1, 0),
(1376, 'estimate', 'estimate-thank-you-to-customer', 'slovak', 'Thank You Email (Sent to Customer After Accept) [slovak]', 'Thank for you accepting estimate', '', '{companyname} | CRM', NULL, 0, 1, 0),
(1377, 'tasks', 'task-deadline-notification', 'slovak', 'Task Deadline Reminder - Sent to Assigned Members [slovak]', 'Task Deadline Reminder', '', '{companyname} | CRM', NULL, 0, 1, 0),
(1378, 'contract', 'send-contract', 'slovak', 'Send Contract to Customer [slovak]', 'Contract - {contract_subject}', '', '{companyname} | CRM', NULL, 0, 1, 0),
(1379, 'invoice', 'invoice-payment-recorded-to-staff', 'slovak', 'Invoice Payment Recorded (Sent to Staff) [slovak]', 'New Invoice Payment', '', '{companyname} | CRM', NULL, 0, 1, 0),
(1380, 'ticket', 'auto-close-ticket', 'slovak', 'Auto Close Ticket [slovak]', 'Ticket Auto Closed', '', '{companyname} | CRM', NULL, 0, 1, 0),
(1381, 'project', 'new-project-discussion-created-to-staff', 'slovak', 'New Project Discussion (Sent to Project Members) [slovak]', 'New Project Discussion Created - {project_name}', '', '{companyname} | CRM', NULL, 0, 1, 0),
(1382, 'project', 'new-project-discussion-created-to-customer', 'slovak', 'New Project Discussion (Sent to Customer Contacts) [slovak]', 'New Project Discussion Created - {project_name}', '', '{companyname} | CRM', NULL, 0, 1, 0),
(1383, 'project', 'new-project-file-uploaded-to-customer', 'slovak', 'New Project File(s) Uploaded (Sent to Customer Contacts) [slovak]', 'New Project File(s) Uploaded - {project_name}', '', '{companyname} | CRM', NULL, 0, 1, 0),
(1384, 'project', 'new-project-file-uploaded-to-staff', 'slovak', 'New Project File(s) Uploaded (Sent to Project Members) [slovak]', 'New Project File(s) Uploaded - {project_name}', '', '{companyname} | CRM', NULL, 0, 1, 0),
(1385, 'project', 'new-project-discussion-comment-to-customer', 'slovak', 'New Discussion Comment  (Sent to Customer Contacts) [slovak]', 'New Discussion Comment', '', '{companyname} | CRM', NULL, 0, 1, 0),
(1386, 'project', 'new-project-discussion-comment-to-staff', 'slovak', 'New Discussion Comment (Sent to Project Members) [slovak]', 'New Discussion Comment', '', '{companyname} | CRM', NULL, 0, 1, 0),
(1387, 'project', 'staff-added-as-project-member', 'slovak', 'Staff Added as Project Member [slovak]', 'New project assigned to you', '', '{companyname} | CRM', NULL, 0, 1, 0),
(1388, 'estimate', 'estimate-expiry-reminder', 'slovak', 'Estimate Expiration Reminder [slovak]', 'Estimate Expiration Reminder', '', '{companyname} | CRM', NULL, 0, 1, 0),
(1389, 'proposals', 'proposal-expiry-reminder', 'slovak', 'Proposal Expiration Reminder [slovak]', 'Proposal Expiration Reminder', '', '{companyname} | CRM', NULL, 0, 1, 0),
(1390, 'staff', 'new-staff-created', 'slovak', 'New Staff Created (Welcome Email) [slovak]', 'You are added as staff member', '', '{companyname} | CRM', NULL, 0, 1, 0),
(1391, 'client', 'contact-forgot-password', 'slovak', 'Forgot Password [slovak]', 'Create New Password', '', '{companyname} | CRM', NULL, 0, 1, 0),
(1392, 'client', 'contact-password-reseted', 'slovak', 'Password Reset - Confirmation [slovak]', 'Your password has been changed', '', '{companyname} | CRM', NULL, 0, 1, 0),
(1393, 'client', 'contact-set-password', 'slovak', 'Set New Password [slovak]', 'Set new password on {companyname} ', '', '{companyname} | CRM', NULL, 0, 1, 0),
(1394, 'staff', 'staff-forgot-password', 'slovak', 'Forgot Password [slovak]', 'Create New Password', '', '{companyname} | CRM', NULL, 0, 1, 0),
(1395, 'staff', 'staff-password-reseted', 'slovak', 'Password Reset - Confirmation [slovak]', 'Your password has been changed', '', '{companyname} | CRM', NULL, 0, 1, 0),
(1396, 'project', 'assigned-to-project', 'slovak', 'New Project Created (Sent to Customer Contacts) [slovak]', 'New Project Created', '', '{companyname} | CRM', NULL, 0, 1, 0),
(1397, 'tasks', 'task-added-attachment-to-contacts', 'slovak', 'New Attachment(s) on Task (Sent to Customer Contacts) [slovak]', 'New Attachment on Task - {task_name}', '', '{companyname} | CRM', NULL, 0, 1, 0),
(1398, 'tasks', 'task-commented-to-contacts', 'slovak', 'New Comment on Task (Sent to Customer Contacts) [slovak]', 'New Comment on Task - {task_name}', '', '{companyname} | CRM', NULL, 0, 1, 0),
(1399, 'leads', 'new-lead-assigned', 'slovak', 'New Lead Assigned to Staff Member [slovak]', 'New lead assigned to you', '', '{companyname} | CRM', NULL, 0, 1, 0),
(1400, 'client', 'client-statement', 'slovak', 'Statement - Account Summary [slovak]', 'Account Statement from {statement_from} to {statement_to}', '', '{companyname} | CRM', NULL, 0, 1, 0),
(1401, 'ticket', 'ticket-assigned-to-admin', 'slovak', 'New Ticket Assigned (Sent to Staff) [slovak]', 'New support ticket has been assigned to you', '', '{companyname} | CRM', NULL, 0, 1, 0),
(1402, 'client', 'new-client-registered-to-admin', 'slovak', 'New Customer Registration (Sent to admins) [slovak]', 'New Customer Registration', '', '{companyname} | CRM', NULL, 0, 1, 0),
(1403, 'leads', 'new-web-to-lead-form-submitted', 'slovak', 'Web to lead form submitted - Sent to lead [slovak]', '{lead_name} - We Received Your Request', '', '{companyname} | CRM', NULL, 0, 0, 0),
(1404, 'staff', 'two-factor-authentication', 'slovak', 'Two Factor Authentication [slovak]', 'Confirm Your Login', '', '{companyname} | CRM', NULL, 0, 1, 0),
(1405, 'project', 'project-finished-to-customer', 'slovak', 'Project Marked as Finished (Sent to Customer Contacts) [slovak]', 'Project Marked as Finished', '', '{companyname} | CRM', NULL, 0, 1, 0),
(1406, 'credit_note', 'credit-note-send-to-client', 'slovak', 'Send Credit Note To Email [slovak]', 'Credit Note With Number #{credit_note_number} Created', '', '{companyname} | CRM', NULL, 0, 1, 0),
(1407, 'tasks', 'task-status-change-to-staff', 'slovak', 'Task Status Changed (Sent to Staff) [slovak]', 'Task Status Changed', '', '{companyname} | CRM', NULL, 0, 1, 0),
(1408, 'tasks', 'task-status-change-to-contacts', 'slovak', 'Task Status Changed (Sent to Customer Contacts) [slovak]', 'Task Status Changed', '', '{companyname} | CRM', NULL, 0, 1, 0),
(1409, 'staff', 'reminder-email-staff', 'slovak', 'Staff Reminder Email [slovak]', 'You Have a New Reminder!', '', '{companyname} | CRM', NULL, 0, 1, 0),
(1410, 'contract', 'contract-comment-to-client', 'slovak', 'New Comment (Sent to Customer Contacts) [slovak]', 'New Contract Comment', '', '{companyname} | CRM', NULL, 0, 1, 0),
(1411, 'contract', 'contract-comment-to-admin', 'slovak', 'New Comment (Sent to Staff)  [slovak]', 'New Contract Comment', '', '{companyname} | CRM', NULL, 0, 1, 0),
(1412, 'subscriptions', 'send-subscription', 'slovak', 'Send Subscription to Customer [slovak]', 'Subscription Created', '', '{companyname} | CRM', NULL, 0, 1, 0),
(1413, 'subscriptions', 'subscription-payment-failed', 'slovak', 'Subscription Payment Failed [slovak]', 'Your most recent invoice payment failed', '', '{companyname} | CRM', NULL, 0, 1, 0),
(1414, 'subscriptions', 'subscription-canceled', 'slovak', 'Subscription Canceled (Sent to customer primary contact) [slovak]', 'Your subscription has been canceled', '', '{companyname} | CRM', NULL, 0, 1, 0),
(1415, 'subscriptions', 'subscription-payment-succeeded', 'slovak', 'Subscription Payment Succeeded (Sent to customer primary contact) [slovak]', 'Subscription  Payment Receipt - {subscription_name}', '', '{companyname} | CRM', NULL, 0, 1, 0),
(1416, 'contract', 'contract-expiration-to-staff', 'slovak', 'Contract Expiration Reminder (Sent to Staff) [slovak]', 'Contract Expiration Reminder', '', '{companyname} | CRM', NULL, 0, 1, 0),
(1417, 'gdpr', 'gdpr-removal-request', 'slovak', 'Removal Request From Contact (Sent to administrators) [slovak]', 'Data Removal Request Received', '', '{companyname} | CRM', NULL, 0, 1, 0);
INSERT INTO `tblemailtemplates` (`emailtemplateid`, `type`, `slug`, `language`, `name`, `subject`, `message`, `fromname`, `fromemail`, `plaintext`, `active`, `order`) VALUES
(1418, 'gdpr', 'gdpr-removal-request-lead', 'slovak', 'Removal Request From Lead (Sent to administrators) [slovak]', 'Data Removal Request Received', '', '{companyname} | CRM', NULL, 0, 1, 0),
(1419, 'client', 'client-registration-confirmed', 'slovak', 'Customer Registration Confirmed [slovak]', 'Your registration is confirmed', '', '{companyname} | CRM', NULL, 0, 1, 0),
(1420, 'contract', 'contract-signed-to-staff', 'slovak', 'Contract Signed (Sent to Staff) [slovak]', 'Customer Signed a Contract', '', '{companyname} | CRM', NULL, 0, 1, 0),
(1421, 'subscriptions', 'customer-subscribed-to-staff', 'slovak', 'Customer Subscribed to a Subscription (Sent to administrators and subscription creator) [slovak]', 'Customer Subscribed to a Subscription', '', '{companyname} | CRM', NULL, 0, 1, 0),
(1422, 'client', 'contact-verification-email', 'slovak', 'Email Verification (Sent to Contact After Registration) [slovak]', 'Verify Email Address', '', '{companyname} | CRM', NULL, 0, 1, 0),
(1423, 'client', 'new-customer-profile-file-uploaded-to-staff', 'slovak', 'New Customer Profile File(s) Uploaded (Sent to Staff) [slovak]', 'Customer Uploaded New File(s) in Profile', '', '{companyname} | CRM', NULL, 0, 1, 0),
(1424, 'staff', 'event-notification-to-staff', 'slovak', 'Event Notification (Calendar) [slovak]', 'Upcoming Event - {event_title}', '', '', NULL, 0, 1, 0),
(1425, 'subscriptions', 'subscription-payment-requires-action', 'slovak', 'Credit Card Authorization Required - SCA [slovak]', 'Important: Confirm your subscription {subscription_name} payment', '', '{companyname} | CRM', NULL, 0, 1, 0),
(1426, 'client', 'new-client-created', 'spanish', 'New Contact Added/Registered (Welcome Email) [spanish]', 'Welcome aboard', '', '{companyname} | CRM', NULL, 0, 1, 0),
(1427, 'invoice', 'invoice-send-to-client', 'spanish', 'Send Invoice to Customer [spanish]', 'Invoice with number {invoice_number} created', '', '{companyname} | CRM', NULL, 0, 1, 0),
(1428, 'ticket', 'new-ticket-opened-admin', 'spanish', 'New Ticket Opened (Opened by Staff, Sent to Customer) [spanish]', 'New Support Ticket Opened', '', '{companyname} | CRM', NULL, 0, 1, 0),
(1429, 'ticket', 'ticket-reply', 'spanish', 'Ticket Reply (Sent to Customer) [spanish]', 'New Ticket Reply', '', '{companyname} | CRM', NULL, 0, 1, 0),
(1430, 'ticket', 'ticket-autoresponse', 'spanish', 'New Ticket Opened - Autoresponse [spanish]', 'New Support Ticket Opened', '', '{companyname} | CRM', NULL, 0, 1, 0),
(1431, 'invoice', 'invoice-payment-recorded', 'spanish', 'Invoice Payment Recorded (Sent to Customer) [spanish]', 'Invoice Payment Recorded', '', '{companyname} | CRM', NULL, 0, 1, 0),
(1432, 'invoice', 'invoice-overdue-notice', 'spanish', 'Invoice Overdue Notice [spanish]', 'Invoice Overdue Notice - {invoice_number}', '', '{companyname} | CRM', NULL, 0, 1, 0),
(1433, 'invoice', 'invoice-already-send', 'spanish', 'Invoice Already Sent to Customer [spanish]', 'Invoice # {invoice_number} ', '', '{companyname} | CRM', NULL, 0, 1, 0),
(1434, 'ticket', 'new-ticket-created-staff', 'spanish', 'New Ticket Created (Opened by Customer, Sent to Staff Members) [spanish]', 'New Ticket Created', '', '{companyname} | CRM', NULL, 0, 1, 0),
(1435, 'estimate', 'estimate-send-to-client', 'spanish', 'Send Estimate to Customer [spanish]', 'Estimate # {estimate_number} created', '', '{companyname} | CRM', NULL, 0, 1, 0),
(1436, 'ticket', 'ticket-reply-to-admin', 'spanish', 'Ticket Reply (Sent to Staff) [spanish]', 'New Support Ticket Reply', '', '{companyname} | CRM', NULL, 0, 1, 0),
(1437, 'estimate', 'estimate-already-send', 'spanish', 'Estimate Already Sent to Customer [spanish]', 'Estimate # {estimate_number} ', '', '{companyname} | CRM', NULL, 0, 1, 0),
(1438, 'contract', 'contract-expiration', 'spanish', 'Contract Expiration Reminder (Sent to Customer Contacts) [spanish]', 'Contract Expiration Reminder', '', '{companyname} | CRM', NULL, 0, 1, 0),
(1439, 'tasks', 'task-assigned', 'spanish', 'New Task Assigned (Sent to Staff) [spanish]', 'New Task Assigned to You - {task_name}', '', '{companyname} | CRM', NULL, 0, 1, 0),
(1440, 'tasks', 'task-added-as-follower', 'spanish', 'Staff Member Added as Follower on Task (Sent to Staff) [spanish]', 'You are added as follower on task - {task_name}', '', '{companyname} | CRM', NULL, 0, 1, 0),
(1441, 'tasks', 'task-commented', 'spanish', 'New Comment on Task (Sent to Staff) [spanish]', 'New Comment on Task - {task_name}', '', '{companyname} | CRM', NULL, 0, 1, 0),
(1442, 'tasks', 'task-added-attachment', 'spanish', 'New Attachment(s) on Task (Sent to Staff) [spanish]', 'New Attachment on Task - {task_name}', '', '{companyname} | CRM', NULL, 0, 1, 0),
(1443, 'estimate', 'estimate-declined-to-staff', 'spanish', 'Estimate Declined (Sent to Staff) [spanish]', 'Customer Declined Estimate', '', '{companyname} | CRM', NULL, 0, 1, 0),
(1444, 'estimate', 'estimate-accepted-to-staff', 'spanish', 'Estimate Accepted (Sent to Staff) [spanish]', 'Customer Accepted Estimate', '', '{companyname} | CRM', NULL, 0, 1, 0),
(1445, 'proposals', 'proposal-client-accepted', 'spanish', 'Customer Action - Accepted (Sent to Staff) [spanish]', 'Customer Accepted Proposal', '', '{companyname} | CRM', NULL, 0, 1, 0),
(1446, 'proposals', 'proposal-send-to-customer', 'spanish', 'Send Proposal to Customer [spanish]', 'Proposal With Number {proposal_number} Created', '', '{companyname} | CRM', NULL, 0, 1, 0),
(1447, 'proposals', 'proposal-client-declined', 'spanish', 'Customer Action - Declined (Sent to Staff) [spanish]', 'Client Declined Proposal', '', '{companyname} | CRM', NULL, 0, 1, 0),
(1448, 'proposals', 'proposal-client-thank-you', 'spanish', 'Thank You Email (Sent to Customer After Accept) [spanish]', 'Thank for you accepting proposal', '', '{companyname} | CRM', NULL, 0, 1, 0),
(1449, 'proposals', 'proposal-comment-to-client', 'spanish', 'New Comment (Sent to Customer/Lead) [spanish]', 'New Proposal Comment', '', '{companyname} | CRM', NULL, 0, 1, 0),
(1450, 'proposals', 'proposal-comment-to-admin', 'spanish', 'New Comment (Sent to Staff)  [spanish]', 'New Proposal Comment', '', '{companyname} | CRM', NULL, 0, 1, 0),
(1451, 'estimate', 'estimate-thank-you-to-customer', 'spanish', 'Thank You Email (Sent to Customer After Accept) [spanish]', 'Thank for you accepting estimate', '', '{companyname} | CRM', NULL, 0, 1, 0),
(1452, 'tasks', 'task-deadline-notification', 'spanish', 'Task Deadline Reminder - Sent to Assigned Members [spanish]', 'Task Deadline Reminder', '', '{companyname} | CRM', NULL, 0, 1, 0),
(1453, 'contract', 'send-contract', 'spanish', 'Send Contract to Customer [spanish]', 'Contract - {contract_subject}', '', '{companyname} | CRM', NULL, 0, 1, 0),
(1454, 'invoice', 'invoice-payment-recorded-to-staff', 'spanish', 'Invoice Payment Recorded (Sent to Staff) [spanish]', 'New Invoice Payment', '', '{companyname} | CRM', NULL, 0, 1, 0),
(1455, 'ticket', 'auto-close-ticket', 'spanish', 'Auto Close Ticket [spanish]', 'Ticket Auto Closed', '', '{companyname} | CRM', NULL, 0, 1, 0),
(1456, 'project', 'new-project-discussion-created-to-staff', 'spanish', 'New Project Discussion (Sent to Project Members) [spanish]', 'New Project Discussion Created - {project_name}', '', '{companyname} | CRM', NULL, 0, 1, 0),
(1457, 'project', 'new-project-discussion-created-to-customer', 'spanish', 'New Project Discussion (Sent to Customer Contacts) [spanish]', 'New Project Discussion Created - {project_name}', '', '{companyname} | CRM', NULL, 0, 1, 0),
(1458, 'project', 'new-project-file-uploaded-to-customer', 'spanish', 'New Project File(s) Uploaded (Sent to Customer Contacts) [spanish]', 'New Project File(s) Uploaded - {project_name}', '', '{companyname} | CRM', NULL, 0, 1, 0),
(1459, 'project', 'new-project-file-uploaded-to-staff', 'spanish', 'New Project File(s) Uploaded (Sent to Project Members) [spanish]', 'New Project File(s) Uploaded - {project_name}', '', '{companyname} | CRM', NULL, 0, 1, 0),
(1460, 'project', 'new-project-discussion-comment-to-customer', 'spanish', 'New Discussion Comment  (Sent to Customer Contacts) [spanish]', 'New Discussion Comment', '', '{companyname} | CRM', NULL, 0, 1, 0),
(1461, 'project', 'new-project-discussion-comment-to-staff', 'spanish', 'New Discussion Comment (Sent to Project Members) [spanish]', 'New Discussion Comment', '', '{companyname} | CRM', NULL, 0, 1, 0),
(1462, 'project', 'staff-added-as-project-member', 'spanish', 'Staff Added as Project Member [spanish]', 'New project assigned to you', '', '{companyname} | CRM', NULL, 0, 1, 0),
(1463, 'estimate', 'estimate-expiry-reminder', 'spanish', 'Estimate Expiration Reminder [spanish]', 'Estimate Expiration Reminder', '', '{companyname} | CRM', NULL, 0, 1, 0),
(1464, 'proposals', 'proposal-expiry-reminder', 'spanish', 'Proposal Expiration Reminder [spanish]', 'Proposal Expiration Reminder', '', '{companyname} | CRM', NULL, 0, 1, 0),
(1465, 'staff', 'new-staff-created', 'spanish', 'New Staff Created (Welcome Email) [spanish]', 'You are added as staff member', '', '{companyname} | CRM', NULL, 0, 1, 0),
(1466, 'client', 'contact-forgot-password', 'spanish', 'Forgot Password [spanish]', 'Create New Password', '', '{companyname} | CRM', NULL, 0, 1, 0),
(1467, 'client', 'contact-password-reseted', 'spanish', 'Password Reset - Confirmation [spanish]', 'Your password has been changed', '', '{companyname} | CRM', NULL, 0, 1, 0),
(1468, 'client', 'contact-set-password', 'spanish', 'Set New Password [spanish]', 'Set new password on {companyname} ', '', '{companyname} | CRM', NULL, 0, 1, 0),
(1469, 'staff', 'staff-forgot-password', 'spanish', 'Forgot Password [spanish]', 'Create New Password', '', '{companyname} | CRM', NULL, 0, 1, 0),
(1470, 'staff', 'staff-password-reseted', 'spanish', 'Password Reset - Confirmation [spanish]', 'Your password has been changed', '', '{companyname} | CRM', NULL, 0, 1, 0),
(1471, 'project', 'assigned-to-project', 'spanish', 'New Project Created (Sent to Customer Contacts) [spanish]', 'New Project Created', '', '{companyname} | CRM', NULL, 0, 1, 0),
(1472, 'tasks', 'task-added-attachment-to-contacts', 'spanish', 'New Attachment(s) on Task (Sent to Customer Contacts) [spanish]', 'New Attachment on Task - {task_name}', '', '{companyname} | CRM', NULL, 0, 1, 0),
(1473, 'tasks', 'task-commented-to-contacts', 'spanish', 'New Comment on Task (Sent to Customer Contacts) [spanish]', 'New Comment on Task - {task_name}', '', '{companyname} | CRM', NULL, 0, 1, 0),
(1474, 'leads', 'new-lead-assigned', 'spanish', 'New Lead Assigned to Staff Member [spanish]', 'New lead assigned to you', '', '{companyname} | CRM', NULL, 0, 1, 0),
(1475, 'client', 'client-statement', 'spanish', 'Statement - Account Summary [spanish]', 'Account Statement from {statement_from} to {statement_to}', '', '{companyname} | CRM', NULL, 0, 1, 0),
(1476, 'ticket', 'ticket-assigned-to-admin', 'spanish', 'New Ticket Assigned (Sent to Staff) [spanish]', 'New support ticket has been assigned to you', '', '{companyname} | CRM', NULL, 0, 1, 0),
(1477, 'client', 'new-client-registered-to-admin', 'spanish', 'New Customer Registration (Sent to admins) [spanish]', 'New Customer Registration', '', '{companyname} | CRM', NULL, 0, 1, 0),
(1478, 'leads', 'new-web-to-lead-form-submitted', 'spanish', 'Web to lead form submitted - Sent to lead [spanish]', '{lead_name} - We Received Your Request', '', '{companyname} | CRM', NULL, 0, 0, 0),
(1479, 'staff', 'two-factor-authentication', 'spanish', 'Two Factor Authentication [spanish]', 'Confirm Your Login', '', '{companyname} | CRM', NULL, 0, 1, 0),
(1480, 'project', 'project-finished-to-customer', 'spanish', 'Project Marked as Finished (Sent to Customer Contacts) [spanish]', 'Project Marked as Finished', '', '{companyname} | CRM', NULL, 0, 1, 0),
(1481, 'credit_note', 'credit-note-send-to-client', 'spanish', 'Send Credit Note To Email [spanish]', 'Credit Note With Number #{credit_note_number} Created', '', '{companyname} | CRM', NULL, 0, 1, 0),
(1482, 'tasks', 'task-status-change-to-staff', 'spanish', 'Task Status Changed (Sent to Staff) [spanish]', 'Task Status Changed', '', '{companyname} | CRM', NULL, 0, 1, 0),
(1483, 'tasks', 'task-status-change-to-contacts', 'spanish', 'Task Status Changed (Sent to Customer Contacts) [spanish]', 'Task Status Changed', '', '{companyname} | CRM', NULL, 0, 1, 0),
(1484, 'staff', 'reminder-email-staff', 'spanish', 'Staff Reminder Email [spanish]', 'You Have a New Reminder!', '', '{companyname} | CRM', NULL, 0, 1, 0),
(1485, 'contract', 'contract-comment-to-client', 'spanish', 'New Comment (Sent to Customer Contacts) [spanish]', 'New Contract Comment', '', '{companyname} | CRM', NULL, 0, 1, 0),
(1486, 'contract', 'contract-comment-to-admin', 'spanish', 'New Comment (Sent to Staff)  [spanish]', 'New Contract Comment', '', '{companyname} | CRM', NULL, 0, 1, 0),
(1487, 'subscriptions', 'send-subscription', 'spanish', 'Send Subscription to Customer [spanish]', 'Subscription Created', '', '{companyname} | CRM', NULL, 0, 1, 0),
(1488, 'subscriptions', 'subscription-payment-failed', 'spanish', 'Subscription Payment Failed [spanish]', 'Your most recent invoice payment failed', '', '{companyname} | CRM', NULL, 0, 1, 0),
(1489, 'subscriptions', 'subscription-canceled', 'spanish', 'Subscription Canceled (Sent to customer primary contact) [spanish]', 'Your subscription has been canceled', '', '{companyname} | CRM', NULL, 0, 1, 0),
(1490, 'subscriptions', 'subscription-payment-succeeded', 'spanish', 'Subscription Payment Succeeded (Sent to customer primary contact) [spanish]', 'Subscription  Payment Receipt - {subscription_name}', '', '{companyname} | CRM', NULL, 0, 1, 0),
(1491, 'contract', 'contract-expiration-to-staff', 'spanish', 'Contract Expiration Reminder (Sent to Staff) [spanish]', 'Contract Expiration Reminder', '', '{companyname} | CRM', NULL, 0, 1, 0),
(1492, 'gdpr', 'gdpr-removal-request', 'spanish', 'Removal Request From Contact (Sent to administrators) [spanish]', 'Data Removal Request Received', '', '{companyname} | CRM', NULL, 0, 1, 0),
(1493, 'gdpr', 'gdpr-removal-request-lead', 'spanish', 'Removal Request From Lead (Sent to administrators) [spanish]', 'Data Removal Request Received', '', '{companyname} | CRM', NULL, 0, 1, 0),
(1494, 'client', 'client-registration-confirmed', 'spanish', 'Customer Registration Confirmed [spanish]', 'Your registration is confirmed', '', '{companyname} | CRM', NULL, 0, 1, 0),
(1495, 'contract', 'contract-signed-to-staff', 'spanish', 'Contract Signed (Sent to Staff) [spanish]', 'Customer Signed a Contract', '', '{companyname} | CRM', NULL, 0, 1, 0),
(1496, 'subscriptions', 'customer-subscribed-to-staff', 'spanish', 'Customer Subscribed to a Subscription (Sent to administrators and subscription creator) [spanish]', 'Customer Subscribed to a Subscription', '', '{companyname} | CRM', NULL, 0, 1, 0),
(1497, 'client', 'contact-verification-email', 'spanish', 'Email Verification (Sent to Contact After Registration) [spanish]', 'Verify Email Address', '', '{companyname} | CRM', NULL, 0, 1, 0),
(1498, 'client', 'new-customer-profile-file-uploaded-to-staff', 'spanish', 'New Customer Profile File(s) Uploaded (Sent to Staff) [spanish]', 'Customer Uploaded New File(s) in Profile', '', '{companyname} | CRM', NULL, 0, 1, 0),
(1499, 'staff', 'event-notification-to-staff', 'spanish', 'Event Notification (Calendar) [spanish]', 'Upcoming Event - {event_title}', '', '', NULL, 0, 1, 0),
(1500, 'subscriptions', 'subscription-payment-requires-action', 'spanish', 'Credit Card Authorization Required - SCA [spanish]', 'Important: Confirm your subscription {subscription_name} payment', '', '{companyname} | CRM', NULL, 0, 1, 0),
(1501, 'client', 'new-client-created', 'swedish', 'New Contact Added/Registered (Welcome Email) [swedish]', 'Welcome aboard', '', '{companyname} | CRM', NULL, 0, 1, 0),
(1502, 'invoice', 'invoice-send-to-client', 'swedish', 'Send Invoice to Customer [swedish]', 'Invoice with number {invoice_number} created', '', '{companyname} | CRM', NULL, 0, 1, 0),
(1503, 'ticket', 'new-ticket-opened-admin', 'swedish', 'New Ticket Opened (Opened by Staff, Sent to Customer) [swedish]', 'New Support Ticket Opened', '', '{companyname} | CRM', NULL, 0, 1, 0),
(1504, 'ticket', 'ticket-reply', 'swedish', 'Ticket Reply (Sent to Customer) [swedish]', 'New Ticket Reply', '', '{companyname} | CRM', NULL, 0, 1, 0),
(1505, 'ticket', 'ticket-autoresponse', 'swedish', 'New Ticket Opened - Autoresponse [swedish]', 'New Support Ticket Opened', '', '{companyname} | CRM', NULL, 0, 1, 0),
(1506, 'invoice', 'invoice-payment-recorded', 'swedish', 'Invoice Payment Recorded (Sent to Customer) [swedish]', 'Invoice Payment Recorded', '', '{companyname} | CRM', NULL, 0, 1, 0),
(1507, 'invoice', 'invoice-overdue-notice', 'swedish', 'Invoice Overdue Notice [swedish]', 'Invoice Overdue Notice - {invoice_number}', '', '{companyname} | CRM', NULL, 0, 1, 0),
(1508, 'invoice', 'invoice-already-send', 'swedish', 'Invoice Already Sent to Customer [swedish]', 'Invoice # {invoice_number} ', '', '{companyname} | CRM', NULL, 0, 1, 0),
(1509, 'ticket', 'new-ticket-created-staff', 'swedish', 'New Ticket Created (Opened by Customer, Sent to Staff Members) [swedish]', 'New Ticket Created', '', '{companyname} | CRM', NULL, 0, 1, 0),
(1510, 'estimate', 'estimate-send-to-client', 'swedish', 'Send Estimate to Customer [swedish]', 'Estimate # {estimate_number} created', '', '{companyname} | CRM', NULL, 0, 1, 0),
(1511, 'ticket', 'ticket-reply-to-admin', 'swedish', 'Ticket Reply (Sent to Staff) [swedish]', 'New Support Ticket Reply', '', '{companyname} | CRM', NULL, 0, 1, 0),
(1512, 'estimate', 'estimate-already-send', 'swedish', 'Estimate Already Sent to Customer [swedish]', 'Estimate # {estimate_number} ', '', '{companyname} | CRM', NULL, 0, 1, 0),
(1513, 'contract', 'contract-expiration', 'swedish', 'Contract Expiration Reminder (Sent to Customer Contacts) [swedish]', 'Contract Expiration Reminder', '', '{companyname} | CRM', NULL, 0, 1, 0),
(1514, 'tasks', 'task-assigned', 'swedish', 'New Task Assigned (Sent to Staff) [swedish]', 'New Task Assigned to You - {task_name}', '', '{companyname} | CRM', NULL, 0, 1, 0),
(1515, 'tasks', 'task-added-as-follower', 'swedish', 'Staff Member Added as Follower on Task (Sent to Staff) [swedish]', 'You are added as follower on task - {task_name}', '', '{companyname} | CRM', NULL, 0, 1, 0),
(1516, 'tasks', 'task-commented', 'swedish', 'New Comment on Task (Sent to Staff) [swedish]', 'New Comment on Task - {task_name}', '', '{companyname} | CRM', NULL, 0, 1, 0),
(1517, 'tasks', 'task-added-attachment', 'swedish', 'New Attachment(s) on Task (Sent to Staff) [swedish]', 'New Attachment on Task - {task_name}', '', '{companyname} | CRM', NULL, 0, 1, 0),
(1518, 'estimate', 'estimate-declined-to-staff', 'swedish', 'Estimate Declined (Sent to Staff) [swedish]', 'Customer Declined Estimate', '', '{companyname} | CRM', NULL, 0, 1, 0),
(1519, 'estimate', 'estimate-accepted-to-staff', 'swedish', 'Estimate Accepted (Sent to Staff) [swedish]', 'Customer Accepted Estimate', '', '{companyname} | CRM', NULL, 0, 1, 0),
(1520, 'proposals', 'proposal-client-accepted', 'swedish', 'Customer Action - Accepted (Sent to Staff) [swedish]', 'Customer Accepted Proposal', '', '{companyname} | CRM', NULL, 0, 1, 0),
(1521, 'proposals', 'proposal-send-to-customer', 'swedish', 'Send Proposal to Customer [swedish]', 'Proposal With Number {proposal_number} Created', '', '{companyname} | CRM', NULL, 0, 1, 0),
(1522, 'proposals', 'proposal-client-declined', 'swedish', 'Customer Action - Declined (Sent to Staff) [swedish]', 'Client Declined Proposal', '', '{companyname} | CRM', NULL, 0, 1, 0),
(1523, 'proposals', 'proposal-client-thank-you', 'swedish', 'Thank You Email (Sent to Customer After Accept) [swedish]', 'Thank for you accepting proposal', '', '{companyname} | CRM', NULL, 0, 1, 0),
(1524, 'proposals', 'proposal-comment-to-client', 'swedish', 'New Comment (Sent to Customer/Lead) [swedish]', 'New Proposal Comment', '', '{companyname} | CRM', NULL, 0, 1, 0),
(1525, 'proposals', 'proposal-comment-to-admin', 'swedish', 'New Comment (Sent to Staff)  [swedish]', 'New Proposal Comment', '', '{companyname} | CRM', NULL, 0, 1, 0),
(1526, 'estimate', 'estimate-thank-you-to-customer', 'swedish', 'Thank You Email (Sent to Customer After Accept) [swedish]', 'Thank for you accepting estimate', '', '{companyname} | CRM', NULL, 0, 1, 0),
(1527, 'tasks', 'task-deadline-notification', 'swedish', 'Task Deadline Reminder - Sent to Assigned Members [swedish]', 'Task Deadline Reminder', '', '{companyname} | CRM', NULL, 0, 1, 0),
(1528, 'contract', 'send-contract', 'swedish', 'Send Contract to Customer [swedish]', 'Contract - {contract_subject}', '', '{companyname} | CRM', NULL, 0, 1, 0),
(1529, 'invoice', 'invoice-payment-recorded-to-staff', 'swedish', 'Invoice Payment Recorded (Sent to Staff) [swedish]', 'New Invoice Payment', '', '{companyname} | CRM', NULL, 0, 1, 0),
(1530, 'ticket', 'auto-close-ticket', 'swedish', 'Auto Close Ticket [swedish]', 'Ticket Auto Closed', '', '{companyname} | CRM', NULL, 0, 1, 0),
(1531, 'project', 'new-project-discussion-created-to-staff', 'swedish', 'New Project Discussion (Sent to Project Members) [swedish]', 'New Project Discussion Created - {project_name}', '', '{companyname} | CRM', NULL, 0, 1, 0),
(1532, 'project', 'new-project-discussion-created-to-customer', 'swedish', 'New Project Discussion (Sent to Customer Contacts) [swedish]', 'New Project Discussion Created - {project_name}', '', '{companyname} | CRM', NULL, 0, 1, 0),
(1533, 'project', 'new-project-file-uploaded-to-customer', 'swedish', 'New Project File(s) Uploaded (Sent to Customer Contacts) [swedish]', 'New Project File(s) Uploaded - {project_name}', '', '{companyname} | CRM', NULL, 0, 1, 0),
(1534, 'project', 'new-project-file-uploaded-to-staff', 'swedish', 'New Project File(s) Uploaded (Sent to Project Members) [swedish]', 'New Project File(s) Uploaded - {project_name}', '', '{companyname} | CRM', NULL, 0, 1, 0),
(1535, 'project', 'new-project-discussion-comment-to-customer', 'swedish', 'New Discussion Comment  (Sent to Customer Contacts) [swedish]', 'New Discussion Comment', '', '{companyname} | CRM', NULL, 0, 1, 0),
(1536, 'project', 'new-project-discussion-comment-to-staff', 'swedish', 'New Discussion Comment (Sent to Project Members) [swedish]', 'New Discussion Comment', '', '{companyname} | CRM', NULL, 0, 1, 0),
(1537, 'project', 'staff-added-as-project-member', 'swedish', 'Staff Added as Project Member [swedish]', 'New project assigned to you', '', '{companyname} | CRM', NULL, 0, 1, 0),
(1538, 'estimate', 'estimate-expiry-reminder', 'swedish', 'Estimate Expiration Reminder [swedish]', 'Estimate Expiration Reminder', '', '{companyname} | CRM', NULL, 0, 1, 0),
(1539, 'proposals', 'proposal-expiry-reminder', 'swedish', 'Proposal Expiration Reminder [swedish]', 'Proposal Expiration Reminder', '', '{companyname} | CRM', NULL, 0, 1, 0),
(1540, 'staff', 'new-staff-created', 'swedish', 'New Staff Created (Welcome Email) [swedish]', 'You are added as staff member', '', '{companyname} | CRM', NULL, 0, 1, 0),
(1541, 'client', 'contact-forgot-password', 'swedish', 'Forgot Password [swedish]', 'Create New Password', '', '{companyname} | CRM', NULL, 0, 1, 0),
(1542, 'client', 'contact-password-reseted', 'swedish', 'Password Reset - Confirmation [swedish]', 'Your password has been changed', '', '{companyname} | CRM', NULL, 0, 1, 0),
(1543, 'client', 'contact-set-password', 'swedish', 'Set New Password [swedish]', 'Set new password on {companyname} ', '', '{companyname} | CRM', NULL, 0, 1, 0),
(1544, 'staff', 'staff-forgot-password', 'swedish', 'Forgot Password [swedish]', 'Create New Password', '', '{companyname} | CRM', NULL, 0, 1, 0),
(1545, 'staff', 'staff-password-reseted', 'swedish', 'Password Reset - Confirmation [swedish]', 'Your password has been changed', '', '{companyname} | CRM', NULL, 0, 1, 0),
(1546, 'project', 'assigned-to-project', 'swedish', 'New Project Created (Sent to Customer Contacts) [swedish]', 'New Project Created', '', '{companyname} | CRM', NULL, 0, 1, 0),
(1547, 'tasks', 'task-added-attachment-to-contacts', 'swedish', 'New Attachment(s) on Task (Sent to Customer Contacts) [swedish]', 'New Attachment on Task - {task_name}', '', '{companyname} | CRM', NULL, 0, 1, 0),
(1548, 'tasks', 'task-commented-to-contacts', 'swedish', 'New Comment on Task (Sent to Customer Contacts) [swedish]', 'New Comment on Task - {task_name}', '', '{companyname} | CRM', NULL, 0, 1, 0),
(1549, 'leads', 'new-lead-assigned', 'swedish', 'New Lead Assigned to Staff Member [swedish]', 'New lead assigned to you', '', '{companyname} | CRM', NULL, 0, 1, 0),
(1550, 'client', 'client-statement', 'swedish', 'Statement - Account Summary [swedish]', 'Account Statement from {statement_from} to {statement_to}', '', '{companyname} | CRM', NULL, 0, 1, 0),
(1551, 'ticket', 'ticket-assigned-to-admin', 'swedish', 'New Ticket Assigned (Sent to Staff) [swedish]', 'New support ticket has been assigned to you', '', '{companyname} | CRM', NULL, 0, 1, 0),
(1552, 'client', 'new-client-registered-to-admin', 'swedish', 'New Customer Registration (Sent to admins) [swedish]', 'New Customer Registration', '', '{companyname} | CRM', NULL, 0, 1, 0),
(1553, 'leads', 'new-web-to-lead-form-submitted', 'swedish', 'Web to lead form submitted - Sent to lead [swedish]', '{lead_name} - We Received Your Request', '', '{companyname} | CRM', NULL, 0, 0, 0),
(1554, 'staff', 'two-factor-authentication', 'swedish', 'Two Factor Authentication [swedish]', 'Confirm Your Login', '', '{companyname} | CRM', NULL, 0, 1, 0),
(1555, 'project', 'project-finished-to-customer', 'swedish', 'Project Marked as Finished (Sent to Customer Contacts) [swedish]', 'Project Marked as Finished', '', '{companyname} | CRM', NULL, 0, 1, 0),
(1556, 'credit_note', 'credit-note-send-to-client', 'swedish', 'Send Credit Note To Email [swedish]', 'Credit Note With Number #{credit_note_number} Created', '', '{companyname} | CRM', NULL, 0, 1, 0),
(1557, 'tasks', 'task-status-change-to-staff', 'swedish', 'Task Status Changed (Sent to Staff) [swedish]', 'Task Status Changed', '', '{companyname} | CRM', NULL, 0, 1, 0),
(1558, 'tasks', 'task-status-change-to-contacts', 'swedish', 'Task Status Changed (Sent to Customer Contacts) [swedish]', 'Task Status Changed', '', '{companyname} | CRM', NULL, 0, 1, 0),
(1559, 'staff', 'reminder-email-staff', 'swedish', 'Staff Reminder Email [swedish]', 'You Have a New Reminder!', '', '{companyname} | CRM', NULL, 0, 1, 0),
(1560, 'contract', 'contract-comment-to-client', 'swedish', 'New Comment (Sent to Customer Contacts) [swedish]', 'New Contract Comment', '', '{companyname} | CRM', NULL, 0, 1, 0),
(1561, 'contract', 'contract-comment-to-admin', 'swedish', 'New Comment (Sent to Staff)  [swedish]', 'New Contract Comment', '', '{companyname} | CRM', NULL, 0, 1, 0),
(1562, 'subscriptions', 'send-subscription', 'swedish', 'Send Subscription to Customer [swedish]', 'Subscription Created', '', '{companyname} | CRM', NULL, 0, 1, 0),
(1563, 'subscriptions', 'subscription-payment-failed', 'swedish', 'Subscription Payment Failed [swedish]', 'Your most recent invoice payment failed', '', '{companyname} | CRM', NULL, 0, 1, 0),
(1564, 'subscriptions', 'subscription-canceled', 'swedish', 'Subscription Canceled (Sent to customer primary contact) [swedish]', 'Your subscription has been canceled', '', '{companyname} | CRM', NULL, 0, 1, 0),
(1565, 'subscriptions', 'subscription-payment-succeeded', 'swedish', 'Subscription Payment Succeeded (Sent to customer primary contact) [swedish]', 'Subscription  Payment Receipt - {subscription_name}', '', '{companyname} | CRM', NULL, 0, 1, 0),
(1566, 'contract', 'contract-expiration-to-staff', 'swedish', 'Contract Expiration Reminder (Sent to Staff) [swedish]', 'Contract Expiration Reminder', '', '{companyname} | CRM', NULL, 0, 1, 0),
(1567, 'gdpr', 'gdpr-removal-request', 'swedish', 'Removal Request From Contact (Sent to administrators) [swedish]', 'Data Removal Request Received', '', '{companyname} | CRM', NULL, 0, 1, 0),
(1568, 'gdpr', 'gdpr-removal-request-lead', 'swedish', 'Removal Request From Lead (Sent to administrators) [swedish]', 'Data Removal Request Received', '', '{companyname} | CRM', NULL, 0, 1, 0),
(1569, 'client', 'client-registration-confirmed', 'swedish', 'Customer Registration Confirmed [swedish]', 'Your registration is confirmed', '', '{companyname} | CRM', NULL, 0, 1, 0),
(1570, 'contract', 'contract-signed-to-staff', 'swedish', 'Contract Signed (Sent to Staff) [swedish]', 'Customer Signed a Contract', '', '{companyname} | CRM', NULL, 0, 1, 0),
(1571, 'subscriptions', 'customer-subscribed-to-staff', 'swedish', 'Customer Subscribed to a Subscription (Sent to administrators and subscription creator) [swedish]', 'Customer Subscribed to a Subscription', '', '{companyname} | CRM', NULL, 0, 1, 0),
(1572, 'client', 'contact-verification-email', 'swedish', 'Email Verification (Sent to Contact After Registration) [swedish]', 'Verify Email Address', '', '{companyname} | CRM', NULL, 0, 1, 0),
(1573, 'client', 'new-customer-profile-file-uploaded-to-staff', 'swedish', 'New Customer Profile File(s) Uploaded (Sent to Staff) [swedish]', 'Customer Uploaded New File(s) in Profile', '', '{companyname} | CRM', NULL, 0, 1, 0),
(1574, 'staff', 'event-notification-to-staff', 'swedish', 'Event Notification (Calendar) [swedish]', 'Upcoming Event - {event_title}', '', '', NULL, 0, 1, 0),
(1575, 'subscriptions', 'subscription-payment-requires-action', 'swedish', 'Credit Card Authorization Required - SCA [swedish]', 'Important: Confirm your subscription {subscription_name} payment', '', '{companyname} | CRM', NULL, 0, 1, 0),
(1576, 'client', 'new-client-created', 'turkish', 'New Contact Added/Registered (Welcome Email) [turkish]', 'Welcome aboard', '', '{companyname} | CRM', NULL, 0, 1, 0),
(1577, 'invoice', 'invoice-send-to-client', 'turkish', 'Send Invoice to Customer [turkish]', 'Invoice with number {invoice_number} created', '', '{companyname} | CRM', NULL, 0, 1, 0),
(1578, 'ticket', 'new-ticket-opened-admin', 'turkish', 'New Ticket Opened (Opened by Staff, Sent to Customer) [turkish]', 'New Support Ticket Opened', '', '{companyname} | CRM', NULL, 0, 1, 0),
(1579, 'ticket', 'ticket-reply', 'turkish', 'Ticket Reply (Sent to Customer) [turkish]', 'New Ticket Reply', '', '{companyname} | CRM', NULL, 0, 1, 0),
(1580, 'ticket', 'ticket-autoresponse', 'turkish', 'New Ticket Opened - Autoresponse [turkish]', 'New Support Ticket Opened', '', '{companyname} | CRM', NULL, 0, 1, 0),
(1581, 'invoice', 'invoice-payment-recorded', 'turkish', 'Invoice Payment Recorded (Sent to Customer) [turkish]', 'Invoice Payment Recorded', '', '{companyname} | CRM', NULL, 0, 1, 0),
(1582, 'invoice', 'invoice-overdue-notice', 'turkish', 'Invoice Overdue Notice [turkish]', 'Invoice Overdue Notice - {invoice_number}', '', '{companyname} | CRM', NULL, 0, 1, 0),
(1583, 'invoice', 'invoice-already-send', 'turkish', 'Invoice Already Sent to Customer [turkish]', 'Invoice # {invoice_number} ', '', '{companyname} | CRM', NULL, 0, 1, 0),
(1584, 'ticket', 'new-ticket-created-staff', 'turkish', 'New Ticket Created (Opened by Customer, Sent to Staff Members) [turkish]', 'New Ticket Created', '', '{companyname} | CRM', NULL, 0, 1, 0),
(1585, 'estimate', 'estimate-send-to-client', 'turkish', 'Send Estimate to Customer [turkish]', 'Estimate # {estimate_number} created', '', '{companyname} | CRM', NULL, 0, 1, 0),
(1586, 'ticket', 'ticket-reply-to-admin', 'turkish', 'Ticket Reply (Sent to Staff) [turkish]', 'New Support Ticket Reply', '', '{companyname} | CRM', NULL, 0, 1, 0),
(1587, 'estimate', 'estimate-already-send', 'turkish', 'Estimate Already Sent to Customer [turkish]', 'Estimate # {estimate_number} ', '', '{companyname} | CRM', NULL, 0, 1, 0),
(1588, 'contract', 'contract-expiration', 'turkish', 'Contract Expiration Reminder (Sent to Customer Contacts) [turkish]', 'Contract Expiration Reminder', '', '{companyname} | CRM', NULL, 0, 1, 0),
(1589, 'tasks', 'task-assigned', 'turkish', 'New Task Assigned (Sent to Staff) [turkish]', 'New Task Assigned to You - {task_name}', '', '{companyname} | CRM', NULL, 0, 1, 0),
(1590, 'tasks', 'task-added-as-follower', 'turkish', 'Staff Member Added as Follower on Task (Sent to Staff) [turkish]', 'You are added as follower on task - {task_name}', '', '{companyname} | CRM', NULL, 0, 1, 0),
(1591, 'tasks', 'task-commented', 'turkish', 'New Comment on Task (Sent to Staff) [turkish]', 'New Comment on Task - {task_name}', '', '{companyname} | CRM', NULL, 0, 1, 0),
(1592, 'tasks', 'task-added-attachment', 'turkish', 'New Attachment(s) on Task (Sent to Staff) [turkish]', 'New Attachment on Task - {task_name}', '', '{companyname} | CRM', NULL, 0, 1, 0),
(1593, 'estimate', 'estimate-declined-to-staff', 'turkish', 'Estimate Declined (Sent to Staff) [turkish]', 'Customer Declined Estimate', '', '{companyname} | CRM', NULL, 0, 1, 0),
(1594, 'estimate', 'estimate-accepted-to-staff', 'turkish', 'Estimate Accepted (Sent to Staff) [turkish]', 'Customer Accepted Estimate', '', '{companyname} | CRM', NULL, 0, 1, 0),
(1595, 'proposals', 'proposal-client-accepted', 'turkish', 'Customer Action - Accepted (Sent to Staff) [turkish]', 'Customer Accepted Proposal', '', '{companyname} | CRM', NULL, 0, 1, 0),
(1596, 'proposals', 'proposal-send-to-customer', 'turkish', 'Send Proposal to Customer [turkish]', 'Proposal With Number {proposal_number} Created', '', '{companyname} | CRM', NULL, 0, 1, 0),
(1597, 'proposals', 'proposal-client-declined', 'turkish', 'Customer Action - Declined (Sent to Staff) [turkish]', 'Client Declined Proposal', '', '{companyname} | CRM', NULL, 0, 1, 0),
(1598, 'proposals', 'proposal-client-thank-you', 'turkish', 'Thank You Email (Sent to Customer After Accept) [turkish]', 'Thank for you accepting proposal', '', '{companyname} | CRM', NULL, 0, 1, 0),
(1599, 'proposals', 'proposal-comment-to-client', 'turkish', 'New Comment (Sent to Customer/Lead) [turkish]', 'New Proposal Comment', '', '{companyname} | CRM', NULL, 0, 1, 0),
(1600, 'proposals', 'proposal-comment-to-admin', 'turkish', 'New Comment (Sent to Staff)  [turkish]', 'New Proposal Comment', '', '{companyname} | CRM', NULL, 0, 1, 0),
(1601, 'estimate', 'estimate-thank-you-to-customer', 'turkish', 'Thank You Email (Sent to Customer After Accept) [turkish]', 'Thank for you accepting estimate', '', '{companyname} | CRM', NULL, 0, 1, 0),
(1602, 'tasks', 'task-deadline-notification', 'turkish', 'Task Deadline Reminder - Sent to Assigned Members [turkish]', 'Task Deadline Reminder', '', '{companyname} | CRM', NULL, 0, 1, 0),
(1603, 'contract', 'send-contract', 'turkish', 'Send Contract to Customer [turkish]', 'Contract - {contract_subject}', '', '{companyname} | CRM', NULL, 0, 1, 0),
(1604, 'invoice', 'invoice-payment-recorded-to-staff', 'turkish', 'Invoice Payment Recorded (Sent to Staff) [turkish]', 'New Invoice Payment', '', '{companyname} | CRM', NULL, 0, 1, 0),
(1605, 'ticket', 'auto-close-ticket', 'turkish', 'Auto Close Ticket [turkish]', 'Ticket Auto Closed', '', '{companyname} | CRM', NULL, 0, 1, 0),
(1606, 'project', 'new-project-discussion-created-to-staff', 'turkish', 'New Project Discussion (Sent to Project Members) [turkish]', 'New Project Discussion Created - {project_name}', '', '{companyname} | CRM', NULL, 0, 1, 0),
(1607, 'project', 'new-project-discussion-created-to-customer', 'turkish', 'New Project Discussion (Sent to Customer Contacts) [turkish]', 'New Project Discussion Created - {project_name}', '', '{companyname} | CRM', NULL, 0, 1, 0),
(1608, 'project', 'new-project-file-uploaded-to-customer', 'turkish', 'New Project File(s) Uploaded (Sent to Customer Contacts) [turkish]', 'New Project File(s) Uploaded - {project_name}', '', '{companyname} | CRM', NULL, 0, 1, 0),
(1609, 'project', 'new-project-file-uploaded-to-staff', 'turkish', 'New Project File(s) Uploaded (Sent to Project Members) [turkish]', 'New Project File(s) Uploaded - {project_name}', '', '{companyname} | CRM', NULL, 0, 1, 0),
(1610, 'project', 'new-project-discussion-comment-to-customer', 'turkish', 'New Discussion Comment  (Sent to Customer Contacts) [turkish]', 'New Discussion Comment', '', '{companyname} | CRM', NULL, 0, 1, 0),
(1611, 'project', 'new-project-discussion-comment-to-staff', 'turkish', 'New Discussion Comment (Sent to Project Members) [turkish]', 'New Discussion Comment', '', '{companyname} | CRM', NULL, 0, 1, 0),
(1612, 'project', 'staff-added-as-project-member', 'turkish', 'Staff Added as Project Member [turkish]', 'New project assigned to you', '', '{companyname} | CRM', NULL, 0, 1, 0),
(1613, 'estimate', 'estimate-expiry-reminder', 'turkish', 'Estimate Expiration Reminder [turkish]', 'Estimate Expiration Reminder', '', '{companyname} | CRM', NULL, 0, 1, 0),
(1614, 'proposals', 'proposal-expiry-reminder', 'turkish', 'Proposal Expiration Reminder [turkish]', 'Proposal Expiration Reminder', '', '{companyname} | CRM', NULL, 0, 1, 0),
(1615, 'staff', 'new-staff-created', 'turkish', 'New Staff Created (Welcome Email) [turkish]', 'You are added as staff member', '', '{companyname} | CRM', NULL, 0, 1, 0),
(1616, 'client', 'contact-forgot-password', 'turkish', 'Forgot Password [turkish]', 'Create New Password', '', '{companyname} | CRM', NULL, 0, 1, 0),
(1617, 'client', 'contact-password-reseted', 'turkish', 'Password Reset - Confirmation [turkish]', 'Your password has been changed', '', '{companyname} | CRM', NULL, 0, 1, 0),
(1618, 'client', 'contact-set-password', 'turkish', 'Set New Password [turkish]', 'Set new password on {companyname} ', '', '{companyname} | CRM', NULL, 0, 1, 0),
(1619, 'staff', 'staff-forgot-password', 'turkish', 'Forgot Password [turkish]', 'Create New Password', '', '{companyname} | CRM', NULL, 0, 1, 0),
(1620, 'staff', 'staff-password-reseted', 'turkish', 'Password Reset - Confirmation [turkish]', 'Your password has been changed', '', '{companyname} | CRM', NULL, 0, 1, 0),
(1621, 'project', 'assigned-to-project', 'turkish', 'New Project Created (Sent to Customer Contacts) [turkish]', 'New Project Created', '', '{companyname} | CRM', NULL, 0, 1, 0),
(1622, 'tasks', 'task-added-attachment-to-contacts', 'turkish', 'New Attachment(s) on Task (Sent to Customer Contacts) [turkish]', 'New Attachment on Task - {task_name}', '', '{companyname} | CRM', NULL, 0, 1, 0),
(1623, 'tasks', 'task-commented-to-contacts', 'turkish', 'New Comment on Task (Sent to Customer Contacts) [turkish]', 'New Comment on Task - {task_name}', '', '{companyname} | CRM', NULL, 0, 1, 0),
(1624, 'leads', 'new-lead-assigned', 'turkish', 'New Lead Assigned to Staff Member [turkish]', 'New lead assigned to you', '', '{companyname} | CRM', NULL, 0, 1, 0),
(1625, 'client', 'client-statement', 'turkish', 'Statement - Account Summary [turkish]', 'Account Statement from {statement_from} to {statement_to}', '', '{companyname} | CRM', NULL, 0, 1, 0),
(1626, 'ticket', 'ticket-assigned-to-admin', 'turkish', 'New Ticket Assigned (Sent to Staff) [turkish]', 'New support ticket has been assigned to you', '', '{companyname} | CRM', NULL, 0, 1, 0),
(1627, 'client', 'new-client-registered-to-admin', 'turkish', 'New Customer Registration (Sent to admins) [turkish]', 'New Customer Registration', '', '{companyname} | CRM', NULL, 0, 1, 0),
(1628, 'leads', 'new-web-to-lead-form-submitted', 'turkish', 'Web to lead form submitted - Sent to lead [turkish]', '{lead_name} - We Received Your Request', '', '{companyname} | CRM', NULL, 0, 0, 0),
(1629, 'staff', 'two-factor-authentication', 'turkish', 'Two Factor Authentication [turkish]', 'Confirm Your Login', '', '{companyname} | CRM', NULL, 0, 1, 0),
(1630, 'project', 'project-finished-to-customer', 'turkish', 'Project Marked as Finished (Sent to Customer Contacts) [turkish]', 'Project Marked as Finished', '', '{companyname} | CRM', NULL, 0, 1, 0),
(1631, 'credit_note', 'credit-note-send-to-client', 'turkish', 'Send Credit Note To Email [turkish]', 'Credit Note With Number #{credit_note_number} Created', '', '{companyname} | CRM', NULL, 0, 1, 0),
(1632, 'tasks', 'task-status-change-to-staff', 'turkish', 'Task Status Changed (Sent to Staff) [turkish]', 'Task Status Changed', '', '{companyname} | CRM', NULL, 0, 1, 0),
(1633, 'tasks', 'task-status-change-to-contacts', 'turkish', 'Task Status Changed (Sent to Customer Contacts) [turkish]', 'Task Status Changed', '', '{companyname} | CRM', NULL, 0, 1, 0),
(1634, 'staff', 'reminder-email-staff', 'turkish', 'Staff Reminder Email [turkish]', 'You Have a New Reminder!', '', '{companyname} | CRM', NULL, 0, 1, 0),
(1635, 'contract', 'contract-comment-to-client', 'turkish', 'New Comment (Sent to Customer Contacts) [turkish]', 'New Contract Comment', '', '{companyname} | CRM', NULL, 0, 1, 0),
(1636, 'contract', 'contract-comment-to-admin', 'turkish', 'New Comment (Sent to Staff)  [turkish]', 'New Contract Comment', '', '{companyname} | CRM', NULL, 0, 1, 0),
(1637, 'subscriptions', 'send-subscription', 'turkish', 'Send Subscription to Customer [turkish]', 'Subscription Created', '', '{companyname} | CRM', NULL, 0, 1, 0),
(1638, 'subscriptions', 'subscription-payment-failed', 'turkish', 'Subscription Payment Failed [turkish]', 'Your most recent invoice payment failed', '', '{companyname} | CRM', NULL, 0, 1, 0),
(1639, 'subscriptions', 'subscription-canceled', 'turkish', 'Subscription Canceled (Sent to customer primary contact) [turkish]', 'Your subscription has been canceled', '', '{companyname} | CRM', NULL, 0, 1, 0),
(1640, 'subscriptions', 'subscription-payment-succeeded', 'turkish', 'Subscription Payment Succeeded (Sent to customer primary contact) [turkish]', 'Subscription  Payment Receipt - {subscription_name}', '', '{companyname} | CRM', NULL, 0, 1, 0),
(1641, 'contract', 'contract-expiration-to-staff', 'turkish', 'Contract Expiration Reminder (Sent to Staff) [turkish]', 'Contract Expiration Reminder', '', '{companyname} | CRM', NULL, 0, 1, 0),
(1642, 'gdpr', 'gdpr-removal-request', 'turkish', 'Removal Request From Contact (Sent to administrators) [turkish]', 'Data Removal Request Received', '', '{companyname} | CRM', NULL, 0, 1, 0),
(1643, 'gdpr', 'gdpr-removal-request-lead', 'turkish', 'Removal Request From Lead (Sent to administrators) [turkish]', 'Data Removal Request Received', '', '{companyname} | CRM', NULL, 0, 1, 0),
(1644, 'client', 'client-registration-confirmed', 'turkish', 'Customer Registration Confirmed [turkish]', 'Your registration is confirmed', '', '{companyname} | CRM', NULL, 0, 1, 0),
(1645, 'contract', 'contract-signed-to-staff', 'turkish', 'Contract Signed (Sent to Staff) [turkish]', 'Customer Signed a Contract', '', '{companyname} | CRM', NULL, 0, 1, 0),
(1646, 'subscriptions', 'customer-subscribed-to-staff', 'turkish', 'Customer Subscribed to a Subscription (Sent to administrators and subscription creator) [turkish]', 'Customer Subscribed to a Subscription', '', '{companyname} | CRM', NULL, 0, 1, 0),
(1647, 'client', 'contact-verification-email', 'turkish', 'Email Verification (Sent to Contact After Registration) [turkish]', 'Verify Email Address', '', '{companyname} | CRM', NULL, 0, 1, 0),
(1648, 'client', 'new-customer-profile-file-uploaded-to-staff', 'turkish', 'New Customer Profile File(s) Uploaded (Sent to Staff) [turkish]', 'Customer Uploaded New File(s) in Profile', '', '{companyname} | CRM', NULL, 0, 1, 0),
(1649, 'staff', 'event-notification-to-staff', 'turkish', 'Event Notification (Calendar) [turkish]', 'Upcoming Event - {event_title}', '', '', NULL, 0, 1, 0),
(1650, 'subscriptions', 'subscription-payment-requires-action', 'turkish', 'Credit Card Authorization Required - SCA [turkish]', 'Important: Confirm your subscription {subscription_name} payment', '', '{companyname} | CRM', NULL, 0, 1, 0),
(1651, 'client', 'new-client-created', 'vietnamese', 'New Contact Added/Registered (Welcome Email) [vietnamese]', 'Welcome aboard', '', '{companyname} | CRM', NULL, 0, 1, 0),
(1652, 'invoice', 'invoice-send-to-client', 'vietnamese', 'Send Invoice to Customer [vietnamese]', 'Invoice with number {invoice_number} created', '', '{companyname} | CRM', NULL, 0, 1, 0),
(1653, 'ticket', 'new-ticket-opened-admin', 'vietnamese', 'New Ticket Opened (Opened by Staff, Sent to Customer) [vietnamese]', 'New Support Ticket Opened', '', '{companyname} | CRM', NULL, 0, 1, 0),
(1654, 'ticket', 'ticket-reply', 'vietnamese', 'Ticket Reply (Sent to Customer) [vietnamese]', 'New Ticket Reply', '', '{companyname} | CRM', NULL, 0, 1, 0),
(1655, 'ticket', 'ticket-autoresponse', 'vietnamese', 'New Ticket Opened - Autoresponse [vietnamese]', 'New Support Ticket Opened', '', '{companyname} | CRM', NULL, 0, 1, 0),
(1656, 'invoice', 'invoice-payment-recorded', 'vietnamese', 'Invoice Payment Recorded (Sent to Customer) [vietnamese]', 'Invoice Payment Recorded', '', '{companyname} | CRM', NULL, 0, 1, 0),
(1657, 'invoice', 'invoice-overdue-notice', 'vietnamese', 'Invoice Overdue Notice [vietnamese]', 'Invoice Overdue Notice - {invoice_number}', '', '{companyname} | CRM', NULL, 0, 1, 0),
(1658, 'invoice', 'invoice-already-send', 'vietnamese', 'Invoice Already Sent to Customer [vietnamese]', 'Invoice # {invoice_number} ', '', '{companyname} | CRM', NULL, 0, 1, 0),
(1659, 'ticket', 'new-ticket-created-staff', 'vietnamese', 'New Ticket Created (Opened by Customer, Sent to Staff Members) [vietnamese]', 'New Ticket Created', '', '{companyname} | CRM', NULL, 0, 1, 0),
(1660, 'estimate', 'estimate-send-to-client', 'vietnamese', 'Send Estimate to Customer [vietnamese]', 'Estimate # {estimate_number} created', '', '{companyname} | CRM', NULL, 0, 1, 0),
(1661, 'ticket', 'ticket-reply-to-admin', 'vietnamese', 'Ticket Reply (Sent to Staff) [vietnamese]', 'New Support Ticket Reply', '', '{companyname} | CRM', NULL, 0, 1, 0),
(1662, 'estimate', 'estimate-already-send', 'vietnamese', 'Estimate Already Sent to Customer [vietnamese]', 'Estimate # {estimate_number} ', '', '{companyname} | CRM', NULL, 0, 1, 0),
(1663, 'contract', 'contract-expiration', 'vietnamese', 'Contract Expiration Reminder (Sent to Customer Contacts) [vietnamese]', 'Contract Expiration Reminder', '', '{companyname} | CRM', NULL, 0, 1, 0),
(1664, 'tasks', 'task-assigned', 'vietnamese', 'New Task Assigned (Sent to Staff) [vietnamese]', 'New Task Assigned to You - {task_name}', '', '{companyname} | CRM', NULL, 0, 1, 0),
(1665, 'tasks', 'task-added-as-follower', 'vietnamese', 'Staff Member Added as Follower on Task (Sent to Staff) [vietnamese]', 'You are added as follower on task - {task_name}', '', '{companyname} | CRM', NULL, 0, 1, 0),
(1666, 'tasks', 'task-commented', 'vietnamese', 'New Comment on Task (Sent to Staff) [vietnamese]', 'New Comment on Task - {task_name}', '', '{companyname} | CRM', NULL, 0, 1, 0),
(1667, 'tasks', 'task-added-attachment', 'vietnamese', 'New Attachment(s) on Task (Sent to Staff) [vietnamese]', 'New Attachment on Task - {task_name}', '', '{companyname} | CRM', NULL, 0, 1, 0),
(1668, 'estimate', 'estimate-declined-to-staff', 'vietnamese', 'Estimate Declined (Sent to Staff) [vietnamese]', 'Customer Declined Estimate', '', '{companyname} | CRM', NULL, 0, 1, 0),
(1669, 'estimate', 'estimate-accepted-to-staff', 'vietnamese', 'Estimate Accepted (Sent to Staff) [vietnamese]', 'Customer Accepted Estimate', '', '{companyname} | CRM', NULL, 0, 1, 0),
(1670, 'proposals', 'proposal-client-accepted', 'vietnamese', 'Customer Action - Accepted (Sent to Staff) [vietnamese]', 'Customer Accepted Proposal', '', '{companyname} | CRM', NULL, 0, 1, 0),
(1671, 'proposals', 'proposal-send-to-customer', 'vietnamese', 'Send Proposal to Customer [vietnamese]', 'Proposal With Number {proposal_number} Created', '', '{companyname} | CRM', NULL, 0, 1, 0),
(1672, 'proposals', 'proposal-client-declined', 'vietnamese', 'Customer Action - Declined (Sent to Staff) [vietnamese]', 'Client Declined Proposal', '', '{companyname} | CRM', NULL, 0, 1, 0),
(1673, 'proposals', 'proposal-client-thank-you', 'vietnamese', 'Thank You Email (Sent to Customer After Accept) [vietnamese]', 'Thank for you accepting proposal', '', '{companyname} | CRM', NULL, 0, 1, 0),
(1674, 'proposals', 'proposal-comment-to-client', 'vietnamese', 'New Comment (Sent to Customer/Lead) [vietnamese]', 'New Proposal Comment', '', '{companyname} | CRM', NULL, 0, 1, 0),
(1675, 'proposals', 'proposal-comment-to-admin', 'vietnamese', 'New Comment (Sent to Staff)  [vietnamese]', 'New Proposal Comment', '', '{companyname} | CRM', NULL, 0, 1, 0),
(1676, 'estimate', 'estimate-thank-you-to-customer', 'vietnamese', 'Thank You Email (Sent to Customer After Accept) [vietnamese]', 'Thank for you accepting estimate', '', '{companyname} | CRM', NULL, 0, 1, 0),
(1677, 'tasks', 'task-deadline-notification', 'vietnamese', 'Task Deadline Reminder - Sent to Assigned Members [vietnamese]', 'Task Deadline Reminder', '', '{companyname} | CRM', NULL, 0, 1, 0),
(1678, 'contract', 'send-contract', 'vietnamese', 'Send Contract to Customer [vietnamese]', 'Contract - {contract_subject}', '', '{companyname} | CRM', NULL, 0, 1, 0),
(1679, 'invoice', 'invoice-payment-recorded-to-staff', 'vietnamese', 'Invoice Payment Recorded (Sent to Staff) [vietnamese]', 'New Invoice Payment', '', '{companyname} | CRM', NULL, 0, 1, 0),
(1680, 'ticket', 'auto-close-ticket', 'vietnamese', 'Auto Close Ticket [vietnamese]', 'Ticket Auto Closed', '', '{companyname} | CRM', NULL, 0, 1, 0),
(1681, 'project', 'new-project-discussion-created-to-staff', 'vietnamese', 'New Project Discussion (Sent to Project Members) [vietnamese]', 'New Project Discussion Created - {project_name}', '', '{companyname} | CRM', NULL, 0, 1, 0),
(1682, 'project', 'new-project-discussion-created-to-customer', 'vietnamese', 'New Project Discussion (Sent to Customer Contacts) [vietnamese]', 'New Project Discussion Created - {project_name}', '', '{companyname} | CRM', NULL, 0, 1, 0),
(1683, 'project', 'new-project-file-uploaded-to-customer', 'vietnamese', 'New Project File(s) Uploaded (Sent to Customer Contacts) [vietnamese]', 'New Project File(s) Uploaded - {project_name}', '', '{companyname} | CRM', NULL, 0, 1, 0);
INSERT INTO `tblemailtemplates` (`emailtemplateid`, `type`, `slug`, `language`, `name`, `subject`, `message`, `fromname`, `fromemail`, `plaintext`, `active`, `order`) VALUES
(1684, 'project', 'new-project-file-uploaded-to-staff', 'vietnamese', 'New Project File(s) Uploaded (Sent to Project Members) [vietnamese]', 'New Project File(s) Uploaded - {project_name}', '', '{companyname} | CRM', NULL, 0, 1, 0),
(1685, 'project', 'new-project-discussion-comment-to-customer', 'vietnamese', 'New Discussion Comment  (Sent to Customer Contacts) [vietnamese]', 'New Discussion Comment', '', '{companyname} | CRM', NULL, 0, 1, 0),
(1686, 'project', 'new-project-discussion-comment-to-staff', 'vietnamese', 'New Discussion Comment (Sent to Project Members) [vietnamese]', 'New Discussion Comment', '', '{companyname} | CRM', NULL, 0, 1, 0),
(1687, 'project', 'staff-added-as-project-member', 'vietnamese', 'Staff Added as Project Member [vietnamese]', 'New project assigned to you', '', '{companyname} | CRM', NULL, 0, 1, 0),
(1688, 'estimate', 'estimate-expiry-reminder', 'vietnamese', 'Estimate Expiration Reminder [vietnamese]', 'Estimate Expiration Reminder', '', '{companyname} | CRM', NULL, 0, 1, 0),
(1689, 'proposals', 'proposal-expiry-reminder', 'vietnamese', 'Proposal Expiration Reminder [vietnamese]', 'Proposal Expiration Reminder', '', '{companyname} | CRM', NULL, 0, 1, 0),
(1690, 'staff', 'new-staff-created', 'vietnamese', 'New Staff Created (Welcome Email) [vietnamese]', 'You are added as staff member', '', '{companyname} | CRM', NULL, 0, 1, 0),
(1691, 'client', 'contact-forgot-password', 'vietnamese', 'Forgot Password [vietnamese]', 'Create New Password', '', '{companyname} | CRM', NULL, 0, 1, 0),
(1692, 'client', 'contact-password-reseted', 'vietnamese', 'Password Reset - Confirmation [vietnamese]', 'Your password has been changed', '', '{companyname} | CRM', NULL, 0, 1, 0),
(1693, 'client', 'contact-set-password', 'vietnamese', 'Set New Password [vietnamese]', 'Set new password on {companyname} ', '', '{companyname} | CRM', NULL, 0, 1, 0),
(1694, 'staff', 'staff-forgot-password', 'vietnamese', 'Forgot Password [vietnamese]', 'Create New Password', '', '{companyname} | CRM', NULL, 0, 1, 0),
(1695, 'staff', 'staff-password-reseted', 'vietnamese', 'Password Reset - Confirmation [vietnamese]', 'Your password has been changed', '', '{companyname} | CRM', NULL, 0, 1, 0),
(1696, 'project', 'assigned-to-project', 'vietnamese', 'New Project Created (Sent to Customer Contacts) [vietnamese]', 'New Project Created', '', '{companyname} | CRM', NULL, 0, 1, 0),
(1697, 'tasks', 'task-added-attachment-to-contacts', 'vietnamese', 'New Attachment(s) on Task (Sent to Customer Contacts) [vietnamese]', 'New Attachment on Task - {task_name}', '', '{companyname} | CRM', NULL, 0, 1, 0),
(1698, 'tasks', 'task-commented-to-contacts', 'vietnamese', 'New Comment on Task (Sent to Customer Contacts) [vietnamese]', 'New Comment on Task - {task_name}', '', '{companyname} | CRM', NULL, 0, 1, 0),
(1699, 'leads', 'new-lead-assigned', 'vietnamese', 'New Lead Assigned to Staff Member [vietnamese]', 'New lead assigned to you', '', '{companyname} | CRM', NULL, 0, 1, 0),
(1700, 'client', 'client-statement', 'vietnamese', 'Statement - Account Summary [vietnamese]', 'Account Statement from {statement_from} to {statement_to}', '', '{companyname} | CRM', NULL, 0, 1, 0),
(1701, 'ticket', 'ticket-assigned-to-admin', 'vietnamese', 'New Ticket Assigned (Sent to Staff) [vietnamese]', 'New support ticket has been assigned to you', '', '{companyname} | CRM', NULL, 0, 1, 0),
(1702, 'client', 'new-client-registered-to-admin', 'vietnamese', 'New Customer Registration (Sent to admins) [vietnamese]', 'New Customer Registration', '', '{companyname} | CRM', NULL, 0, 1, 0),
(1703, 'leads', 'new-web-to-lead-form-submitted', 'vietnamese', 'Web to lead form submitted - Sent to lead [vietnamese]', '{lead_name} - We Received Your Request', '', '{companyname} | CRM', NULL, 0, 0, 0),
(1704, 'staff', 'two-factor-authentication', 'vietnamese', 'Two Factor Authentication [vietnamese]', 'Confirm Your Login', '', '{companyname} | CRM', NULL, 0, 1, 0),
(1705, 'project', 'project-finished-to-customer', 'vietnamese', 'Project Marked as Finished (Sent to Customer Contacts) [vietnamese]', 'Project Marked as Finished', '', '{companyname} | CRM', NULL, 0, 1, 0),
(1706, 'credit_note', 'credit-note-send-to-client', 'vietnamese', 'Send Credit Note To Email [vietnamese]', 'Credit Note With Number #{credit_note_number} Created', '', '{companyname} | CRM', NULL, 0, 1, 0),
(1707, 'tasks', 'task-status-change-to-staff', 'vietnamese', 'Task Status Changed (Sent to Staff) [vietnamese]', 'Task Status Changed', '', '{companyname} | CRM', NULL, 0, 1, 0),
(1708, 'tasks', 'task-status-change-to-contacts', 'vietnamese', 'Task Status Changed (Sent to Customer Contacts) [vietnamese]', 'Task Status Changed', '', '{companyname} | CRM', NULL, 0, 1, 0),
(1709, 'staff', 'reminder-email-staff', 'vietnamese', 'Staff Reminder Email [vietnamese]', 'You Have a New Reminder!', '', '{companyname} | CRM', NULL, 0, 1, 0),
(1710, 'contract', 'contract-comment-to-client', 'vietnamese', 'New Comment (Sent to Customer Contacts) [vietnamese]', 'New Contract Comment', '', '{companyname} | CRM', NULL, 0, 1, 0),
(1711, 'contract', 'contract-comment-to-admin', 'vietnamese', 'New Comment (Sent to Staff)  [vietnamese]', 'New Contract Comment', '', '{companyname} | CRM', NULL, 0, 1, 0),
(1712, 'subscriptions', 'send-subscription', 'vietnamese', 'Send Subscription to Customer [vietnamese]', 'Subscription Created', '', '{companyname} | CRM', NULL, 0, 1, 0),
(1713, 'subscriptions', 'subscription-payment-failed', 'vietnamese', 'Subscription Payment Failed [vietnamese]', 'Your most recent invoice payment failed', '', '{companyname} | CRM', NULL, 0, 1, 0),
(1714, 'subscriptions', 'subscription-canceled', 'vietnamese', 'Subscription Canceled (Sent to customer primary contact) [vietnamese]', 'Your subscription has been canceled', '', '{companyname} | CRM', NULL, 0, 1, 0),
(1715, 'subscriptions', 'subscription-payment-succeeded', 'vietnamese', 'Subscription Payment Succeeded (Sent to customer primary contact) [vietnamese]', 'Subscription  Payment Receipt - {subscription_name}', '', '{companyname} | CRM', NULL, 0, 1, 0),
(1716, 'contract', 'contract-expiration-to-staff', 'vietnamese', 'Contract Expiration Reminder (Sent to Staff) [vietnamese]', 'Contract Expiration Reminder', '', '{companyname} | CRM', NULL, 0, 1, 0),
(1717, 'gdpr', 'gdpr-removal-request', 'vietnamese', 'Removal Request From Contact (Sent to administrators) [vietnamese]', 'Data Removal Request Received', '', '{companyname} | CRM', NULL, 0, 1, 0),
(1718, 'gdpr', 'gdpr-removal-request-lead', 'vietnamese', 'Removal Request From Lead (Sent to administrators) [vietnamese]', 'Data Removal Request Received', '', '{companyname} | CRM', NULL, 0, 1, 0),
(1719, 'client', 'client-registration-confirmed', 'vietnamese', 'Customer Registration Confirmed [vietnamese]', 'Your registration is confirmed', '', '{companyname} | CRM', NULL, 0, 1, 0),
(1720, 'contract', 'contract-signed-to-staff', 'vietnamese', 'Contract Signed (Sent to Staff) [vietnamese]', 'Customer Signed a Contract', '', '{companyname} | CRM', NULL, 0, 1, 0),
(1721, 'subscriptions', 'customer-subscribed-to-staff', 'vietnamese', 'Customer Subscribed to a Subscription (Sent to administrators and subscription creator) [vietnamese]', 'Customer Subscribed to a Subscription', '', '{companyname} | CRM', NULL, 0, 1, 0),
(1722, 'client', 'contact-verification-email', 'vietnamese', 'Email Verification (Sent to Contact After Registration) [vietnamese]', 'Verify Email Address', '', '{companyname} | CRM', NULL, 0, 1, 0),
(1723, 'client', 'new-customer-profile-file-uploaded-to-staff', 'vietnamese', 'New Customer Profile File(s) Uploaded (Sent to Staff) [vietnamese]', 'Customer Uploaded New File(s) in Profile', '', '{companyname} | CRM', NULL, 0, 1, 0),
(1724, 'staff', 'event-notification-to-staff', 'vietnamese', 'Event Notification (Calendar) [vietnamese]', 'Upcoming Event - {event_title}', '', '', NULL, 0, 1, 0),
(1725, 'subscriptions', 'subscription-payment-requires-action', 'vietnamese', 'Credit Card Authorization Required - SCA [vietnamese]', 'Important: Confirm your subscription {subscription_name} payment', '', '{companyname} | CRM', NULL, 0, 1, 0);

-- --------------------------------------------------------

--
-- Table structure for table `tblestimates`
--

CREATE TABLE `tblestimates` (
  `id` int(11) NOT NULL,
  `sent` tinyint(1) NOT NULL DEFAULT 0,
  `datesend` datetime DEFAULT NULL,
  `clientid` int(11) NOT NULL,
  `deleted_customer_name` varchar(100) DEFAULT NULL,
  `project_id` int(11) NOT NULL DEFAULT 0,
  `number` int(11) NOT NULL,
  `prefix` varchar(50) DEFAULT NULL,
  `number_format` int(11) NOT NULL DEFAULT 0,
  `hash` varchar(32) DEFAULT NULL,
  `datecreated` datetime NOT NULL,
  `date` date NOT NULL,
  `expirydate` date DEFAULT NULL,
  `currency` int(11) NOT NULL,
  `subtotal` decimal(15,2) NOT NULL,
  `total_tax` decimal(15,2) NOT NULL DEFAULT 0.00,
  `total` decimal(15,2) NOT NULL,
  `adjustment` decimal(15,2) DEFAULT NULL,
  `addedfrom` int(11) NOT NULL,
  `status` int(11) NOT NULL DEFAULT 1,
  `clientnote` text DEFAULT NULL,
  `adminnote` text DEFAULT NULL,
  `discount_percent` decimal(15,2) DEFAULT 0.00,
  `discount_total` decimal(15,2) DEFAULT 0.00,
  `discount_type` varchar(30) DEFAULT NULL,
  `invoiceid` int(11) DEFAULT NULL,
  `invoiced_date` datetime DEFAULT NULL,
  `terms` text DEFAULT NULL,
  `reference_no` varchar(100) DEFAULT NULL,
  `sale_agent` int(11) NOT NULL DEFAULT 0,
  `billing_street` varchar(200) DEFAULT NULL,
  `billing_city` varchar(100) DEFAULT NULL,
  `billing_state` varchar(100) DEFAULT NULL,
  `billing_zip` varchar(100) DEFAULT NULL,
  `billing_country` int(11) DEFAULT NULL,
  `shipping_street` varchar(200) DEFAULT NULL,
  `shipping_city` varchar(100) DEFAULT NULL,
  `shipping_state` varchar(100) DEFAULT NULL,
  `shipping_zip` varchar(100) DEFAULT NULL,
  `shipping_country` int(11) DEFAULT NULL,
  `include_shipping` tinyint(1) NOT NULL,
  `show_shipping_on_estimate` tinyint(1) NOT NULL DEFAULT 1,
  `show_quantity_as` int(11) NOT NULL DEFAULT 1,
  `pipeline_order` int(11) NOT NULL DEFAULT 0,
  `is_expiry_notified` int(11) NOT NULL DEFAULT 0,
  `acceptance_firstname` varchar(50) DEFAULT NULL,
  `acceptance_lastname` varchar(50) DEFAULT NULL,
  `acceptance_email` varchar(100) DEFAULT NULL,
  `acceptance_date` datetime DEFAULT NULL,
  `acceptance_ip` varchar(40) DEFAULT NULL,
  `signature` varchar(40) DEFAULT NULL
) ENGINE=InnoDB DEFAULT CHARSET=utf8;

-- --------------------------------------------------------

--
-- Table structure for table `tblevents`
--

CREATE TABLE `tblevents` (
  `eventid` int(11) NOT NULL,
  `title` mediumtext NOT NULL,
  `description` text DEFAULT NULL,
  `userid` int(11) NOT NULL,
  `start` datetime NOT NULL,
  `end` datetime DEFAULT NULL,
  `public` int(11) NOT NULL DEFAULT 0,
  `color` varchar(10) DEFAULT NULL,
  `isstartnotified` tinyint(1) NOT NULL DEFAULT 0,
  `reminder_before` int(11) NOT NULL DEFAULT 0,
  `reminder_before_type` varchar(10) DEFAULT NULL
) ENGINE=InnoDB DEFAULT CHARSET=utf8;

-- --------------------------------------------------------

--
-- Table structure for table `tblexpenses`
--

CREATE TABLE `tblexpenses` (
  `id` int(11) NOT NULL,
  `category` int(11) NOT NULL,
  `currency` int(11) NOT NULL,
  `amount` decimal(15,2) NOT NULL,
  `tax` int(11) DEFAULT NULL,
  `tax2` int(11) NOT NULL DEFAULT 0,
  `reference_no` varchar(100) DEFAULT NULL,
  `note` text DEFAULT NULL,
  `expense_name` varchar(191) DEFAULT NULL,
  `clientid` int(11) NOT NULL,
  `project_id` int(11) NOT NULL DEFAULT 0,
  `billable` int(11) DEFAULT 0,
  `invoiceid` int(11) DEFAULT NULL,
  `paymentmode` varchar(50) DEFAULT NULL,
  `date` date NOT NULL,
  `recurring_type` varchar(10) DEFAULT NULL,
  `repeat_every` int(11) DEFAULT NULL,
  `recurring` int(11) NOT NULL DEFAULT 0,
  `cycles` int(11) NOT NULL DEFAULT 0,
  `total_cycles` int(11) NOT NULL DEFAULT 0,
  `custom_recurring` int(11) NOT NULL DEFAULT 0,
  `last_recurring_date` date DEFAULT NULL,
  `create_invoice_billable` tinyint(1) DEFAULT NULL,
  `send_invoice_to_customer` tinyint(1) NOT NULL,
  `recurring_from` int(11) DEFAULT NULL,
  `dateadded` datetime NOT NULL,
  `addedfrom` int(11) NOT NULL
) ENGINE=InnoDB DEFAULT CHARSET=utf8;

-- --------------------------------------------------------

--
-- Table structure for table `tblexpenses_categories`
--

CREATE TABLE `tblexpenses_categories` (
  `id` int(11) NOT NULL,
  `name` varchar(191) NOT NULL,
  `description` text DEFAULT NULL
) ENGINE=InnoDB DEFAULT CHARSET=utf8;

-- --------------------------------------------------------

--
-- Table structure for table `tblfiles`
--

CREATE TABLE `tblfiles` (
  `id` int(11) NOT NULL,
  `rel_id` int(11) NOT NULL,
  `rel_type` varchar(20) NOT NULL,
  `file_name` varchar(191) NOT NULL,
  `filetype` varchar(40) DEFAULT NULL,
  `visible_to_customer` int(11) NOT NULL DEFAULT 0,
  `attachment_key` varchar(32) DEFAULT NULL,
  `external` varchar(40) DEFAULT NULL,
  `external_link` text DEFAULT NULL,
  `thumbnail_link` text DEFAULT NULL COMMENT 'For external usage',
  `staffid` int(11) NOT NULL,
  `contact_id` int(11) DEFAULT 0,
  `task_comment_id` int(11) NOT NULL DEFAULT 0,
  `dateadded` datetime NOT NULL
) ENGINE=InnoDB DEFAULT CHARSET=utf8;

--
-- Dumping data for table `tblfiles`
--

INSERT INTO `tblfiles` (`id`, `rel_id`, `rel_type`, `file_name`, `filetype`, `visible_to_customer`, `attachment_key`, `external`, `external_link`, `thumbnail_link`, `staffid`, `contact_id`, `task_comment_id`, `dateadded`) VALUES
(1, 4, 'lead', 'e79bec6267f3f0a959dbd8581e7201b6.jpg', 'image/jpeg', 0, '3edc172ed471f403fb9c189f5dc9ede5', NULL, NULL, NULL, 1, 0, 0, '2020-02-03 11:49:43'),
(2, 4, 'lead', 'katie-harp-pinterest-marketing-1252065-unsplash.5caac16c531ee4.31622569-0x1118.390625.jpg', 'image/jpeg', 0, 'a714b55fc774efa5ede5ee1c2f1de424', NULL, NULL, NULL, 1, 0, 0, '2020-02-03 11:49:44'),
(3, 18, 'task', 'landing.pdf', 'application/pdf', 0, '10fbffb1d5c0041905ff2c63b25ae153', NULL, NULL, NULL, 1, 0, 0, '2020-03-10 14:20:06'),
(4, 102, 'customer', 'Certificate of Incorporation.pdf', 'application/pdf', 0, 'c003db39a52e29895e27c8ca1272dff0', NULL, NULL, NULL, 1, 0, 0, '2020-06-09 12:49:05'),
(5, 102, 'customer', 'Sathiyen - .Net.pdf', 'application/pdf', 0, '3dbd2d1b005bffe9f0dec1c2619bdbdb', NULL, NULL, NULL, 1, 0, 0, '2020-06-09 12:49:07'),
(6, 102, 'customer', 'Venkateswaran - .Net.pdf', 'application/pdf', 0, 'c426712ba9ce7af32cbe5f1a53669bce', NULL, NULL, NULL, 1, 0, 0, '2020-06-09 12:49:10'),
(7, 83, 'task', 'Order Taking Process.xlsx', 'application/octet-stream', 0, '6ad8e367129ba06603969a75ab5f2743', NULL, NULL, NULL, 1, 0, 9, '2020-06-27 09:26:29');

-- --------------------------------------------------------

--
-- Table structure for table `tblform_questions`
--

CREATE TABLE `tblform_questions` (
  `questionid` int(11) NOT NULL,
  `rel_id` int(11) NOT NULL,
  `rel_type` varchar(20) DEFAULT NULL,
  `question` mediumtext NOT NULL,
  `required` tinyint(1) NOT NULL DEFAULT 0,
  `question_order` int(11) NOT NULL
) ENGINE=InnoDB DEFAULT CHARSET=utf8;

-- --------------------------------------------------------

--
-- Table structure for table `tblform_question_box`
--

CREATE TABLE `tblform_question_box` (
  `boxid` int(11) NOT NULL,
  `boxtype` varchar(10) NOT NULL,
  `questionid` int(11) NOT NULL
) ENGINE=InnoDB DEFAULT CHARSET=utf8;

-- --------------------------------------------------------

--
-- Table structure for table `tblform_question_box_description`
--

CREATE TABLE `tblform_question_box_description` (
  `questionboxdescriptionid` int(11) NOT NULL,
  `description` mediumtext NOT NULL,
  `boxid` mediumtext NOT NULL,
  `questionid` int(11) NOT NULL
) ENGINE=InnoDB DEFAULT CHARSET=utf8;

-- --------------------------------------------------------

--
-- Table structure for table `tblform_results`
--

CREATE TABLE `tblform_results` (
  `resultid` int(11) NOT NULL,
  `boxid` int(11) NOT NULL,
  `boxdescriptionid` int(11) DEFAULT NULL,
  `rel_id` int(11) NOT NULL,
  `rel_type` varchar(20) DEFAULT NULL,
  `questionid` int(11) NOT NULL,
  `answer` text DEFAULT NULL,
  `resultsetid` int(11) NOT NULL
) ENGINE=InnoDB DEFAULT CHARSET=utf8;

-- --------------------------------------------------------

--
-- Table structure for table `tblgdpr_requests`
--

CREATE TABLE `tblgdpr_requests` (
  `id` int(11) NOT NULL,
  `clientid` int(11) NOT NULL DEFAULT 0,
  `contact_id` int(11) NOT NULL DEFAULT 0,
  `lead_id` int(11) NOT NULL DEFAULT 0,
  `request_type` varchar(191) DEFAULT NULL,
  `status` varchar(40) DEFAULT NULL,
  `request_date` datetime NOT NULL,
  `request_from` varchar(150) DEFAULT NULL,
  `description` text DEFAULT NULL
) ENGINE=InnoDB DEFAULT CHARSET=utf8;

-- --------------------------------------------------------

--
-- Table structure for table `tblinvoicepaymentrecords`
--

CREATE TABLE `tblinvoicepaymentrecords` (
  `id` int(11) NOT NULL,
  `invoiceid` int(11) NOT NULL,
  `amount` decimal(15,2) NOT NULL,
  `paymentmode` varchar(40) DEFAULT NULL,
  `paymentmethod` varchar(191) DEFAULT NULL,
  `date` date NOT NULL,
  `daterecorded` datetime NOT NULL,
  `note` text NOT NULL,
  `transactionid` mediumtext DEFAULT NULL
) ENGINE=InnoDB DEFAULT CHARSET=utf8;

--
-- Dumping data for table `tblinvoicepaymentrecords`
--

INSERT INTO `tblinvoicepaymentrecords` (`id`, `invoiceid`, `amount`, `paymentmode`, `paymentmethod`, `date`, `daterecorded`, `note`, `transactionid`) VALUES
(1, 1, '34.00', '1', NULL, '2020-02-13', '2020-02-13 10:23:15', '', 'tert');

-- --------------------------------------------------------

--
-- Table structure for table `tblinvoices`
--

CREATE TABLE `tblinvoices` (
  `id` int(11) NOT NULL,
  `sent` tinyint(1) NOT NULL DEFAULT 0,
  `datesend` datetime DEFAULT NULL,
  `clientid` int(11) NOT NULL,
  `deleted_customer_name` varchar(100) DEFAULT NULL,
  `number` int(11) NOT NULL,
  `prefix` varchar(50) DEFAULT NULL,
  `number_format` int(11) NOT NULL DEFAULT 0,
  `datecreated` datetime NOT NULL,
  `date` date NOT NULL,
  `duedate` date DEFAULT NULL,
  `currency` int(11) NOT NULL,
  `subtotal` decimal(15,2) NOT NULL,
  `total_tax` decimal(15,2) NOT NULL DEFAULT 0.00,
  `total` decimal(15,2) NOT NULL,
  `adjustment` decimal(15,2) DEFAULT NULL,
  `addedfrom` int(11) DEFAULT NULL,
  `hash` varchar(32) NOT NULL,
  `status` int(11) DEFAULT 1,
  `clientnote` text DEFAULT NULL,
  `adminnote` text DEFAULT NULL,
  `last_overdue_reminder` date DEFAULT NULL,
  `cancel_overdue_reminders` int(11) NOT NULL DEFAULT 0,
  `allowed_payment_modes` mediumtext DEFAULT NULL,
  `token` mediumtext DEFAULT NULL,
  `discount_percent` decimal(15,2) DEFAULT 0.00,
  `discount_total` decimal(15,2) DEFAULT 0.00,
  `discount_type` varchar(30) NOT NULL,
  `recurring` int(11) NOT NULL DEFAULT 0,
  `recurring_type` varchar(10) DEFAULT NULL,
  `custom_recurring` tinyint(1) NOT NULL DEFAULT 0,
  `cycles` int(11) NOT NULL DEFAULT 0,
  `total_cycles` int(11) NOT NULL DEFAULT 0,
  `is_recurring_from` int(11) DEFAULT NULL,
  `last_recurring_date` date DEFAULT NULL,
  `terms` text DEFAULT NULL,
  `sale_agent` int(11) NOT NULL DEFAULT 0,
  `billing_street` varchar(200) DEFAULT NULL,
  `billing_city` varchar(100) DEFAULT NULL,
  `billing_state` varchar(100) DEFAULT NULL,
  `billing_zip` varchar(100) DEFAULT NULL,
  `billing_country` int(11) DEFAULT NULL,
  `shipping_street` varchar(200) DEFAULT NULL,
  `shipping_city` varchar(100) DEFAULT NULL,
  `shipping_state` varchar(100) DEFAULT NULL,
  `shipping_zip` varchar(100) DEFAULT NULL,
  `shipping_country` int(11) DEFAULT NULL,
  `include_shipping` tinyint(1) NOT NULL,
  `show_shipping_on_invoice` tinyint(1) NOT NULL DEFAULT 1,
  `show_quantity_as` int(11) NOT NULL DEFAULT 1,
  `project_id` int(11) DEFAULT 0,
  `lead_id` int(11) DEFAULT 0,
  `subscription_id` int(11) NOT NULL DEFAULT 0
) ENGINE=InnoDB DEFAULT CHARSET=utf8;

--
-- Dumping data for table `tblinvoices`
--

INSERT INTO `tblinvoices` (`id`, `sent`, `datesend`, `clientid`, `deleted_customer_name`, `number`, `prefix`, `number_format`, `datecreated`, `date`, `duedate`, `currency`, `subtotal`, `total_tax`, `total`, `adjustment`, `addedfrom`, `hash`, `status`, `clientnote`, `adminnote`, `last_overdue_reminder`, `cancel_overdue_reminders`, `allowed_payment_modes`, `token`, `discount_percent`, `discount_total`, `discount_type`, `recurring`, `recurring_type`, `custom_recurring`, `cycles`, `total_cycles`, `is_recurring_from`, `last_recurring_date`, `terms`, `sale_agent`, `billing_street`, `billing_city`, `billing_state`, `billing_zip`, `billing_country`, `shipping_street`, `shipping_city`, `shipping_state`, `shipping_zip`, `shipping_country`, `include_shipping`, `show_shipping_on_invoice`, `show_quantity_as`, `project_id`, `lead_id`, `subscription_id`) VALUES
(1, 1, '2020-02-12 17:25:31', 2, NULL, 1, 'INV-', 1, '2020-02-12 17:25:04', '2020-02-12', '2020-03-13', 1, '34.00', '0.00', '34.00', '0.00', 1, 'aad1c7721f4f7781432d6173682d8716', 2, '', '', NULL, 0, 'a:1:{i:0;s:1:\"1\";}', NULL, '0.00', '0.00', '', 0, NULL, 0, 0, 0, NULL, NULL, '', 0, '', '', '', '', NULL, NULL, NULL, NULL, NULL, NULL, 0, 1, 2, 4, 0, 0);

-- --------------------------------------------------------

--
-- Table structure for table `tblitemable`
--

CREATE TABLE `tblitemable` (
  `id` int(11) NOT NULL,
  `rel_id` int(11) NOT NULL,
  `rel_type` varchar(15) NOT NULL,
  `description` mediumtext NOT NULL,
  `long_description` mediumtext DEFAULT NULL,
  `qty` decimal(15,2) NOT NULL,
  `rate` decimal(15,2) NOT NULL,
  `unit` varchar(40) DEFAULT NULL,
  `item_order` int(11) DEFAULT NULL
) ENGINE=InnoDB DEFAULT CHARSET=utf8;

--
-- Dumping data for table `tblitemable`
--

INSERT INTO `tblitemable` (`id`, `rel_id`, `rel_type`, `description`, `long_description`, `qty`, `rate`, `unit`, `item_order`) VALUES
(1, 1, 'invoice', '324', '234', '1.00', '34.00', '', 1);

-- --------------------------------------------------------

--
-- Table structure for table `tblitems`
--

CREATE TABLE `tblitems` (
  `id` int(11) NOT NULL,
  `description` mediumtext NOT NULL,
  `long_description` text DEFAULT NULL,
  `rate` decimal(15,2) NOT NULL,
  `tax` int(11) DEFAULT NULL,
  `tax2` int(11) DEFAULT NULL,
  `unit` varchar(40) DEFAULT NULL,
  `group_id` int(11) NOT NULL DEFAULT 0
) ENGINE=InnoDB DEFAULT CHARSET=utf8;

-- --------------------------------------------------------

--
-- Table structure for table `tblitems_groups`
--

CREATE TABLE `tblitems_groups` (
  `id` int(11) NOT NULL,
  `name` varchar(50) NOT NULL
) ENGINE=InnoDB DEFAULT CHARSET=utf8;

-- --------------------------------------------------------

--
-- Table structure for table `tblitem_tax`
--

CREATE TABLE `tblitem_tax` (
  `id` int(11) NOT NULL,
  `itemid` int(11) NOT NULL,
  `rel_id` int(11) NOT NULL,
  `rel_type` varchar(20) NOT NULL,
  `taxrate` decimal(15,2) NOT NULL,
  `taxname` varchar(100) NOT NULL
) ENGINE=InnoDB DEFAULT CHARSET=utf8;

-- --------------------------------------------------------

--
-- Table structure for table `tblknowedge_base_article_feedback`
--

CREATE TABLE `tblknowedge_base_article_feedback` (
  `articleanswerid` int(11) NOT NULL,
  `articleid` int(11) NOT NULL,
  `answer` int(11) NOT NULL,
  `ip` varchar(40) NOT NULL,
  `date` datetime NOT NULL
) ENGINE=InnoDB DEFAULT CHARSET=utf8;

-- --------------------------------------------------------

--
-- Table structure for table `tblknowledge_base`
--

CREATE TABLE `tblknowledge_base` (
  `articleid` int(11) NOT NULL,
  `articlegroup` int(11) NOT NULL,
  `subject` mediumtext NOT NULL,
  `description` text NOT NULL,
  `slug` mediumtext NOT NULL,
  `active` tinyint(4) NOT NULL,
  `datecreated` datetime NOT NULL,
  `article_order` int(11) NOT NULL DEFAULT 0,
  `staff_article` int(11) NOT NULL DEFAULT 0
) ENGINE=InnoDB DEFAULT CHARSET=utf8;

--
-- Dumping data for table `tblknowledge_base`
--

INSERT INTO `tblknowledge_base` (`articleid`, `articlegroup`, `subject`, `description`, `slug`, `active`, `datecreated`, `article_order`, `staff_article`) VALUES
(1, 1, 'Test', 'Test Article', 'test', 1, '2019-12-25 16:29:11', 0, 1);

-- --------------------------------------------------------

--
-- Table structure for table `tblknowledge_base_groups`
--

CREATE TABLE `tblknowledge_base_groups` (
  `groupid` int(11) NOT NULL,
  `name` varchar(191) NOT NULL,
  `group_slug` text DEFAULT NULL,
  `description` mediumtext DEFAULT NULL,
  `active` tinyint(4) NOT NULL,
  `color` varchar(10) DEFAULT '#28B8DA',
  `group_order` int(11) DEFAULT 0
) ENGINE=InnoDB DEFAULT CHARSET=utf8;

--
-- Dumping data for table `tblknowledge_base_groups`
--

INSERT INTO `tblknowledge_base_groups` (`groupid`, `name`, `group_slug`, `description`, `active`, `color`, `group_order`) VALUES
(1, 'Test', 'test', '', 1, '', 1),
(2, 'Sample', 'sample', '', 1, '', 2);

-- --------------------------------------------------------

--
-- Table structure for table `tblleads`
--

CREATE TABLE `tblleads` (
  `id` int(11) NOT NULL,
  `hash` varchar(65) DEFAULT NULL,
  `name` varchar(191) NOT NULL,
  `title` varchar(100) DEFAULT NULL,
  `company` varchar(191) DEFAULT NULL,
  `description` text DEFAULT NULL,
  `country` int(11) NOT NULL DEFAULT 0,
  `zip` varchar(15) DEFAULT NULL,
  `city` varchar(100) DEFAULT NULL,
  `state` varchar(50) DEFAULT NULL,
  `address` varchar(100) DEFAULT NULL,
  `teamleader` int(11) NOT NULL,
  `assigned` int(11) NOT NULL DEFAULT 0,
  `dateadded` datetime NOT NULL,
  `from_form_id` int(11) NOT NULL DEFAULT 0,
  `status` int(11) NOT NULL,
  `source` int(11) NOT NULL,
  `pipeline_id` int(11) NOT NULL DEFAULT 0,
  `lastcontact` datetime DEFAULT NULL,
  `dateassigned` date DEFAULT NULL,
  `last_status_change` datetime DEFAULT NULL,
  `addedfrom` int(11) NOT NULL,
  `email` varchar(100) DEFAULT NULL,
  `website` varchar(150) DEFAULT NULL,
  `leadorder` int(11) DEFAULT 1,
  `phonenumber` varchar(50) DEFAULT NULL,
  `date_converted` datetime DEFAULT NULL,
  `lost` tinyint(1) NOT NULL DEFAULT 0,
  `junk` int(11) NOT NULL DEFAULT 0,
  `last_lead_status` int(11) NOT NULL DEFAULT 0,
  `is_imported_from_email_integration` tinyint(1) NOT NULL DEFAULT 0,
  `email_integration_uid` varchar(30) DEFAULT NULL,
  `is_public` tinyint(1) NOT NULL DEFAULT 0,
  `default_language` varchar(40) DEFAULT NULL,
  `startdate` date NOT NULL,
  `enddate` date NOT NULL,
  `currency` int(11) NOT NULL,
  `rate` double NOT NULL,
  `client_id` int(11) NOT NULL DEFAULT 0
) ENGINE=InnoDB DEFAULT CHARSET=utf8;

--
-- Dumping data for table `tblleads`
--

INSERT INTO `tblleads` (`id`, `hash`, `name`, `title`, `company`, `description`, `country`, `zip`, `city`, `state`, `address`, `teamleader`, `assigned`, `dateadded`, `from_form_id`, `status`, `source`, `pipeline_id`, `lastcontact`, `dateassigned`, `last_status_change`, `addedfrom`, `email`, `website`, `leadorder`, `phonenumber`, `date_converted`, `lost`, `junk`, `last_lead_status`, `is_imported_from_email_integration`, `email_integration_uid`, `is_public`, `default_language`, `startdate`, `enddate`, `currency`, `rate`, `client_id`) VALUES
(1, '7ea25e2750e2dc587cd12ab50d063e00-47cbdecd25ae08ff39afe76dd309cb5d', 'Test lead', 'Web Developer', 'Test Company', 'Test Content', 102, '625020', 'Madurai', 'Tamil Nadu', 'Test Address', 2, 5, '2019-12-26 11:40:52', 0, 2, 2, 1, '2019-12-26 11:40:52', '2020-01-23', '2020-01-23 10:48:23', 1, 'testlead@tts.com', 'http://www.tts.com', 2, '7894651320', NULL, 0, 0, 0, 0, NULL, 0, 'english', '2020-01-23', '2020-01-31', 1, 100, 0),
(2, '2c6dcc8d0ac2040f55241c3f968eda72-ac6c1760c3d936ccafb8f8ac3ecfea45', '1', 'Lead', 'TTS', 'Sample content', 102, '625001', 'Madurai', 'Tamil nadu', 'No 18, West street', 2, 6, '2020-01-14 11:48:30', 0, 2, 2, 2, '2020-01-20 13:00:00', '2020-01-23', '2020-01-14 11:48:53', 1, 'customer@tts.com', 'http://www.test.com', 1, '9867451123', NULL, 0, 0, 0, 0, NULL, 0, 'english', '2020-01-23', '2020-01-31', 1, 100, 1),
(3, '913281c119a393e3e9169691a77e79f8-5e5ae9941857307f505c705085f0ccb7', 'Test lead 1', 'Web Developer', 'Test Company 1', 'Test Content 1', 102, '625020', 'Madurai', 'Tamil Nadu', 'Test Address 1', 2, 4, '2020-01-17 13:20:08', 0, 2, 1, 1, '2020-01-17 13:20:08', '2020-01-23', NULL, 1, 'testlead1@tts.com', 'http://www.tts.com', 1, '07894651320', NULL, 0, 0, 0, 0, NULL, 0, 'english', '2020-01-23', '2020-01-31', 1, 100, 0),
(4, '7fdab83543e448755f63e604af3d1179-cc8e3d2ebce8d41719bbe6dbf9591f83', 'Sample Lead 1', 'Web developer', 'Sample Company 1', 'Sample content', 102, '625020', 'Madurai', 'Tamil Nadu', 'Sample Address 1', 2, 6, '2020-01-20 10:51:07', 0, 2, 1, 2, '2020-01-20 13:00:00', '2020-01-23', NULL, 1, 'samplelead1@tts.com', 'http://www.tts.com', 1, '7894651320', NULL, 0, 0, 0, 0, NULL, 0, '', '2020-01-23', '2020-01-31', 1, 100, 0),
(5, '87bb3017ecd492bcdfc8a8af5a1ba1bc-7df1cba63fee9c88c73b7334264774e3', '1', 'Lead', 'TTS', '', 102, '625001', 'Madurai', 'Tamil nadu', 'No 18, West street', 2, 4, '2020-01-27 16:54:29', 0, 1, 0, 3, NULL, '2020-01-27', '2020-01-27 17:16:50', 1, 'customer@tts.com', 'http://www.test.com', 2, '9867451123', NULL, 0, 0, 0, 0, NULL, 0, '', '0000-00-00', '0000-00-00', 0, 0, 0);

-- --------------------------------------------------------

--
-- Table structure for table `tblleads_email_integration`
--

CREATE TABLE `tblleads_email_integration` (
  `id` int(11) NOT NULL COMMENT 'the ID always must be 1',
  `active` int(11) NOT NULL,
  `email` varchar(100) NOT NULL,
  `imap_server` varchar(100) NOT NULL,
  `password` mediumtext NOT NULL,
  `check_every` int(11) NOT NULL DEFAULT 5,
  `responsible` int(11) NOT NULL,
  `lead_source` int(11) NOT NULL,
  `lead_status` int(11) NOT NULL,
  `encryption` varchar(3) DEFAULT NULL,
  `folder` varchar(100) NOT NULL,
  `last_run` varchar(50) DEFAULT NULL,
  `notify_lead_imported` tinyint(1) NOT NULL DEFAULT 1,
  `notify_lead_contact_more_times` tinyint(1) NOT NULL DEFAULT 1,
  `notify_type` varchar(20) DEFAULT NULL,
  `notify_ids` mediumtext DEFAULT NULL,
  `mark_public` int(11) NOT NULL DEFAULT 0,
  `only_loop_on_unseen_emails` tinyint(1) NOT NULL DEFAULT 1,
  `delete_after_import` int(11) NOT NULL DEFAULT 0,
  `create_task_if_customer` int(11) NOT NULL DEFAULT 0
) ENGINE=InnoDB DEFAULT CHARSET=utf8;

--
-- Dumping data for table `tblleads_email_integration`
--

INSERT INTO `tblleads_email_integration` (`id`, `active`, `email`, `imap_server`, `password`, `check_every`, `responsible`, `lead_source`, `lead_status`, `encryption`, `folder`, `last_run`, `notify_lead_imported`, `notify_lead_contact_more_times`, `notify_type`, `notify_ids`, `mark_public`, `only_loop_on_unseen_emails`, `delete_after_import`, `create_task_if_customer`) VALUES
(1, 0, '', '', '', 10, 0, 0, 0, 'tls', 'inbox', '', 1, 1, 'assigned', '', 0, 1, 0, 1);

-- --------------------------------------------------------

--
-- Table structure for table `tblleads_sources`
--

CREATE TABLE `tblleads_sources` (
  `id` int(11) NOT NULL,
  `name` varchar(150) NOT NULL
) ENGINE=InnoDB DEFAULT CHARSET=utf8;

--
-- Dumping data for table `tblleads_sources`
--

INSERT INTO `tblleads_sources` (`id`, `name`) VALUES
(2, 'Facebook'),
(1, 'Google'),
(3, 'LinkedIn'),
(4, 'NewsPaper');

-- --------------------------------------------------------

--
-- Table structure for table `tblleads_status`
--

CREATE TABLE `tblleads_status` (
  `id` int(11) NOT NULL,
  `name` varchar(50) NOT NULL,
  `statusorder` int(11) DEFAULT NULL,
  `color` varchar(10) DEFAULT '#28B8DA',
  `isdefault` int(11) NOT NULL DEFAULT 0
) ENGINE=InnoDB DEFAULT CHARSET=utf8;

--
-- Dumping data for table `tblleads_status`
--

INSERT INTO `tblleads_status` (`id`, `name`, `statusorder`, `color`, `isdefault`) VALUES
(1, 'Lead In', 5, '#28B8DA', 1),
(2, 'Contact Made', 0, '#757575', 0),
(3, 'Negotiations Started', 2, '#fb3b3b', 0),
(4, 'Needs Defined', 1, '#fb8c00', 0),
(5, 'Proposal Sent', 4, '#c53da9', 0),
(6, 'Working', 3, '#7cb342', 0);

-- --------------------------------------------------------

--
-- Table structure for table `tbllead_activity_log`
--

CREATE TABLE `tbllead_activity_log` (
  `id` int(11) NOT NULL,
  `leadid` int(11) NOT NULL,
  `description` mediumtext NOT NULL,
  `additional_data` text DEFAULT NULL,
  `date` datetime NOT NULL,
  `staffid` int(11) NOT NULL,
  `full_name` varchar(100) DEFAULT NULL,
  `custom_activity` tinyint(1) NOT NULL DEFAULT 0
) ENGINE=InnoDB DEFAULT CHARSET=utf8;

--
-- Dumping data for table `tbllead_activity_log`
--

INSERT INTO `tbllead_activity_log` (`id`, `leadid`, `description`, `additional_data`, `date`, `staffid`, `full_name`, `custom_activity`) VALUES
(1, 1, 'not_lead_activity_created', '', '2019-12-26 11:40:52', 1, 'Admin tts', 0),
(2, 1, 'not_lead_activity_assigned_to', 'a:2:{i:0;s:9:\"Admin tts\";i:1;s:85:\"<a href=\"http://192.168.2.128:82/ttscrm/admin/profile/4\" target=\"_blank\">Elliot J</a>\";}', '2019-12-30 18:55:44', 1, 'Admin tts', 0),
(3, 1, 'not_lead_activity_status_updated', 'a:3:{i:0;s:9:\"Admin tts\";i:1;s:8:\"Customer\";i:2;s:3:\"New\";}', '2019-12-30 18:56:08', 1, 'Admin tts', 0),
(4, 1, 'not_lead_activity_status_updated', 'a:3:{i:0;s:9:\"Admin tts\";i:1;N;i:2;s:3:\"New\";}', '2020-01-14 11:36:56', 1, 'Admin tts', 0),
(5, 2, 'not_lead_activity_created', '', '2020-01-14 11:48:30', 1, 'Admin tts', 0),
(6, 2, 'not_lead_activity_status_updated', 'a:3:{i:0;s:9:\"Admin tts\";i:1;N;i:2;s:3:\"New\";}', '2020-01-14 11:48:53', 1, 'Admin tts', 0),
(7, 2, 'not_lead_activity_assigned_to', 'a:2:{i:0;s:9:\"Admin tts\";i:1;s:86:\"<a href=\"http://192.168.2.128:82/ttscrm/admin/profile/5\" target=\"_blank\">William G</a>\";}', '2020-01-17 10:05:47', 1, 'Admin tts', 0),
(8, 2, 'not_lead_activity_assigned_to', 'a:2:{i:0;s:9:\"Admin tts\";i:1;s:85:\"<a href=\"http://192.168.2.128:82/ttscrm/admin/profile/6\" target=\"_blank\">Andrew G</a>\";}', '2020-01-17 12:11:01', 1, 'Admin tts', 0),
(9, 2, 'not_lead_activity_assigned_to', 'a:2:{i:0;s:9:\"Admin tts\";i:1;s:86:\"<a href=\"http://192.168.2.128:82/ttscrm/admin/profile/5\" target=\"_blank\">William G</a>\";}', '2020-01-17 12:11:31', 1, 'Admin tts', 0),
(10, 3, 'not_lead_activity_created', '', '2020-01-17 13:20:08', 1, 'Admin tts', 0),
(11, 3, 'not_lead_activity_assigned_to', 'a:2:{i:0;s:9:\"Admin tts\";i:1;s:85:\"<a href=\"http://192.168.2.128:82/ttscrm/admin/profile/6\" target=\"_blank\">Andrew G</a>\";}', '2020-01-17 13:20:11', 1, 'Admin tts', 0),
(12, 3, 'not_lead_activity_assigned_to', 'a:2:{i:0;s:9:\"Admin tts\";i:1;s:86:\"<a href=\"http://192.168.2.128:82/ttscrm/admin/profile/5\" target=\"_blank\">William G</a>\";}', '2020-01-17 16:16:54', 1, 'Admin tts', 0),
(13, 3, 'not_lead_activity_assigned_to', 'a:2:{i:0;s:9:\"Admin tts\";i:1;s:85:\"<a href=\"http://192.168.2.128:82/ttscrm/admin/profile/6\" target=\"_blank\">Andrew G</a>\";}', '2020-01-17 16:17:37', 1, 'Admin tts', 0),
(14, 1, 'not_lead_activity_status_updated', 'a:3:{i:0;s:9:\"Admin tts\";i:1;s:3:\"New\";i:2;s:9:\"Qualified\";}', '2020-01-20 12:41:26', 1, 'Admin tts', 0),
(15, 1, 'not_activity_new_task_created', 'a:1:{i:0;s:118:\"<a href=\"http://192.168.2.128:82/ttscrm/admin/tasks/view/1\" onclick=\"init_task_modal(1);return false;\">Sample Task</a>\";}', '2020-01-22 12:20:31', 1, 'Admin tts', 0),
(16, 1, 'not_lead_activity_status_updated', 'a:3:{i:0;s:9:\"Admin tts\";i:1;s:13:\"Needs Defined\";i:2;s:12:\"Contact Made\";}', '2020-01-23 10:48:23', 1, 'Admin tts', 0),
(17, 1, 'not_lead_activity_assigned_to', 'a:2:{i:0;s:9:\"Admin tts\";i:1;s:90:\"<a href=\"http://192.168.2.128:82/perfex_crm/admin/profile/5\" target=\"_blank\">William G</a>\";}', '2020-01-23 10:56:38', 1, 'Admin tts', 0),
(18, 1, 'not_lead_activity_assigned_to', 'a:2:{i:0;s:9:\"Admin tts\";i:1;s:88:\"<a href=\"http://192.168.2.128:82/perfex_crm/admin/profile/4\" target=\"_blank\">James G</a>\";}', '2020-01-23 10:58:05', 1, 'Admin tts', 0),
(19, 1, 'not_lead_activity_assigned_to', 'a:2:{i:0;s:9:\"Admin tts\";i:1;s:90:\"<a href=\"http://192.168.2.128:82/perfex_crm/admin/profile/5\" target=\"_blank\">William G</a>\";}', '2020-01-23 11:06:08', 1, 'Admin tts', 0),
(20, 3, 'not_lead_activity_assigned_to', 'a:2:{i:0;s:9:\"Admin tts\";i:1;s:88:\"<a href=\"http://192.168.2.128:82/perfex_crm/admin/profile/4\" target=\"_blank\">James G</a>\";}', '2020-01-23 11:17:43', 1, 'Admin tts', 0),
(21, 2, 'not_lead_activity_assigned_to', 'a:2:{i:0;s:9:\"Admin tts\";i:1;s:89:\"<a href=\"http://192.168.2.128:82/perfex_crm/admin/profile/6\" target=\"_blank\">Andrew G</a>\";}', '2020-01-23 12:19:48', 1, 'Admin tts', 0),
(22, 4, 'not_lead_activity_assigned_to', 'a:2:{i:0;s:9:\"Admin tts\";i:1;s:89:\"<a href=\"http://192.168.2.128:82/perfex_crm/admin/profile/6\" target=\"_blank\">Andrew G</a>\";}', '2020-01-23 12:20:22', 1, 'Admin tts', 0),
(23, 5, 'not_lead_activity_created', '', '2020-01-27 16:54:29', 1, 'Admin tts', 0),
(24, 5, 'not_lead_activity_assigned_to', 'a:2:{i:0;s:9:\"Admin tts\";i:1;s:89:\"<a href=\"http://182.73.138.2:7070/perfex_crm/admin/profile/4\" target=\"_blank\">James G</a>\";}', '2020-01-27 16:54:35', 1, 'Admin tts', 0),
(25, 5, 'not_lead_activity_status_updated', 'a:3:{i:0;s:9:\"Admin tts\";i:1;s:7:\"Lead In\";i:2;s:12:\"Contact Made\";}', '2020-01-27 17:16:11', 1, 'Admin tts', 0),
(26, 5, 'not_lead_activity_status_updated', 'a:3:{i:0;s:9:\"Admin tts\";i:1;s:12:\"Contact Made\";i:2;s:20:\"Negotiations Started\";}', '2020-01-27 17:16:19', 1, 'Admin tts', 0),
(27, 5, 'not_lead_activity_status_updated', 'a:3:{i:0;s:9:\"Admin tts\";i:1;s:20:\"Negotiations Started\";i:2;s:13:\"Proposal Sent\";}', '2020-01-27 17:16:33', 1, 'Admin tts', 0),
(28, 5, 'not_lead_activity_status_updated', 'a:3:{i:0;s:9:\"Admin tts\";i:1;s:13:\"Proposal Sent\";i:2;s:7:\"Working\";}', '2020-01-27 17:16:37', 1, 'Admin tts', 0),
(29, 5, 'not_lead_activity_status_updated', 'a:3:{i:0;s:9:\"Admin tts\";i:1;s:7:\"Working\";i:2;s:7:\"Lead In\";}', '2020-01-27 17:16:51', 1, 'Admin tts', 0),
(30, 4, 'not_lead_activity_added_attachment', '', '2020-02-03 11:49:43', 1, 'Admin tts', 0),
(31, 4, 'not_lead_activity_added_attachment', '', '2020-02-03 11:49:44', 1, 'Admin tts', 0),
(32, 4, 'not_activity_new_task_created', 'a:1:{i:0;s:116:\"<a href=\"http://182.73.138.2:7070/perfex_crm/admin/tasks/view/2\" onclick=\"init_task_modal(2);return false;\">12 o</a>\";}', '2020-02-03 11:52:29', 1, 'Admin tts', 0),
(33, 1, 'hello', '', '2020-02-03 11:56:59', 1, 'Admin tts', 1);

-- --------------------------------------------------------

--
-- Table structure for table `tbllead_integration_emails`
--

CREATE TABLE `tbllead_integration_emails` (
  `id` int(11) NOT NULL,
  `subject` mediumtext DEFAULT NULL,
  `body` mediumtext DEFAULT NULL,
  `dateadded` datetime NOT NULL,
  `leadid` int(11) NOT NULL,
  `emailid` int(11) NOT NULL
) ENGINE=InnoDB DEFAULT CHARSET=utf8;

-- --------------------------------------------------------

--
-- Table structure for table `tblmail_queue`
--

CREATE TABLE `tblmail_queue` (
  `id` int(11) NOT NULL,
  `engine` varchar(40) DEFAULT NULL,
  `email` varchar(191) NOT NULL,
  `cc` text DEFAULT NULL,
  `bcc` text DEFAULT NULL,
  `message` mediumtext NOT NULL,
  `alt_message` mediumtext DEFAULT NULL,
  `status` enum('pending','sending','sent','failed') DEFAULT NULL,
  `date` datetime DEFAULT NULL,
  `headers` text DEFAULT NULL,
  `attachments` mediumtext DEFAULT NULL
) ENGINE=InnoDB DEFAULT CHARSET=utf8;

-- --------------------------------------------------------

--
-- Table structure for table `tblmigrations`
--

CREATE TABLE `tblmigrations` (
  `version` bigint(20) NOT NULL
) ENGINE=InnoDB DEFAULT CHARSET=utf8;

--
-- Dumping data for table `tblmigrations`
--

INSERT INTO `tblmigrations` (`version`) VALUES
(240);

-- --------------------------------------------------------

--
-- Table structure for table `tblmilestones`
--

CREATE TABLE `tblmilestones` (
  `id` int(11) NOT NULL,
  `name` varchar(191) NOT NULL,
  `description` text DEFAULT NULL,
  `description_visible_to_customer` tinyint(1) DEFAULT 0,
  `due_date` date NOT NULL,
  `project_id` int(11) NOT NULL,
  `color` varchar(10) DEFAULT NULL,
  `milestone_order` int(11) NOT NULL DEFAULT 0,
  `datecreated` date NOT NULL
) ENGINE=InnoDB DEFAULT CHARSET=utf8;

-- --------------------------------------------------------

--
-- Table structure for table `tblmodules`
--

CREATE TABLE `tblmodules` (
  `id` int(11) NOT NULL,
  `module_name` varchar(55) NOT NULL,
  `installed_version` varchar(11) NOT NULL,
  `active` tinyint(1) NOT NULL
) ENGINE=InnoDB DEFAULT CHARSET=utf8;

--
-- Dumping data for table `tblmodules`
--

INSERT INTO `tblmodules` (`id`, `module_name`, `installed_version`, `active`) VALUES
(1, 'menu_setup', '2.3.0', 0);

-- --------------------------------------------------------

--
-- Table structure for table `tblmodules_permissions`
--

CREATE TABLE `tblmodules_permissions` (
  `id` int(11) NOT NULL,
  `features` text NOT NULL,
  `features_label` text NOT NULL,
  `active` enum('0','1') NOT NULL DEFAULT '0'
) ENGINE=InnoDB DEFAULT CHARSET=latin1;

--
-- Dumping data for table `tblmodules_permissions`
--

INSERT INTO `tblmodules_permissions` (`id`, `features`, `features_label`, `active`) VALUES
(1, 'bulk_pdf_exporter', 'Bulk PDF Exporter', '1'),
(2, 'contracts', 'Contracts', '0'),
(3, 'credit_notes', 'Credit Notes', '0'),
(4, 'customers', 'Customers', '1'),
(5, 'email_templates', 'Email Templates', '0'),
(6, 'estimates', 'Estimates', '0'),
(7, 'expenses', 'Expenses', '0'),
(8, 'invoices', 'Invoices', '0'),
(9, 'items', 'Items', '0'),
(10, 'knowledge_base', 'Knowledge Base', '0'),
(11, 'pipeline', 'Pipeline', '1'),
(12, 'payments', 'Payments', '0'),
(13, 'projects', 'Projects', '1'),
(14, 'proposals', 'Proposals', '0'),
(15, 'reports', 'Reports', '1'),
(16, 'roles', 'Roles', '1'),
(17, 'settings', 'Settings', '1'),
(18, 'staff', 'Staff', '1'),
(19, 'subscriptions', 'Subscriptions', '0'),
(20, 'tasks', 'Tasks', '1'),
(21, 'checklist_templates', 'Checklist Templates', '1'),
(22, 'tickets', 'Support', '0'),
(23, 'dashboard', 'Dashboard', '1'),
(24, 'sales', 'Sales', '0'),
(25, 'leads', 'leads', '0'),
(26, 'utilities', 'utilities', '0'),
(27, 'support', 'Admin Support', '0'),
(28, 'finance', 'Admin Finance', '0'),
(29, 'tasktype', 'Task-type', '1'),
(30, 'vault', 'Vault entries', '0'),
(31, 'designation', 'Designation', '1');

-- --------------------------------------------------------

--
-- Table structure for table `tblnewsfeed_comment_likes`
--

CREATE TABLE `tblnewsfeed_comment_likes` (
  `id` int(11) NOT NULL,
  `postid` int(11) NOT NULL,
  `commentid` int(11) NOT NULL,
  `userid` int(11) NOT NULL,
  `dateliked` datetime NOT NULL
) ENGINE=InnoDB DEFAULT CHARSET=utf8;

-- --------------------------------------------------------

--
-- Table structure for table `tblnewsfeed_posts`
--

CREATE TABLE `tblnewsfeed_posts` (
  `postid` int(11) NOT NULL,
  `creator` int(11) NOT NULL,
  `datecreated` datetime NOT NULL,
  `visibility` varchar(100) NOT NULL,
  `content` text NOT NULL,
  `pinned` int(11) NOT NULL,
  `datepinned` datetime DEFAULT NULL
) ENGINE=InnoDB DEFAULT CHARSET=utf8;

-- --------------------------------------------------------

--
-- Table structure for table `tblnewsfeed_post_comments`
--

CREATE TABLE `tblnewsfeed_post_comments` (
  `id` int(11) NOT NULL,
  `content` text DEFAULT NULL,
  `userid` int(11) NOT NULL,
  `postid` int(11) NOT NULL,
  `dateadded` datetime NOT NULL
) ENGINE=InnoDB DEFAULT CHARSET=utf8;

-- --------------------------------------------------------

--
-- Table structure for table `tblnewsfeed_post_likes`
--

CREATE TABLE `tblnewsfeed_post_likes` (
  `id` int(11) NOT NULL,
  `postid` int(11) NOT NULL,
  `userid` int(11) NOT NULL,
  `dateliked` datetime NOT NULL
) ENGINE=InnoDB DEFAULT CHARSET=utf8;

-- --------------------------------------------------------

--
-- Table structure for table `tblnotes`
--

CREATE TABLE `tblnotes` (
  `id` int(11) NOT NULL,
  `rel_id` int(11) NOT NULL,
  `rel_type` varchar(20) NOT NULL,
  `description` text DEFAULT NULL,
  `date_contacted` datetime DEFAULT NULL,
  `addedfrom` int(11) NOT NULL,
  `dateadded` datetime NOT NULL
) ENGINE=InnoDB DEFAULT CHARSET=utf8;

--
-- Dumping data for table `tblnotes`
--

INSERT INTO `tblnotes` (`id`, `rel_id`, `rel_type`, `description`, `date_contacted`, `addedfrom`, `dateadded`) VALUES
(1, 14, 'customer', 'Note for Bindu Pharmaceuticals', NULL, 1, '2020-03-29 10:47:18'),
(2, 102, 'customer', 'Beacon Diagnostics Pvt. Ltd. is a Reagent manufacturing and marketing company. It was established in 1990 and has been successfully manufacturing and marketing it products for more than 25 years in India and some countries abroad.<br />\n<br />\nBeacon is an ISO 9001:2015 and ISO 13485:2003 certified company having its plants and office at Navsari, Gujarat. It is CE certified.<br />\n<br />\nBeacon is engaged in manufacturing of Serology products and Biochemistry reagents. Its Serology manufacturing includes Widal test, RPR, PPD and ASO, CRP, RF latex tests. It manufactures wide range of routine and specialized biochemistry test reagents and System Packs. All manufacturing is done at its sophisticated manufacturing facility in an area covering more than 40,000 sq ft, at Navsari, Gujarat, INDIA. It has more than 100 employees at its plant and head office for various activities of management, manufacturing, Quality control and R&D, administration and logistic support.<br />\n<br />\nBeacon has pan India operation with more than 100 field staff, including 15 Application specialists to promote its products to customers. It engages more than 250 Distributors to support its customer all over India.<br />\n<br />\nBeacon has international sales and distribution network supplying in many Asian, African & European countries. Over the years Beacon has globalize with leading international companies to build up a comprehensive product range & services for its customers.<br />\n<br />\nIn India, It cover all majors customers including Private market, Semi Government sectors like NACO, Railways, Armed forces and other major Public sectors and all major Government sectors like Civil hospitals, Primary health centers.<br />\n<br />\nBeacon sincerely believes to employ genius and talented people, adopt new technologies to develop products and to continuously improve product quality and services .', NULL, 1, '2020-05-31 16:45:21'),
(3, 4, 'customer', 'fh', NULL, 1, '2020-07-13 20:27:45');

-- --------------------------------------------------------

--
-- Table structure for table `tblnotifications`
--

CREATE TABLE `tblnotifications` (
  `id` int(11) NOT NULL,
  `isread` int(11) NOT NULL DEFAULT 0,
  `isread_inline` tinyint(1) NOT NULL DEFAULT 0,
  `date` datetime NOT NULL,
  `description` text NOT NULL,
  `fromuserid` int(11) NOT NULL,
  `fromclientid` int(11) NOT NULL DEFAULT 0,
  `from_fullname` varchar(100) NOT NULL,
  `touserid` int(11) NOT NULL,
  `fromcompany` int(11) DEFAULT NULL,
  `link` mediumtext DEFAULT NULL,
  `additional_data` text DEFAULT NULL
) ENGINE=InnoDB DEFAULT CHARSET=utf8;

--
-- Dumping data for table `tblnotifications`
--

INSERT INTO `tblnotifications` (`id`, `isread`, `isread_inline`, `date`, `description`, `fromuserid`, `fromclientid`, `from_fullname`, `touserid`, `fromcompany`, `link`, `additional_data`) VALUES
(1, 1, 0, '2019-12-30 18:55:42', 'not_assigned_lead_to_you', 1, 0, 'Admin tts', 4, NULL, '#leadid=1', 'a:1:{i:0;s:9:\"Test lead\";}'),
(2, 1, 0, '2020-01-17 10:05:44', 'not_assigned_lead_to_you', 1, 0, 'Admin tts', 5, NULL, '#leadid=2', 'a:1:{i:0;s:11:\"Sample Lead\";}'),
(3, 1, 0, '2020-01-17 12:10:59', 'not_assigned_lead_to_you', 1, 0, 'Admin tts', 6, NULL, '#leadid=2', 'a:1:{i:0;s:11:\"Sample Lead\";}'),
(4, 1, 0, '2020-01-17 12:11:29', 'not_assigned_lead_to_you', 1, 0, 'Admin tts', 5, NULL, '#leadid=2', 'a:1:{i:0;s:11:\"Sample Lead\";}'),
(5, 1, 0, '2020-01-17 13:20:08', 'not_assigned_lead_to_you', 1, 0, 'Admin tts', 6, NULL, '#leadid=3', 'a:1:{i:0;s:11:\"Test lead 1\";}'),
(6, 1, 0, '2020-01-17 16:16:51', 'not_assigned_lead_to_you', 1, 0, 'Admin tts', 5, NULL, '#leadid=3', 'a:1:{i:0;s:11:\"Test lead 1\";}'),
(7, 1, 0, '2020-01-17 16:17:35', 'not_assigned_lead_to_you', 1, 0, 'Admin tts', 6, NULL, '#leadid=3', 'a:1:{i:0;s:11:\"Test lead 1\";}'),
(8, 1, 0, '2020-01-23 10:56:36', 'not_assigned_lead_to_you', 1, 0, 'Admin tts', 5, NULL, '#leadid=1', 'a:1:{i:0;s:9:\"Test lead\";}'),
(9, 1, 0, '2020-01-23 10:58:03', 'not_assigned_lead_to_you', 1, 0, 'Admin tts', 4, NULL, '#leadid=1', 'a:1:{i:0;s:9:\"Test lead\";}'),
(10, 1, 0, '2020-01-23 11:06:03', 'not_assigned_lead_to_you', 1, 0, 'Admin tts', 5, NULL, '#leadid=1', 'a:1:{i:0;s:9:\"Test lead\";}'),
(11, 1, 0, '2020-01-23 11:17:39', 'not_assigned_lead_to_you', 1, 0, 'Admin tts', 4, NULL, '#leadid=3', 'a:1:{i:0;s:11:\"Test lead 1\";}'),
(12, 0, 0, '2020-01-23 12:19:46', 'not_assigned_lead_to_you', 1, 0, 'Admin tts', 6, NULL, '#leadid=2', 'a:1:{i:0;s:11:\"Sample Lead\";}'),
(13, 0, 0, '2020-01-23 12:20:20', 'not_assigned_lead_to_you', 1, 0, 'Admin tts', 6, NULL, '#leadid=4', 'a:1:{i:0;s:13:\"Sample Lead 1\";}'),
(14, 0, 0, '2020-01-27 11:34:00', 'not_assigned_lead_to_you', 1, 0, 'Admin tts', 5, NULL, '#leadid=5', 'a:1:{i:0;s:9:\"Test lead\";}'),
(15, 1, 0, '2020-01-27 16:54:29', 'not_assigned_lead_to_you', 1, 0, 'Admin tts', 4, NULL, '#leadid=5', 'a:1:{i:0;s:1:\"1\";}'),
(16, 0, 0, '2020-02-03 11:49:43', 'not_lead_added_attachment', 1, 0, 'Admin tts', 6, NULL, '#leadid=4', 'a:1:{i:0;s:13:\"Sample Lead 1\";}'),
(17, 0, 0, '2020-02-03 11:49:45', 'not_lead_added_attachment', 1, 0, 'Admin tts', 6, NULL, '#leadid=4', 'a:1:{i:0;s:13:\"Sample Lead 1\";}'),
(18, 0, 0, '2020-02-12 16:44:47', 'not_staff_added_as_project_contact', 1, 0, 'Admin tts', 2, NULL, 'projects/view/2', 'a:1:{i:0;s:23:\"Tech mango Project 1002\";}'),
(19, 0, 0, '2020-02-14 12:08:18', 'not_task_assigned_to_you', 1, 0, 'Admin tts', 3, NULL, '#taskid=1', 'a:1:{i:0;s:11:\"Sample Task\";}'),
(20, 0, 0, '2020-02-18 16:53:28', 'not_staff_added_as_project_member', 1, 0, 'Admin tts', 5, NULL, 'projects/view/2', 'a:1:{i:0;s:23:\"Tech mango Project 1002\";}'),
(21, 0, 0, '2020-02-18 16:53:28', 'not_staff_added_as_project_member', 1, 0, 'Admin tts', 3, NULL, 'projects/view/2', 'a:1:{i:0;s:23:\"Tech mango Project 1002\";}'),
(22, 0, 0, '2020-02-18 16:53:29', 'not_staff_added_as_project_member', 1, 0, 'Admin tts', 2, NULL, 'projects/view/2', 'a:1:{i:0;s:23:\"Tech mango Project 1002\";}'),
(23, 1, 0, '2020-02-18 16:53:29', 'not_staff_added_as_project_member', 1, 0, 'Admin tts', 4, NULL, 'projects/view/2', 'a:1:{i:0;s:23:\"Tech mango Project 1002\";}'),
(24, 0, 0, '2020-02-18 16:53:29', 'not_staff_added_as_project_member', 1, 0, 'Admin tts', 6, NULL, 'projects/view/2', 'a:1:{i:0;s:23:\"Tech mango Project 1002\";}'),
(25, 0, 0, '2020-02-28 10:01:43', 'not_staff_added_as_project_contact', 1, 0, 'Admin tts', 2, NULL, 'projects/view/6', 'a:1:{i:0;s:9:\"Deal 0228\";}'),
(26, 0, 0, '2020-02-28 10:01:43', 'not_staff_added_as_project_contact', 1, 0, 'Admin tts', 3, NULL, 'projects/view/6', 'a:1:{i:0;s:9:\"Deal 0228\";}'),
(27, 1, 0, '2020-02-28 10:01:43', 'not_staff_added_as_project_contact', 1, 0, 'Admin tts', 4, NULL, 'projects/view/6', 'a:1:{i:0;s:9:\"Deal 0228\";}'),
(28, 0, 0, '2020-02-28 10:35:56', 'not_staff_added_as_project_contact', 1, 0, 'Admin tts', 2, NULL, 'projects/view/7', 'a:1:{i:0;s:9:\"Deal 0229\";}'),
(29, 0, 0, '2020-02-28 10:35:56', 'not_staff_added_as_project_contact', 1, 0, 'Admin tts', 3, NULL, 'projects/view/7', 'a:1:{i:0;s:9:\"Deal 0229\";}'),
(30, 1, 0, '2020-02-28 10:35:56', 'not_staff_added_as_project_contact', 1, 0, 'Admin tts', 4, NULL, 'projects/view/7', 'a:1:{i:0;s:9:\"Deal 0229\";}'),
(31, 0, 0, '2020-02-28 10:35:56', 'not_staff_added_as_project_contact', 1, 0, 'Admin tts', 5, NULL, 'projects/view/7', 'a:1:{i:0;s:9:\"Deal 0229\";}'),
(32, 1, 1, '2020-02-28 12:16:05', 'not_task_assigned_to_you', 0, 4, 'Person  0228', 1, NULL, '#taskid=15', 'a:1:{i:0;s:2:\"sd\";}'),
(33, 1, 0, '2020-03-06 17:22:29', 'not_staff_added_as_project_member', 1, 0, 'Admin tts', 4, NULL, 'projects/view/8', 'a:1:{i:0;s:22:\"Organization 0229 Deal\";}'),
(34, 0, 0, '2020-03-06 17:22:30', 'not_staff_added_as_project_member', 1, 0, 'Admin tts', 5, NULL, 'projects/view/8', 'a:1:{i:0;s:22:\"Organization 0229 Deal\";}'),
(35, 0, 0, '2020-03-10 14:08:24', 'not_staff_added_as_project_member', 1, 0, 'Admin tts', 8, NULL, 'projects/view/9', 'a:1:{i:0;s:24:\"Bion Life Sciences Deal \";}'),
(38, 0, 0, '2020-03-10 14:43:17', 'not_task_assigned_to_you', 1, 0, 'Admin tts', 8, NULL, '#taskid=19', 'a:1:{i:0;s:4:\"call\";}'),
(40, 0, 0, '2020-03-10 14:43:51', 'not_task_added_someone_as_follower', 1, 0, 'Admin tts', 8, NULL, '#taskid=19', 'a:2:{i:0;s:7:\"ADMIN A\";i:1;s:4:\"call\";}'),
(41, 0, 0, '2020-03-10 16:33:07', 'not_task_status_changed', 1, 0, 'Admin tts', 8, NULL, '#taskid=19', 'a:2:{i:0;s:4:\"call\";i:1;s:8:\"Upcoming\";}'),
(43, 0, 0, '2020-03-12 11:06:38', 'not_staff_added_as_project_contact', 1, 0, 'Admin tts', 8, NULL, 'projects/view/10', 'a:1:{i:0;s:27:\"Bacfo Pharmaceuticals Deal \";}'),
(44, 0, 0, '2020-03-12 16:11:36', 'not_staff_added_as_project_contact', 1, 0, 'Admin tts', 3, NULL, 'projects/view/2', 'a:1:{i:0;s:23:\"Tech mango Project 1002\";}'),
(45, 1, 0, '2020-03-12 16:11:36', 'not_staff_added_as_project_contact', 1, 0, 'Admin tts', 4, NULL, 'projects/view/2', 'a:1:{i:0;s:23:\"Tech mango Project 1002\";}'),
(46, 0, 0, '2020-03-12 16:11:36', 'not_staff_added_as_project_contact', 1, 0, 'Admin tts', 5, NULL, 'projects/view/2', 'a:1:{i:0;s:23:\"Tech mango Project 1002\";}'),
(47, 0, 0, '2020-03-12 16:11:36', 'not_staff_added_as_project_contact', 1, 0, 'Admin tts', 6, NULL, 'projects/view/2', 'a:1:{i:0;s:23:\"Tech mango Project 1002\";}'),
(49, 0, 0, '2020-03-12 16:11:36', 'not_staff_added_as_project_contact', 1, 0, 'Admin tts', 8, NULL, 'projects/view/2', 'a:1:{i:0;s:23:\"Tech mango Project 1002\";}'),
(50, 0, 0, '2020-03-13 16:44:23', 'not_staff_added_as_project_member', 1, 0, 'Admin tts', 8, NULL, 'projects/view/9', 'a:1:{i:0;s:24:\"Bion Life Sciences Deal \";}'),
(51, 0, 0, '2020-03-13 16:53:27', 'not_staff_added_as_project_member', 1, 0, 'Admin tts', 8, NULL, 'projects/view/9', 'a:1:{i:0;s:24:\"Bion Life Sciences Deal \";}'),
(52, 0, 0, '2020-03-13 17:10:28', 'not_staff_added_as_project_member', 1, 0, 'Admin tts', 8, NULL, 'projects/view/11', 'a:1:{i:0;s:19:\"Planet Pharma Deal \";}'),
(53, 0, 0, '2020-03-17 17:27:41', 'not_task_assigned_to_you', 1, 0, 'Admin tts', 8, NULL, '#taskid=23', 'a:1:{i:0;s:6:\"E-mail\";}'),
(54, 0, 0, '2020-03-17 17:28:51', 'not_task_assigned_to_you', 1, 0, 'Admin tts', 8, NULL, '#taskid=24', 'a:1:{i:0;s:5:\"Visit\";}'),
(55, 0, 0, '2020-03-17 17:29:25', 'not_task_unmarked_as_complete', 1, 0, 'Admin tts', 8, NULL, '#taskid=24', 'a:1:{i:0;s:5:\"Visit\";}'),
(56, 0, 0, '2020-03-17 18:22:29', 'not_task_marked_as_complete', 1, 0, 'Admin tts', 3, NULL, '#taskid=1', 'a:1:{i:0;s:11:\"Sample Task\";}'),
(57, 0, 0, '2020-03-17 18:22:44', 'not_task_unmarked_as_complete', 1, 0, 'Admin tts', 3, NULL, '#taskid=1', 'a:1:{i:0;s:11:\"Sample Task\";}'),
(58, 0, 0, '2020-03-17 18:23:05', 'not_task_marked_as_complete', 1, 0, 'Admin tts', 3, NULL, '#taskid=1', 'a:1:{i:0;s:11:\"Sample Task\";}'),
(59, 0, 0, '2020-03-17 18:49:03', 'not_task_unmarked_as_complete', 1, 0, 'Admin tts', 3, NULL, '#taskid=1', 'a:1:{i:0;s:11:\"Sample Task\";}'),
(60, 0, 0, '2020-03-18 10:59:35', 'not_task_assigned_to_you', 1, 0, 'Admin tts', 8, NULL, '#taskid=27', 'a:1:{i:0;s:6:\"E-mail\";}'),
(61, 0, 0, '2020-03-18 11:00:26', 'not_task_assigned_to_you', 1, 0, 'Admin tts', 8, NULL, '#taskid=28', 'a:1:{i:0;s:6:\"E-mail\";}'),
(62, 0, 0, '2020-03-18 11:02:50', 'not_task_assigned_to_you', 1, 0, 'Admin tts', 8, NULL, '#taskid=29', 'a:1:{i:0;s:14:\"Visit Directly\";}'),
(63, 0, 0, '2020-03-18 11:05:09', 'not_task_assigned_to_you', 1, 0, 'Admin tts', 8, NULL, '#taskid=30', 'a:1:{i:0;s:4:\"Call\";}'),
(64, 0, 0, '2020-03-18 11:07:58', 'not_task_marked_as_complete', 1, 0, 'Admin tts', 3, NULL, '#taskid=1', 'a:1:{i:0;s:11:\"Sample Task\";}'),
(65, 0, 0, '2020-03-18 11:08:09', 'not_task_assigned_to_you', 1, 0, 'Admin tts', 8, NULL, '#taskid=31', 'a:1:{i:0;s:4:\"Call\";}'),
(66, 0, 0, '2020-03-18 11:08:39', 'not_task_unmarked_as_complete', 1, 0, 'Admin tts', 3, NULL, '#taskid=1', 'a:1:{i:0;s:11:\"Sample Task\";}'),
(67, 0, 0, '2020-03-18 11:08:54', 'not_task_marked_as_complete', 1, 0, 'Admin tts', 3, NULL, '#taskid=1', 'a:1:{i:0;s:11:\"Sample Task\";}'),
(68, 0, 0, '2020-03-18 11:12:12', 'not_task_assigned_to_you', 1, 0, 'Admin tts', 8, NULL, '#taskid=32', 'a:1:{i:0;s:4:\"Call\";}'),
(69, 0, 0, '2020-03-18 11:12:59', 'not_task_assigned_to_you', 1, 0, 'Admin tts', 8, NULL, '#taskid=33', 'a:1:{i:0;s:4:\"Call\";}'),
(70, 0, 0, '2020-03-18 11:13:26', 'not_task_unmarked_as_complete', 1, 0, 'Admin tts', 8, NULL, '#taskid=23', 'a:1:{i:0;s:6:\"E-mail\";}'),
(71, 0, 0, '2020-03-18 11:15:44', 'not_staff_added_as_project_member', 1, 0, 'Admin tts', 8, NULL, 'projects/view/12', 'a:1:{i:0;s:13:\"Cadilla Deal \";}'),
(72, 0, 0, '2020-03-18 11:20:38', 'not_task_assigned_to_you', 1, 0, 'Admin tts', 8, NULL, '#taskid=34', 'a:1:{i:0;s:4:\"Call\";}'),
(73, 0, 0, '2020-03-18 11:21:25', 'not_task_unmarked_as_complete', 1, 0, 'Admin tts', 8, NULL, '#taskid=34', 'a:1:{i:0;s:4:\"Call\";}'),
(74, 0, 0, '2020-03-18 18:50:12', 'not_task_marked_as_complete', 1, 0, 'Admin tts', 8, NULL, '#taskid=19', 'a:1:{i:0;s:4:\"call\";}'),
(76, 0, 0, '2020-03-18 18:51:04', 'not_task_unmarked_as_complete', 1, 0, 'Admin tts', 8, NULL, '#taskid=27', 'a:1:{i:0;s:6:\"E-mail\";}'),
(77, 0, 0, '2020-03-18 18:51:11', 'not_task_unmarked_as_complete', 1, 0, 'Admin tts', 8, NULL, '#taskid=28', 'a:1:{i:0;s:6:\"E-mail\";}'),
(78, 1, 0, '2020-03-21 12:01:45', 'not_staff_added_as_project_member', 1, 0, 'Admin tts', 4, NULL, 'projects/view/13', 'a:1:{i:0;s:15:\"Pharm Evo Deal \";}'),
(79, 0, 0, '2020-03-21 12:11:42', 'not_task_assigned_to_you', 1, 0, 'Admin tts', 8, NULL, '#taskid=37', 'a:1:{i:0;s:4:\"Call\";}'),
(80, 0, 0, '2020-03-23 10:26:57', 'not_task_assigned_to_you', 1, 0, 'Admin tts', 8, NULL, '#taskid=38', 'a:1:{i:0;s:4:\"Call\";}'),
(81, 0, 0, '2020-03-23 10:33:33', 'not_task_assigned_to_you', 1, 0, 'Admin tts', 8, NULL, '#taskid=39', 'a:1:{i:0;s:6:\"E-mail\";}'),
(82, 0, 0, '2020-03-23 10:35:15', 'not_task_assigned_to_you', 1, 0, 'Admin tts', 8, NULL, '#taskid=40', 'a:1:{i:0;s:6:\"E-mail\";}'),
(83, 0, 0, '2020-03-23 10:49:37', 'not_task_assigned_to_you', 1, 0, 'Admin tts', 8, NULL, '#taskid=41', 'a:1:{i:0;s:5:\"Visit\";}'),
(84, 0, 0, '2020-03-23 11:06:21', 'not_task_assigned_to_you', 1, 0, 'Admin tts', 8, NULL, '#taskid=42', 'a:1:{i:0;s:12:\"intro E-mail\";}'),
(85, 0, 0, '2020-03-24 11:53:13', 'not_staff_added_as_project_member', 1, 0, 'Admin tts', 8, NULL, 'projects/view/14', 'a:1:{i:0;s:19:\"Aimil Payroll Deal \";}'),
(86, 0, 0, '2020-03-24 11:58:03', 'not_task_assigned_to_you', 1, 0, 'Admin tts', 8, NULL, '#taskid=43', 'a:1:{i:0;s:21:\"Direct Visit - Thakur\";}'),
(87, 0, 0, '2020-03-24 12:00:31', 'not_task_marked_as_complete', 1, 0, 'Admin tts', 8, NULL, '#taskid=43', 'a:1:{i:0;s:21:\"Direct Visit - Thakur\";}'),
(88, 1, 0, '2020-03-24 12:03:21', 'not_staff_added_as_project_member', 1, 0, 'Admin tts', 4, NULL, 'projects/view/15', 'a:1:{i:0;s:15:\"Aimil Geo Deal \";}'),
(89, 1, 0, '2020-03-24 12:08:00', 'not_project_status_updated', 1, 0, 'Admin tts', 4, NULL, 'projects/view/15', 'a:2:{i:0;s:29:\"<lang>project_status_1</lang>\";i:1;s:29:\"<lang>project_status_7</lang>\";}'),
(90, 0, 0, '2020-03-25 12:55:38', 'not_task_unmarked_as_complete', 1, 0, 'Admin tts', 8, NULL, '#taskid=43', 'a:1:{i:0;s:21:\"Direct Visit - Thakur\";}'),
(91, 0, 0, '2020-03-25 12:55:58', 'not_task_marked_as_complete', 1, 0, 'Admin tts', 8, NULL, '#taskid=43', 'a:1:{i:0;s:21:\"Direct Visit - Thakur\";}'),
(92, 1, 0, '2020-03-26 07:19:43', 'not_staff_added_as_project_member', 1, 0, 'Admin tts', 4, NULL, 'projects/view/16', 'a:1:{i:0;s:9:\"New Deal \";}'),
(93, 0, 0, '2020-03-26 07:25:20', 'not_staff_added_as_project_contact', 1, 0, 'Admin tts', 3, NULL, 'projects/view/17', 'a:1:{i:0;s:11:\"Test Deal 1\";}'),
(94, 0, 0, '2020-03-26 09:40:12', 'not_staff_added_as_project_member', 1, 0, 'Admin tts', 8, NULL, 'projects/view/18', 'a:1:{i:0;s:37:\"Bindu Pharmaceuticals Private Limited\";}'),
(95, 0, 0, '2020-03-26 09:48:07', 'not_project_file_uploaded', 1, 0, 'Admin tts', 8, NULL, 'projects/view/18?group=project_files&file_id=3', NULL),
(96, 1, 0, '2020-03-26 09:49:46', 'not_task_assigned_to_you', 1, 0, 'Admin tts', 4, NULL, '#taskid=44', 'a:1:{i:0;s:27:\"today we need to speak him \";}'),
(97, 1, 0, '2020-03-26 09:52:37', 'not_task_marked_as_complete', 1, 0, 'Admin tts', 4, NULL, '#taskid=44', 'a:1:{i:0;s:27:\"today we need to speak him \";}'),
(98, 1, 0, '2020-03-26 09:54:32', 'not_task_unmarked_as_complete', 1, 0, 'Admin tts', 4, NULL, '#taskid=44', 'a:1:{i:0;s:27:\"today we need to speak him \";}'),
(99, 1, 0, '2020-03-26 10:13:11', 'not_staff_added_as_project_member', 1, 0, 'Admin tts', 4, NULL, 'projects/view/20', 'a:1:{i:0;s:18:\"3A PHARMACEUTICALS\";}'),
(100, 1, 0, '2020-03-26 10:13:18', 'not_staff_added_as_project_contact', 1, 0, 'Admin tts', 4, NULL, 'projects/view/20', 'a:1:{i:0;s:18:\"3A PHARMACEUTICALS\";}'),
(101, 1, 0, '2020-03-26 10:35:53', 'not_task_marked_as_complete', 1, 0, 'Admin tts', 4, NULL, '#taskid=44', 'a:1:{i:0;s:27:\"today we need to speak him \";}'),
(102, 1, 0, '2020-03-26 10:38:27', 'not_task_new_comment', 1, 0, 'Admin tts', 4, NULL, '#taskid=44#comment_2', 'a:1:{i:0;s:27:\"today we need to speak him \";}'),
(103, 0, 0, '2020-03-26 10:42:06', 'not_staff_added_as_project_contact', 1, 0, 'Admin tts', 8, NULL, 'projects/view/21', 'a:1:{i:0;s:32:\"3G LIFE SCIENCES PVT.LTD - Deal \";}'),
(104, 0, 0, '2020-03-26 11:13:25', 'not_staff_added_as_project_member', 1, 0, 'Admin tts', 8, NULL, 'projects/view/22', 'a:1:{i:0;s:19:\"Bindu Pharm Payroll\";}'),
(106, 0, 0, '2020-03-26 12:10:55', 'not_staff_added_as_project_member', 1, 0, 'Admin tts', 8, NULL, 'projects/view/24', 'a:1:{i:0;s:34:\"4 CARE LIFESCIENCE PVT LTD - Deal \";}'),
(107, 0, 0, '2020-03-26 12:19:47', 'not_staff_added_as_project_member', 1, 0, 'Admin tts', 8, NULL, 'projects/view/25', 'a:1:{i:0;s:18:\"A D PHARMA - Deal \";}'),
(108, 0, 0, '2020-03-26 12:21:18', 'not_staff_added_as_project_member', 1, 0, 'Admin tts', 8, NULL, 'projects/view/26', 'a:1:{i:0;s:28:\"A ONE PHARMA PVT.LTD - Deal \";}'),
(109, 0, 0, '2020-03-26 12:23:06', 'not_staff_added_as_project_member', 1, 0, 'Admin tts', 8, NULL, 'projects/view/27', 'a:1:{i:0;s:18:\"A S PHARMA - Deal \";}'),
(110, 0, 0, '2020-03-26 12:23:58', 'not_staff_added_as_project_member', 1, 0, 'Admin tts', 8, NULL, 'projects/view/28', 'a:1:{i:0;s:38:\"A TO Z PHARMACEUTICALS PVT LTD - Deal \";}'),
(111, 0, 0, '2020-03-26 12:24:05', 'not_staff_added_as_project_contact', 1, 0, 'Admin tts', 8, NULL, 'projects/view/28', 'a:1:{i:0;s:38:\"A TO Z PHARMACEUTICALS PVT LTD - Deal \";}'),
(112, 0, 0, '2020-03-26 12:25:17', 'not_staff_added_as_project_member', 1, 0, 'Admin tts', 8, NULL, 'projects/view/29', 'a:1:{i:0;s:21:\"A.N.PHARMACIA - Deal \";}'),
(114, 0, 0, '2020-03-26 12:27:03', 'not_staff_added_as_project_member', 1, 0, 'Admin tts', 8, NULL, 'projects/view/30', 'a:1:{i:0;s:35:\"AAA PHARMACEUTICALS PVT LTD - Deal \";}'),
(115, 0, 0, '2020-03-26 12:30:15', 'not_staff_added_as_project_member', 1, 0, 'Admin tts', 8, NULL, 'projects/view/31', 'a:1:{i:0;s:33:\"AABTAC LIFECARE PVT. LTD. - Deal \";}'),
(116, 0, 0, '2020-03-26 12:31:29', 'not_staff_added_as_project_member', 1, 0, 'Admin tts', 8, NULL, 'projects/view/32', 'a:1:{i:0;s:35:\"AAGAM LIFE SCIENCES PVT.LTD - Deal \";}'),
(117, 0, 0, '2020-03-26 12:31:36', 'not_staff_added_as_project_contact', 1, 0, 'Admin tts', 8, NULL, 'projects/view/32', 'a:1:{i:0;s:35:\"AAGAM LIFE SCIENCES PVT.LTD - Deal \";}'),
(118, 0, 0, '2020-03-26 12:33:04', 'not_staff_added_as_project_member', 1, 0, 'Admin tts', 8, NULL, 'projects/view/33', 'a:1:{i:0;s:28:\"AALTRAMED HEALTHCARE - Deal \";}'),
(119, 0, 0, '2020-03-26 12:34:49', 'not_staff_added_as_project_member', 1, 0, 'Admin tts', 8, NULL, 'projects/view/34', 'a:1:{i:0;s:28:\"AALTRAMED HEALTHCARE - Deal \";}'),
(120, 0, 0, '2020-03-26 12:36:22', 'not_staff_added_as_project_member', 1, 0, 'Admin tts', 8, NULL, 'projects/view/35', 'a:1:{i:0;s:26:\"AAN PHARMA PVT.LTD - Deal \";}'),
(121, 0, 0, '2020-03-26 12:37:43', 'not_staff_added_as_project_member', 1, 0, 'Admin tts', 8, NULL, 'projects/view/36', 'a:1:{i:0;s:19:\"AANA PHARMA - Deal \";}'),
(122, 0, 0, '2020-03-26 12:39:05', 'not_staff_added_as_project_member', 1, 0, 'Admin tts', 8, NULL, 'projects/view/37', 'a:1:{i:0;s:34:\"AANJANEYA LIFECARE LIMITED - Deal \";}'),
(123, 0, 0, '2020-03-26 12:47:31', 'not_staff_added_as_project_member', 1, 0, 'Admin tts', 8, NULL, 'projects/view/38', 'a:1:{i:0;s:32:\"AAR ESS REMEDIES PVT LTD - Deal \";}'),
(124, 0, 0, '2020-03-26 12:48:40', 'not_staff_added_as_project_member', 1, 0, 'Admin tts', 8, NULL, 'projects/view/39', 'a:1:{i:0;s:25:\"AAREEN HEALTHCARE - Deal \";}'),
(125, 0, 0, '2020-03-26 12:54:00', 'not_staff_added_as_project_member', 1, 0, 'Admin tts', 8, NULL, 'projects/view/40', 'a:1:{i:0;s:26:\"AARGE DRUGS PVTLTD - Deal \";}'),
(126, 0, 0, '2020-03-26 12:55:34', 'not_staff_added_as_project_member', 1, 0, 'Admin tts', 8, NULL, 'projects/view/41', 'a:1:{i:0;s:34:\"AARIN LIFE SCIENCE PVT.LTD - Deal \";}'),
(127, 0, 0, '2020-03-26 12:57:05', 'not_staff_added_as_project_member', 1, 0, 'Admin tts', 8, NULL, 'projects/view/42', 'a:1:{i:0;s:34:\"AARKIOS HEALTH PRIVATE LTD - Deal \";}'),
(128, 0, 0, '2020-03-26 12:58:15', 'not_staff_added_as_project_member', 1, 0, 'Admin tts', 8, NULL, 'projects/view/43', 'a:1:{i:0;s:28:\"AARON BIOTEC PVT.LTD - Deal \";}'),
(129, 0, 0, '2020-03-26 12:59:36', 'not_staff_added_as_project_member', 1, 0, 'Admin tts', 8, NULL, 'projects/view/44', 'a:1:{i:0;s:41:\"AARON HEALTHCARE & EXPORT PVT.LTD - Deal \";}'),
(130, 0, 0, '2020-03-26 13:00:56', 'not_staff_added_as_project_member', 1, 0, 'Admin tts', 8, NULL, 'projects/view/45', 'a:1:{i:0;s:37:\"AARPIK PHARMECUTICALS PVT LTD - Deal \";}'),
(131, 0, 0, '2020-03-26 13:02:01', 'not_staff_added_as_project_member', 1, 0, 'Admin tts', 8, NULL, 'projects/view/46', 'a:1:{i:0;s:38:\"AARSAN PHARMACEUTICALS PVT LTD - Deal \";}'),
(132, 0, 0, '2020-03-26 13:03:14', 'not_staff_added_as_project_member', 1, 0, 'Admin tts', 8, NULL, 'projects/view/47', 'a:1:{i:0;s:37:\"AARUX PHARMACEUTICALS PVT.LTD - Deal \";}'),
(133, 0, 0, '2020-03-26 13:04:24', 'not_staff_added_as_project_member', 1, 0, 'Admin tts', 8, NULL, 'projects/view/48', 'a:1:{i:0;s:30:\"AARYAN BIOCARE PVT.LTD - Deal \";}'),
(134, 0, 0, '2020-03-26 13:05:43', 'not_staff_added_as_project_member', 1, 0, 'Admin tts', 8, NULL, 'projects/view/49', 'a:1:{i:0;s:39:\"AASHRAY PHARMACEUTICALS PVT.LTD - Deal \";}'),
(135, 0, 0, '2020-03-26 13:16:52', 'not_staff_added_as_project_member', 1, 0, 'Admin tts', 8, NULL, 'projects/view/50', 'a:1:{i:0;s:41:\"AAURA CARE PHARMACEUTICAL PVT LTD - Deal \";}'),
(136, 0, 0, '2020-03-26 13:19:07', 'not_staff_added_as_project_member', 1, 0, 'Admin tts', 8, NULL, 'projects/view/51', 'a:1:{i:0;s:25:\"ABARIS HEALTHCARE - Deal \";}'),
(137, 0, 0, '2020-03-26 13:20:05', 'not_staff_added_as_project_member', 1, 0, 'Admin tts', 8, NULL, 'projects/view/52', 'a:1:{i:0;s:33:\"ABBEY HEALTH CARE PVT.LTD - Deal \";}'),
(138, 0, 0, '2020-03-26 13:26:15', 'not_staff_added_as_project_member', 1, 0, 'Admin tts', 8, NULL, 'projects/view/53', 'a:1:{i:0;s:34:\"ABBOTT HEALTHCARE PVT. LTD - Deal \";}'),
(139, 0, 0, '2020-03-26 13:32:52', 'not_staff_added_as_project_member', 1, 0, 'Admin tts', 8, NULL, 'projects/view/54', 'a:1:{i:0;s:34:\"4 CARE LIFESCIENCE PVT LTD - Deal \";}'),
(140, 0, 0, '2020-03-26 13:40:56', 'not_staff_added_as_project_member', 1, 0, 'Admin tts', 8, NULL, 'projects/view/55', 'a:1:{i:0;s:18:\"A D PHARMA - Deal \";}'),
(141, 0, 0, '2020-03-26 13:43:14', 'not_staff_added_as_project_member', 1, 0, 'Admin tts', 8, NULL, 'projects/view/56', 'a:1:{i:0;s:38:\"A TO Z PHARMACEUTICALS PVT LTD - Deal \";}'),
(142, 0, 0, '2020-03-26 13:45:24', 'not_staff_added_as_project_member', 1, 0, 'Admin tts', 8, NULL, 'projects/view/57', 'a:1:{i:0;s:35:\"AAGAM LIFE SCIENCES PVT.LTD - Deal \";}'),
(143, 0, 0, '2020-03-26 13:46:41', 'not_staff_added_as_project_member', 1, 0, 'Admin tts', 8, NULL, 'projects/view/58', 'a:1:{i:0;s:19:\"AANA PHARMA - Deal \";}'),
(144, 0, 0, '2020-03-26 13:48:22', 'not_staff_added_as_project_member', 1, 0, 'Admin tts', 8, NULL, 'projects/view/59', 'a:1:{i:0;s:32:\"AAR ESS REMEDIES PVT LTD - Deal \";}'),
(145, 0, 0, '2020-03-26 13:50:23', 'not_staff_added_as_project_member', 1, 0, 'Admin tts', 8, NULL, 'projects/view/60', 'a:1:{i:0;s:28:\"AARON BIOTEC PVT.LTD - Deal \";}'),
(146, 0, 0, '2020-03-26 13:52:05', 'not_staff_added_as_project_member', 1, 0, 'Admin tts', 8, NULL, 'projects/view/61', 'a:1:{i:0;s:41:\"AARON HEALTHCARE & EXPORT PVT.LTD - Deal \";}'),
(147, 0, 0, '2020-03-26 13:54:08', 'not_staff_added_as_project_member', 1, 0, 'Admin tts', 8, NULL, 'projects/view/62', 'a:1:{i:0;s:37:\"AARUX PHARMACEUTICALS PVT.LTD - Deal \";}'),
(148, 0, 0, '2020-03-26 13:55:41', 'not_staff_added_as_project_member', 1, 0, 'Admin tts', 8, NULL, 'projects/view/63', 'a:1:{i:0;s:30:\"AARYAN BIOCARE PVT.LTD - Deal \";}'),
(149, 0, 0, '2020-03-26 13:58:11', 'not_staff_added_as_project_member', 1, 0, 'Admin tts', 8, NULL, 'projects/view/64', 'a:1:{i:0;s:33:\"ABBEY HEALTH CARE PVT.LTD - Deal \";}'),
(150, 0, 0, '2020-03-26 13:59:20', 'not_staff_added_as_project_member', 1, 0, 'Admin tts', 8, NULL, 'projects/view/65', 'a:1:{i:0;s:34:\"ABBOTT HEALTHCARE PVT. LTD - Deal \";}'),
(151, 0, 0, '2020-03-26 16:18:24', 'not_staff_added_as_project_member', 1, 0, 'Admin tts', 8, NULL, 'projects/view/66', 'a:1:{i:0;s:43:\"ABHINAV HEALTHCARE PRODUCTS PVT.LTD - Deal \";}'),
(152, 0, 0, '2020-03-26 16:19:49', 'not_staff_added_as_project_member', 1, 0, 'Admin tts', 8, NULL, 'projects/view/67', 'a:1:{i:0;s:30:\"ABHINCO PHARMA PVT.LTD - Deal \";}'),
(153, 0, 0, '2020-03-26 16:22:15', 'not_staff_added_as_project_member', 1, 0, 'Admin tts', 8, NULL, 'projects/view/68', 'a:1:{i:0;s:31:\"ABIBA PHARMACIA PVT.LTD - Deal \";}'),
(154, 0, 0, '2020-03-26 16:25:49', 'not_staff_added_as_project_member', 1, 0, 'Admin tts', 8, NULL, 'projects/view/69', 'a:1:{i:0;s:30:\"ABKA PHARMACARE PVTLTD - Deal \";}'),
(155, 0, 0, '2020-03-26 16:27:26', 'not_staff_added_as_project_member', 1, 0, 'Admin tts', 8, NULL, 'projects/view/70', 'a:1:{i:0;s:26:\"ABM PHARMA PVT.LTD - Deal \";}'),
(156, 0, 0, '2020-03-26 16:28:44', 'not_staff_added_as_project_member', 1, 0, 'Admin tts', 8, NULL, 'projects/view/71', 'a:1:{i:0;s:17:\"ABN DRUGS - Deal \";}'),
(157, 0, 0, '2020-03-26 16:30:52', 'not_staff_added_as_project_member', 1, 0, 'Admin tts', 8, NULL, 'projects/view/72', 'a:1:{i:0;s:26:\"ABR DRUGS PVT LTD  - Deal \";}'),
(158, 0, 0, '2020-03-26 16:33:37', 'not_staff_added_as_project_member', 1, 0, 'Admin tts', 8, NULL, 'projects/view/73', 'a:1:{i:0;s:29:\"ACCILEX NUTRICORP LTD - Deal \";}'),
(159, 0, 0, '2020-03-26 16:35:52', 'not_staff_added_as_project_member', 1, 0, 'Admin tts', 8, NULL, 'projects/view/74', 'a:1:{i:0;s:32:\"ACCLIMATE PHARMA PVT.LTD - Deal \";}'),
(160, 0, 0, '2020-03-26 16:42:11', 'not_staff_added_as_project_member', 1, 0, 'Admin tts', 8, NULL, 'projects/view/75', 'a:1:{i:0;s:32:\"ACCOSTS REMEDIES PVT LTD - Deal \";}'),
(161, 0, 0, '2020-03-26 16:53:50', 'not_staff_added_as_project_member', 1, 0, 'Admin tts', 8, NULL, 'projects/view/76', 'a:1:{i:0;s:43:\"ACCURA CARE PHARMACEUTICALS PVT LTD - Deal \";}'),
(162, 0, 0, '2020-03-26 16:55:06', 'not_staff_added_as_project_member', 1, 0, 'Admin tts', 8, NULL, 'projects/view/77', 'a:1:{i:0;s:32:\"ACCURATE PHARMACEUTICALS - Deal \";}'),
(163, 0, 0, '2020-03-26 16:56:32', 'not_staff_added_as_project_member', 1, 0, 'Admin tts', 8, NULL, 'projects/view/78', 'a:1:{i:0;s:36:\"ACE REMEDIES PRIVATE LIMITED - Deal \";}'),
(164, 0, 0, '2020-03-26 16:58:03', 'not_staff_added_as_project_member', 1, 0, 'Admin tts', 8, NULL, 'projects/view/79', 'a:1:{i:0;s:31:\"ACELA HEALTHCARE PVTLTD - Deal \";}'),
(165, 0, 0, '2020-03-26 16:59:10', 'not_staff_added_as_project_member', 1, 0, 'Admin tts', 8, NULL, 'projects/view/80', 'a:1:{i:0;s:26:\"ACHIEVA HEALTHCARE - Deal \";}'),
(166, 0, 0, '2020-03-26 17:04:27', 'not_staff_added_as_project_member', 1, 0, 'Admin tts', 8, NULL, 'projects/view/81', 'a:1:{i:0;s:28:\"ACICHEM LABORATORIES - Deal \";}'),
(167, 0, 0, '2020-03-26 17:06:04', 'not_staff_added_as_project_member', 1, 0, 'Admin tts', 8, NULL, 'projects/view/82', 'a:1:{i:0;s:28:\"ACICHEM LABORATORIES - Deal \";}'),
(168, 0, 0, '2020-03-26 17:07:56', 'not_staff_added_as_project_member', 1, 0, 'Admin tts', 8, NULL, 'projects/view/83', 'a:1:{i:0;s:38:\"ACILA PHARMACEUTICALS PVT. LTD - Deal \";}'),
(169, 0, 0, '2020-03-26 17:29:31', 'not_staff_added_as_project_member', 1, 0, 'Admin tts', 8, NULL, 'projects/view/84', 'a:1:{i:0;s:38:\"ACINTA PHARMACEUTICALS PVT.LTD - Deal \";}'),
(170, 0, 0, '2020-03-26 17:31:01', 'not_staff_added_as_project_member', 1, 0, 'Admin tts', 8, NULL, 'projects/view/85', 'a:1:{i:0;s:28:\"ACME PHARMACEUTICALS - Deal \";}'),
(171, 0, 0, '2020-03-26 17:35:24', 'not_staff_added_as_project_member', 1, 0, 'Admin tts', 8, NULL, 'projects/view/86', 'a:1:{i:0;s:29:\"ACRON PHARMACEUTICALS - Deal \";}'),
(172, 0, 0, '2020-03-26 17:36:55', 'not_staff_added_as_project_member', 1, 0, 'Admin tts', 8, NULL, 'projects/view/87', 'a:1:{i:0;s:34:\"ACROSS LABORATORIES PVTLTD - Deal \";}'),
(173, 0, 0, '2020-03-26 17:39:39', 'not_staff_added_as_project_member', 1, 0, 'Admin tts', 8, NULL, 'projects/view/88', 'a:1:{i:0;s:35:\"ACS PHARMACEUTICALS PVT.LTD - Deal \";}'),
(174, 0, 0, '2020-03-28 22:24:37', 'not_task_assigned_to_you', 1, 0, 'Admin tts', 8, NULL, '#taskid=45', 'a:1:{i:0;s:19:\"when we can discuss\";}'),
(175, 0, 0, '2020-03-28 22:25:06', 'not_task_new_comment', 1, 0, 'Admin tts', 8, NULL, '#taskid=45#comment_3', 'a:1:{i:0;s:19:\"when we can discuss\";}'),
(176, 1, 0, '2020-03-29 10:32:27', 'not_staff_added_as_project_member', 1, 0, 'Admin tts', 4, NULL, 'projects/view/89', 'a:1:{i:0;s:15:\"Zebronics Deal \";}'),
(177, 0, 0, '2020-03-29 10:32:35', 'not_staff_added_as_project_contact', 1, 0, 'Admin tts', 2, NULL, 'projects/view/89', 'a:1:{i:0;s:15:\"Zebronics Deal \";}'),
(178, 0, 0, '2020-03-29 10:32:35', 'not_staff_added_as_project_contact', 1, 0, 'Admin tts', 3, NULL, 'projects/view/89', 'a:1:{i:0;s:15:\"Zebronics Deal \";}'),
(179, 0, 0, '2020-03-29 21:00:41', 'not_task_assigned_to_you', 1, 0, 'Admin tts', 0, NULL, '#taskid=46', 'a:1:{i:0;s:29:\"Activity against Organization\";}'),
(180, 0, 0, '2020-04-02 11:23:29', 'not_task_assigned_to_you', 1, 0, 'Admin tts', 0, NULL, '#taskid=', 'a:1:{i:0;N;}'),
(181, 0, 0, '2020-04-02 11:25:17', 'not_task_assigned_to_you', 1, 0, 'Admin tts', 0, NULL, '#taskid=', 'a:1:{i:0;N;}'),
(182, 0, 0, '2020-04-02 11:27:35', 'not_task_marked_as_complete', 1, 0, 'Admin tts', 8, NULL, '#taskid=42', 'a:1:{i:0;s:12:\"intro E-mail\";}'),
(183, 0, 0, '2020-04-02 11:27:43', 'not_task_assigned_to_you', 1, 0, 'Admin tts', 0, NULL, '#taskid=47', 'a:1:{i:0;s:6:\"E-mail\";}'),
(184, 1, 0, '2020-04-02 16:20:12', 'not_staff_added_as_project_member', 1, 0, 'Admin tts', 4, NULL, 'projects/view/90', 'a:1:{i:0;s:16:\"Deal TTS Testing\";}'),
(185, 0, 0, '2020-04-02 16:20:19', 'not_staff_added_as_project_contact', 1, 0, 'Admin tts', 2, NULL, 'projects/view/90', 'a:1:{i:0;s:16:\"Deal TTS Testing\";}'),
(186, 0, 0, '2020-04-02 16:20:19', 'not_staff_added_as_project_contact', 1, 0, 'Admin tts', 3, NULL, 'projects/view/90', 'a:1:{i:0;s:16:\"Deal TTS Testing\";}'),
(187, 1, 0, '2020-04-02 16:49:15', 'not_task_assigned_to_you', 1, 0, 'Admin tts', 4, NULL, '#taskid=', 'a:1:{i:0;N;}'),
(188, 0, 0, '2020-04-02 16:53:14', 'not_task_unmarked_as_complete', 1, 0, 'Admin tts', 3, NULL, '#taskid=1', 'a:1:{i:0;s:11:\"Sample Task\";}'),
(189, 1, 0, '2020-04-02 16:53:20', 'not_task_assigned_to_you', 1, 0, 'Admin tts', 4, NULL, '#taskid=48', 'a:1:{i:0;s:9:\"Visit tts\";}'),
(190, 0, 0, '2020-04-03 14:21:27', 'not_staff_added_as_project_member', 1, 0, 'Admin tts', 8, NULL, 'projects/view/91', 'a:1:{i:0;s:24:\"Shadow Enterprises Deal \";}'),
(191, 0, 0, '2020-04-03 14:21:52', 'not_project_status_updated', 1, 0, 'Admin tts', 8, NULL, 'projects/view/91', 'a:2:{i:0;s:29:\"<lang>project_status_0</lang>\";i:1;s:29:\"<lang>project_status_2</lang>\";}'),
(192, 0, 0, '2020-04-03 14:22:52', 'not_task_assigned_to_you', 1, 0, 'Admin tts', 8, NULL, '#taskid=49', 'a:1:{i:0;s:4:\"Call\";}'),
(193, 0, 0, '2020-04-03 14:23:23', 'not_task_assigned_to_you', 1, 0, 'Admin tts', 8, NULL, '#taskid=49', 'a:1:{i:0;s:4:\"Call\";}'),
(194, 0, 0, '2020-04-03 14:24:23', 'not_task_marked_as_complete', 1, 0, 'Admin tts', 8, NULL, '#taskid=49', 'a:1:{i:0;s:4:\"Call\";}'),
(195, 0, 0, '2020-04-03 14:24:29', 'not_task_assigned_to_you', 1, 0, 'Admin tts', 8, NULL, '#taskid=50', 'a:1:{i:0;s:4:\"Call\";}'),
(196, 0, 0, '2020-04-04 11:13:39', 'not_staff_added_as_project_member', 1, 0, 'Admin tts', 8, NULL, 'projects/view/92', 'a:1:{i:0;s:32:\"Shadow Enterpises, Chennai Deal \";}'),
(197, 0, 0, '2020-04-04 11:16:48', 'not_task_assigned_to_you', 1, 0, 'Admin tts', 8, NULL, '#taskid=51', 'a:1:{i:0;s:4:\"Call\";}'),
(198, 0, 0, '2020-04-04 11:22:16', 'not_task_marked_as_complete', 1, 0, 'Admin tts', 8, NULL, '#taskid=51', 'a:1:{i:0;s:4:\"Call\";}'),
(199, 0, 0, '2020-04-04 11:22:22', 'not_task_assigned_to_you', 1, 0, 'Admin tts', 8, NULL, '#taskid=52', 'a:1:{i:0;s:4:\"Call\";}'),
(200, 0, 0, '2020-04-04 11:39:57', 'not_project_file_uploaded', 1, 0, 'Admin tts', 8, NULL, 'projects/view/92?group=project_files&file_id=4', NULL),
(201, 0, 0, '2020-04-04 11:42:35', 'not_project_file_uploaded', 1, 0, 'Admin tts', 8, NULL, 'projects/view/92?group=project_files&file_id=5', NULL),
(202, 0, 0, '2020-04-07 12:45:15', 'not_staff_added_as_project_member', 1, 0, 'Admin tts', 8, NULL, 'projects/view/93', 'a:1:{i:0;s:34:\"Dr. Reddys, Hyderabad - CLM & SFE \";}'),
(203, 0, 0, '2020-04-07 12:55:02', 'not_task_assigned_to_you', 1, 0, 'Admin tts', 8, NULL, '#taskid=53', 'a:1:{i:0;s:4:\"Call\";}'),
(204, 0, 0, '2020-04-07 14:27:02', 'not_staff_added_as_project_member', 1, 0, 'Admin tts', 8, NULL, 'projects/view/94', 'a:1:{i:0;s:30:\"RND Laboratories PVT LTD Deal \";}'),
(205, 0, 0, '2020-04-07 14:32:28', 'not_task_assigned_to_you', 1, 0, 'Admin tts', 8, NULL, '#taskid=54', 'a:1:{i:0;s:4:\"Call\";}'),
(206, 0, 0, '2020-04-07 14:33:51', 'not_task_assigned_to_you', 1, 0, 'Admin tts', 0, NULL, '#taskid=55', 'a:1:{i:0;s:6:\"E-mail\";}'),
(207, 0, 0, '2020-04-07 14:34:39', 'not_task_assigned_to_you', 1, 0, 'Admin tts', 0, NULL, '#taskid=56', 'a:1:{i:0;s:6:\"E-mail\";}'),
(208, 0, 0, '2020-04-07 14:35:55', 'not_task_new_comment', 1, 0, 'Admin tts', 8, NULL, '#taskid=54#comment_4', 'a:1:{i:0;s:4:\"Call\";}'),
(209, 0, 0, '2020-04-07 14:36:25', 'not_task_marked_as_complete', 1, 0, 'Admin tts', 8, NULL, '#taskid=54', 'a:1:{i:0;s:4:\"Call\";}'),
(210, 0, 0, '2020-04-07 14:36:32', 'not_task_assigned_to_you', 1, 0, 'Admin tts', 8, NULL, '#taskid=57', 'a:1:{i:0;s:4:\"Call\";}'),
(211, 0, 0, '2020-04-07 14:53:00', 'not_staff_added_as_project_member', 1, 0, 'Admin tts', 8, NULL, 'projects/view/7', 'a:1:{i:0;s:9:\"Deal 0229\";}'),
(212, 0, 0, '2020-04-08 12:57:12', 'not_task_new_comment', 1, 0, 'Admin tts', 8, NULL, '#taskid=40#comment_5', 'a:1:{i:0;s:6:\"E-mail\";}'),
(213, 0, 0, '2020-04-08 14:12:02', 'not_staff_added_as_project_member', 1, 0, 'Admin tts', 5, NULL, 'projects/view/50', 'a:1:{i:0;s:41:\"AAURA CARE PHARMACEUTICAL PVT LTD - Deal \";}'),
(214, 0, 0, '2020-04-08 16:47:53', 'not_staff_added_as_project_member', 1, 0, 'Admin tts', 6, NULL, 'projects/view/95', 'a:1:{i:0;s:7:\"Pharmac\";}'),
(215, 1, 0, '2020-04-08 17:57:19', 'not_task_assigned_to_you', 1, 0, 'Admin tts', 4, NULL, '#taskid=58', 'a:1:{i:0;s:11:\"Online Demo\";}'),
(216, 0, 0, '2020-04-09 14:12:01', 'not_project_status_updated', 1, 0, 'Admin tts', 6, NULL, 'projects/view/95', 'a:2:{i:0;s:29:\"<lang>project_status_1</lang>\";i:1;s:29:\"<lang>project_status_2</lang>\";}'),
(217, 0, 0, '2020-05-02 12:36:06', 'not_task_assigned_to_you', 1, 0, 'Admin tts', 0, NULL, '#taskid=59', 'a:1:{i:0;s:4:\"Call\";}'),
(218, 0, 0, '2020-05-02 12:59:58', 'not_task_assigned_to_you', 1, 0, 'Admin tts', 0, NULL, '#taskid=59', 'a:1:{i:0;s:4:\"Call\";}'),
(219, 0, 0, '2020-05-02 13:02:15', 'not_task_assigned_to_you', 1, 0, 'Admin tts', 0, NULL, '#taskid=60', 'a:1:{i:0;s:4:\"Call\";}'),
(220, 0, 0, '2020-05-05 14:09:06', 'not_task_assigned_to_you', 1, 0, 'Admin tts', 8, NULL, '#taskid=61', 'a:1:{i:0;s:4:\"Call\";}'),
(221, 0, 0, '2020-05-05 14:10:00', 'not_task_assigned_to_you', 1, 0, 'Admin tts', 2, NULL, '#taskid=62', 'a:1:{i:0;s:5:\"Visit\";}'),
(222, 0, 0, '2020-05-05 14:13:49', 'not_task_assigned_to_you', 1, 0, 'Admin tts', 0, NULL, '#taskid=62', 'a:1:{i:0;s:5:\"Visit\";}'),
(223, 0, 0, '2020-05-05 14:13:50', 'not_task_assigned_someone', 1, 0, 'Admin tts', 2, NULL, '#taskid=62', 'a:2:{i:0;s:9:\"Admin tts\";i:1;s:5:\"Visit\";}'),
(224, 0, 0, '2020-05-05 14:19:10', 'not_task_assigned_to_you', 1, 0, 'Admin tts', 0, NULL, '#taskid=63', 'a:1:{i:0;s:5:\"Visit\";}'),
(225, 0, 0, '2020-05-05 14:19:41', 'not_task_assigned_to_you', 1, 0, 'Admin tts', 2, NULL, '#taskid=64', 'a:1:{i:0;s:12:\"Direct Visit\";}'),
(226, 0, 0, '2020-05-05 14:20:18', 'not_task_assigned_to_you', 1, 0, 'Admin tts', 3, NULL, '#taskid=65', 'a:1:{i:0;s:9:\"Cold Call\";}'),
(227, 0, 0, '2020-05-05 14:21:32', 'not_task_assigned_to_you', 1, 0, 'Admin tts', 6, NULL, '#taskid=66', 'a:1:{i:0;s:13:\"Trial Account\";}'),
(228, 0, 0, '2020-05-05 14:22:26', 'not_task_assigned_to_you', 1, 0, 'Admin tts', 6, NULL, '#taskid=67', 'a:1:{i:0;s:8:\"Transit \";}'),
(229, 0, 0, '2020-05-05 14:23:20', 'not_task_assigned_to_you', 1, 0, 'Admin tts', 8, NULL, '#taskid=69', 'a:1:{i:0;s:8:\"Training\";}'),
(230, 0, 0, '2020-05-05 14:24:24', 'not_task_assigned_to_you', 1, 0, 'Admin tts', 2, NULL, '#taskid=70', 'a:1:{i:0;s:9:\"Cold Call\";}'),
(231, 0, 0, '2020-05-05 14:24:56', 'not_task_assigned_to_you', 1, 0, 'Admin tts', 2, NULL, '#taskid=71', 'a:1:{i:0;s:8:\"Proposal\";}'),
(232, 1, 0, '2020-05-05 14:25:31', 'not_task_assigned_to_you', 1, 0, 'Admin tts', 4, NULL, '#taskid=72', 'a:1:{i:0;s:11:\"Online Demo\";}'),
(233, 0, 0, '2020-05-05 14:26:06', 'not_task_marked_as_complete', 1, 0, 'Admin tts', 2, NULL, '#taskid=62', 'a:1:{i:0;s:5:\"Visit\";}'),
(234, 0, 0, '2020-05-05 14:26:58', 'not_task_assigned_to_you', 1, 0, 'Admin tts', 2, NULL, '#taskid=73', 'a:1:{i:0;s:4:\"Call\";}'),
(235, 1, 0, '2020-05-05 14:27:58', 'not_task_assigned_to_you', 1, 0, 'Admin tts', 4, NULL, '#taskid=74', 'a:1:{i:0;s:6:\"E-mail\";}'),
(236, 1, 0, '2020-05-05 15:27:00', 'not_staff_added_as_project_member', 1, 0, 'Admin tts', 4, NULL, 'projects/view/97', 'a:1:{i:0;s:20:\"Suguna Vaccine Deal \";}'),
(237, 1, 0, '2020-05-05 15:28:54', 'not_task_assigned_to_you', 1, 0, 'Admin tts', 4, NULL, '#taskid=75', 'a:1:{i:0;s:12:\"Direct Visit\";}'),
(238, 1, 0, '2020-05-05 15:40:20', 'not_staff_added_as_project_member', 1, 0, 'Admin tts', 4, NULL, 'projects/view/98', 'a:1:{i:0;s:21:\"SUguna  breeder Deal \";}'),
(239, 1, 0, '2020-05-05 15:42:09', 'not_project_file_uploaded', 1, 0, 'Admin tts', 4, NULL, 'projects/view/98?group=project_files&file_id=6', NULL),
(240, 0, 0, '2020-05-05 15:46:51', 'not_task_assigned_to_you', 1, 0, 'Admin tts', 0, NULL, '#taskid=76', 'a:1:{i:0;s:4:\"Call\";}'),
(241, 1, 0, '2020-05-19 13:31:26', 'not_staff_added_as_project_member', 1, 0, 'Admin tts', 4, NULL, 'projects/view/99', 'a:1:{i:0;s:17:\"Beacon diagnostic\";}'),
(242, 1, 0, '2020-05-19 13:33:10', 'not_staff_added_as_project_member', 1, 0, 'Admin tts', 4, NULL, 'projects/view/100', 'a:1:{i:0;s:14:\"Beacon Devices\";}'),
(243, 1, 0, '2020-05-19 15:30:15', 'not_staff_added_as_project_member', 1, 0, 'Admin tts', 4, NULL, 'projects/view/101', 'a:1:{i:0;s:13:\"Regents Deal \";}'),
(244, 1, 0, '2020-05-19 15:32:17', 'not_task_assigned_to_you', 1, 0, 'Admin tts', 4, NULL, '#taskid=77', 'a:1:{i:0;s:5:\"Visit\";}'),
(245, 0, 0, '2020-05-29 17:26:25', 'not_task_assigned_to_you', 1, 0, 'Admin tts', 0, NULL, '#taskid=78', 'a:1:{i:0;s:6:\"E-mail\";}'),
(246, 1, 0, '2020-05-29 17:29:14', 'not_task_assigned_to_you', 1, 0, 'Admin tts', 4, NULL, '#taskid=79', 'a:1:{i:0;s:5:\"Visit\";}'),
(247, 1, 0, '2020-05-29 17:29:35', 'not_task_new_comment', 1, 0, 'Admin tts', 4, NULL, '#taskid=79#comment_7', 'a:1:{i:0;s:5:\"Visit\";}'),
(248, 1, 0, '2020-05-29 17:31:47', 'not_task_marked_as_complete', 1, 0, 'Admin tts', 4, NULL, '#taskid=79', 'a:1:{i:0;s:5:\"Visit\";}'),
(249, 1, 0, '2020-05-30 08:18:34', 'not_staff_added_as_project_member', 1, 0, 'Admin tts', 4, NULL, 'projects/view/102', 'a:1:{i:0;s:20:\"SANeForce FMCG Deal \";}'),
(250, 0, 0, '2020-05-30 08:18:43', 'not_staff_added_as_project_contact', 1, 0, 'Admin tts', 2, NULL, 'projects/view/102', 'a:1:{i:0;s:20:\"SANeForce FMCG Deal \";}'),
(251, 1, 0, '2020-05-30 08:21:25', 'not_task_assigned_to_you', 1, 0, 'Admin tts', 4, NULL, '#taskid=80', 'a:1:{i:0;s:11:\"Negotiation\";}'),
(252, 1, 0, '2020-05-30 08:21:52', 'not_task_marked_as_complete', 1, 0, 'Admin tts', 4, NULL, '#taskid=80', 'a:1:{i:0;s:11:\"Negotiation\";}'),
(253, 1, 0, '2020-05-30 08:56:03', 'not_project_file_uploaded', 1, 0, 'Admin tts', 4, NULL, 'projects/view/100?group=project_files&file_id=7', NULL),
(254, 0, 0, '2020-06-01 14:54:19', 'not_task_assigned_to_you', 1, 0, 'Admin tts', 0, NULL, '#taskid=81', 'a:1:{i:0;s:6:\"E-mail\";}'),
(255, 1, 0, '2020-06-09 12:20:50', 'not_project_status_updated', 1, 0, 'Admin tts', 4, NULL, 'projects/view/100', 'a:2:{i:0;s:29:\"<lang>project_status_2</lang>\";i:1;s:29:\"<lang>project_status_6</lang>\";}'),
(256, 1, 0, '2020-06-09 12:40:19', 'not_task_assigned_to_you', 1, 0, 'Admin tts', 4, NULL, '#taskid=82', 'a:1:{i:0;s:6:\"E-mail\";}'),
(257, 0, 0, '2020-06-09 12:43:13', 'not_task_assigned_to_you', 1, 0, 'Admin tts', 0, NULL, '#taskid=83', 'a:1:{i:0;s:6:\"E-mail\";}'),
(258, 1, 0, '2020-06-09 12:47:34', 'not_task_assigned_to_you', 1, 0, 'Admin tts', 4, NULL, '#taskid=84', 'a:1:{i:0;s:4:\"Call\";}'),
(259, 0, 0, '2020-06-09 13:10:04', 'not_task_assigned_to_you', 4, 0, 'James G', 0, NULL, '#taskid=87', 'a:1:{i:0;s:9:\"Cold Call\";}'),
(260, 0, 0, '2020-06-09 13:17:07', 'not_task_assigned_to_you', 1, 0, 'Admin tts', 0, NULL, '#taskid=91', 'a:1:{i:0;s:4:\"Call\";}'),
(261, 0, 0, '2020-06-09 13:21:52', 'not_task_assigned_to_you', 1, 0, 'Admin tts', 5, NULL, '#taskid=92', 'a:1:{i:0;s:4:\"Call\";}'),
(262, 0, 0, '2020-06-09 13:22:01', 'not_task_marked_as_complete', 1, 0, 'Admin tts', 5, NULL, '#taskid=92', 'a:1:{i:0;s:4:\"Call\";}'),
(263, 0, 0, '2020-06-09 13:24:49', 'not_task_assigned_to_you', 1, 0, 'Admin tts', 0, NULL, '#taskid=95', 'a:1:{i:0;s:4:\"Call\";}'),
(264, 1, 0, '2020-06-09 13:41:03', 'not_task_assigned_to_you', 1, 0, 'Admin tts', 4, NULL, '#taskid=96', 'a:1:{i:0;s:11:\"Online Demo\";}'),
(265, 0, 0, '2020-06-09 13:41:43', 'not_task_unmarked_as_complete', 1, 0, 'Admin tts', 3, NULL, '#taskid=1', 'a:1:{i:0;s:11:\"Sample Task\";}'),
(266, 0, 0, '2020-06-09 13:42:46', 'not_task_marked_as_complete', 1, 0, 'Admin tts', 3, NULL, '#taskid=1', 'a:1:{i:0;s:11:\"Sample Task\";}'),
(267, 0, 0, '2020-06-09 13:42:53', 'not_task_unmarked_as_complete', 1, 0, 'Admin tts', 3, NULL, '#taskid=1', 'a:1:{i:0;s:11:\"Sample Task\";}'),
(268, 0, 0, '2020-06-09 14:08:11', 'not_task_assigned_to_you', 1, 0, 'Admin tts', 5, NULL, '#taskid=97', 'a:1:{i:0;s:4:\"Call\";}'),
(269, 0, 0, '2020-06-09 14:08:21', 'not_task_marked_as_complete', 1, 0, 'Admin tts', 5, NULL, '#taskid=97', 'a:1:{i:0;s:4:\"Call\";}'),
(270, 0, 0, '2020-06-09 14:09:44', 'not_task_assigned_to_you', 1, 0, 'Admin tts', 0, NULL, '#taskid=98', 'a:1:{i:0;s:4:\"Call\";}'),
(271, 1, 0, '2020-06-09 14:24:32', 'not_task_marked_as_complete', 1, 0, 'Admin tts', 4, NULL, '#taskid=86', 'a:1:{i:0;s:12:\"Direct Visit\";}'),
(272, 1, 0, '2020-06-09 14:24:41', 'not_task_unmarked_as_complete', 1, 0, 'Admin tts', 4, NULL, '#taskid=86', 'a:1:{i:0;s:12:\"Direct Visit\";}'),
(273, 1, 0, '2020-06-09 15:42:16', 'not_task_assigned_to_you', 1, 0, 'Admin tts', 4, NULL, '#taskid=99', 'a:1:{i:0;s:5:\"Visit\";}'),
(274, 0, 0, '2020-06-11 22:18:43', 'not_task_marked_as_complete', 1, 0, 'Admin tts', 8, NULL, '#taskid=40', 'a:1:{i:0;s:6:\"E-mail\";}'),
(275, 0, 0, '2020-06-22 11:50:25', 'not_task_assigned_to_you', 1, 0, 'Admin tts', 5, NULL, '#taskid=100', 'a:1:{i:0;s:4:\"Call\";}'),
(276, 1, 0, '2020-06-27 09:23:44', 'not_task_marked_as_complete', 1, 0, 'Admin tts', 4, NULL, '#taskid=86', 'a:1:{i:0;s:12:\"Direct Visit\";}'),
(277, 1, 0, '2020-06-27 09:26:46', 'not_task_assigned_to_you', 1, 0, 'Admin tts', 4, NULL, '#taskid=83', 'a:1:{i:0;s:6:\"E-mail\";}'),
(278, 1, 0, '2020-06-27 09:28:02', 'not_task_marked_as_complete', 1, 0, 'Admin tts', 4, NULL, '#taskid=83', 'a:1:{i:0;s:6:\"E-mail\";}'),
(279, 1, 0, '2020-06-27 09:28:48', 'not_task_marked_as_complete', 1, 0, 'Admin tts', 4, NULL, '#taskid=96', 'a:1:{i:0;s:11:\"Online Demo\";}'),
(280, 1, 0, '2020-06-27 09:33:42', 'not_project_status_updated', 1, 0, 'Admin tts', 4, NULL, 'projects/view/100', 'a:2:{i:0;s:29:\"<lang>project_status_6</lang>\";i:1;s:29:\"<lang>project_status_3</lang>\";}'),
(281, 0, 0, '2020-07-31 17:43:42', 'not_task_assigned_to_you', 1, 0, 'Admin tts', 8, NULL, '#taskid=42', 'a:1:{i:0;s:12:\"intro E-mail\";}'),
(282, 0, 0, '2020-07-31 17:45:33', 'not_task_assigned_to_you', 1, 0, 'Admin tts', 8, NULL, '#taskid=40', 'a:1:{i:0;s:6:\"E-mail\";}'),
(283, 0, 0, '2020-07-31 17:46:00', 'not_task_assigned_to_you', 1, 0, 'Admin tts', 8, NULL, '#taskid=18', 'a:1:{i:0;s:16:\"call and convice\";}'),
(284, 0, 0, '2020-07-31 17:46:13', 'not_task_assigned_to_you', 1, 0, 'Admin tts', 8, NULL, '#taskid=17', 'a:1:{i:0;s:4:\"Call\";}'),
(285, 0, 0, '2020-07-31 17:46:26', 'not_task_assigned_to_you', 1, 0, 'Admin tts', 6, NULL, '#taskid=22', 'a:1:{i:0;s:5:\"Email\";}'),
(286, 0, 0, '2020-07-31 17:47:00', 'not_task_assigned_to_you', 1, 0, 'Admin tts', 8, NULL, '#taskid=56', 'a:1:{i:0;s:6:\"E-mail\";}'),
(287, 0, 0, '2020-07-31 17:47:19', 'not_task_assigned_to_you', 1, 0, 'Admin tts', 8, NULL, '#taskid=46', 'a:1:{i:0;s:29:\"Activity against Organization\";}'),
(288, 0, 0, '2020-07-31 17:47:39', 'not_task_assigned_to_you', 1, 0, 'Admin tts', 5, NULL, '#taskid=59', 'a:1:{i:0;s:4:\"Call\";}'),
(289, 0, 0, '2020-07-31 17:47:52', 'not_task_assigned_to_you', 1, 0, 'Admin tts', 5, NULL, '#taskid=60', 'a:1:{i:0;s:4:\"Call\";}'),
(290, 0, 0, '2020-08-01 17:44:11', 'not_task_assigned_to_you', 1, 0, 'Admin tts', 4, NULL, '#taskid=101', 'a:1:{i:0;s:13:\"to close deal\";}');

-- --------------------------------------------------------

--
-- Table structure for table `tbloptions`
--

CREATE TABLE `tbloptions` (
  `id` int(11) NOT NULL,
  `name` varchar(191) NOT NULL,
  `value` longtext NOT NULL,
  `autoload` tinyint(1) NOT NULL DEFAULT 1
) ENGINE=InnoDB DEFAULT CHARSET=utf8;

--
-- Dumping data for table `tbloptions`
--

INSERT INTO `tbloptions` (`id`, `name`, `value`, `autoload`) VALUES
(1, 'dateformat', 'd-m-Y|%d-%m-%Y', 1),
(2, 'companyname', 'LEADFORCE', 1),
(3, 'services', '1', 1),
(4, 'maximum_allowed_ticket_attachments', '4', 1),
(5, 'ticket_attachments_file_extensions', '.jpg,.png,.pdf,.doc,.zip,.rar', 1),
(6, 'staff_access_only_assigned_departments', '1', 1),
(7, 'use_knowledge_base', '1', 1),
(8, 'smtp_email', '', 1),
(9, 'smtp_password', '', 1),
(10, 'company_info_format', '{company_name}<br />\r\n{address}<br />\r\n{city} {state}<br />\r\n{country_code} {zip_code}<br />\r\n{vat_number_with_label}', 0),
(11, 'smtp_port', '', 1),
(12, 'smtp_host', '', 1),
(13, 'smtp_email_charset', 'utf-8', 1),
(14, 'default_timezone', 'Asia/Kolkata', 1),
(15, 'clients_default_theme', 'perfex', 1),
(16, 'company_logo', 'logo.png', 1),
(17, 'tables_pagination_limit', '25', 1),
(18, 'main_domain', 'https://leadforce.com/', 1),
(19, 'allow_registration', '0', 1),
(20, 'knowledge_base_without_registration', '1', 1),
(21, 'email_signature', '', 1),
(22, 'default_staff_role', '1', 1),
(23, 'newsfeed_maximum_files_upload', '10', 1),
(24, 'contract_expiration_before', '4', 1),
(25, 'invoice_prefix', 'INV-', 1),
(26, 'decimal_separator', '.', 1),
(27, 'thousand_separator', ',', 1),
(28, 'invoice_company_name', '', 1),
(29, 'invoice_company_address', '', 1),
(30, 'invoice_company_city', '', 1),
(31, 'invoice_company_country_code', '', 1),
(32, 'invoice_company_postal_code', '', 1),
(33, 'invoice_company_phonenumber', '', 1),
(34, 'view_invoice_only_logged_in', '0', 1),
(35, 'invoice_number_format', '1', 1),
(36, 'next_invoice_number', '2', 0),
(37, 'active_language', 'english', 1),
(38, 'invoice_number_decrement_on_delete', '1', 1),
(39, 'automatically_send_invoice_overdue_reminder_after', '1', 1),
(40, 'automatically_resend_invoice_overdue_reminder_after', '3', 1),
(41, 'expenses_auto_operations_hour', '21', 1),
(42, 'delete_only_on_last_invoice', '1', 1),
(43, 'delete_only_on_last_estimate', '1', 1),
(44, 'create_invoice_from_recurring_only_on_paid_invoices', '0', 1),
(45, 'allow_payment_amount_to_be_modified', '1', 1),
(46, 'rtl_support_client', '0', 1),
(47, 'limit_top_search_bar_results_to', '10', 1),
(48, 'estimate_prefix', 'EST-', 1),
(49, 'next_estimate_number', '1', 0),
(50, 'estimate_number_decrement_on_delete', '1', 1),
(51, 'estimate_number_format', '1', 1),
(52, 'estimate_auto_convert_to_invoice_on_client_accept', '1', 1),
(53, 'exclude_estimate_from_client_area_with_draft_status', '1', 1),
(54, 'rtl_support_admin', '0', 1),
(55, 'last_cron_run', '', 1),
(56, 'show_sale_agent_on_estimates', '1', 1),
(57, 'show_sale_agent_on_invoices', '1', 1),
(58, 'predefined_terms_invoice', '', 1),
(59, 'predefined_terms_estimate', '', 1),
(60, 'default_task_priority', '2', 1),
(61, 'dropbox_app_key', '', 1),
(62, 'show_expense_reminders_on_calendar', '1', 1),
(63, 'only_show_contact_tickets', '1', 1),
(64, 'predefined_clientnote_invoice', '', 1),
(65, 'predefined_clientnote_estimate', '', 1),
(66, 'custom_pdf_logo_image_url', '', 1),
(67, 'favicon', 'favicon.png', 1),
(68, 'invoice_due_after', '30', 1),
(69, 'google_api_key', '', 1),
(70, 'google_calendar_main_calendar', '', 1),
(71, 'default_tax', 'a:0:{}', 1),
(72, 'show_invoices_on_calendar', '1', 1),
(73, 'show_estimates_on_calendar', '1', 1),
(74, 'show_contracts_on_calendar', '1', 1),
(75, 'show_tasks_on_calendar', '1', 1),
(76, 'show_customer_reminders_on_calendar', '1', 1),
(77, 'output_client_pdfs_from_admin_area_in_client_language', '1', 1),
(78, 'show_lead_reminders_on_calendar', '1', 1),
(79, 'send_estimate_expiry_reminder_before', '4', 1),
(80, 'leads_default_source', '', 1),
(81, 'leads_default_status', '', 1),
(82, 'proposal_expiry_reminder_enabled', '1', 1),
(83, 'send_proposal_expiry_reminder_before', '4', 1),
(84, 'default_contact_permissions', 'a:2:{i:0;s:1:\"1\";i:1;s:1:\"6\";}', 1),
(85, 'pdf_logo_width', '150', 1),
(86, 'access_tickets_to_none_staff_members', '0', 1),
(87, 'customer_default_country', '102', 1),
(88, 'view_estimate_only_logged_in', '0', 1),
(89, 'show_status_on_pdf_ei', '1', 1),
(90, 'email_piping_only_replies', '0', 1),
(91, 'email_piping_only_registered', '0', 1),
(92, 'default_view_calendar', 'month', 1),
(93, 'email_piping_default_priority', '2', 1),
(94, 'total_to_words_lowercase', '0', 1),
(95, 'show_tax_per_item', '1', 1),
(96, 'total_to_words_enabled', '0', 1),
(97, 'receive_notification_on_new_ticket', '1', 0),
(98, 'autoclose_tickets_after', '0', 1),
(99, 'media_max_file_size_upload', '10', 1),
(100, 'client_staff_add_edit_delete_task_comments_first_hour', '0', 1),
(101, 'show_projects_on_calendar', '1', 1),
(102, 'leads_kanban_limit', '50', 1),
(103, 'tasks_reminder_notification_before', '2', 1),
(104, 'pdf_font', 'freesans', 1),
(105, 'pdf_table_heading_color', '#323a45', 1),
(106, 'pdf_table_heading_text_color', '#ffffff', 1),
(107, 'pdf_font_size', '10', 1),
(108, 'default_leads_kanban_sort', 'leadorder', 1),
(109, 'default_leads_kanban_sort_type', 'asc', 1),
(110, 'allowed_files', '.png,.jpg,.pdf,.doc,.docx,.xls,.xlsx,.zip,.rar,.txt', 1),
(111, 'show_all_tasks_for_project_member', '1', 1),
(112, 'email_protocol', 'smtp', 1),
(113, 'calendar_first_day', '0', 1),
(114, 'recaptcha_secret_key', '', 1),
(115, 'show_help_on_setup_menu', '1', 1),
(116, 'show_proposals_on_calendar', '1', 1),
(117, 'smtp_encryption', '', 1),
(118, 'recaptcha_site_key', '', 1),
(119, 'smtp_username', '', 1),
(120, 'auto_stop_tasks_timers_on_new_timer', '1', 1),
(121, 'notification_when_customer_pay_invoice', '1', 1),
(122, 'calendar_invoice_color', '#FF6F00', 1),
(123, 'calendar_estimate_color', '#FF6F00', 1),
(124, 'calendar_proposal_color', '#84c529', 1),
(125, 'new_task_auto_assign_current_member', '1', 1),
(126, 'calendar_reminder_color', '#03A9F4', 1),
(127, 'calendar_contract_color', '#B72974', 1),
(128, 'calendar_project_color', '#B72974', 1),
(129, 'update_info_message', '', 1),
(130, 'show_estimate_reminders_on_calendar', '1', 1),
(131, 'show_invoice_reminders_on_calendar', '1', 1),
(132, 'show_proposal_reminders_on_calendar', '1', 1),
(133, 'proposal_due_after', '7', 1),
(134, 'allow_customer_to_change_ticket_status', '0', 1),
(135, 'lead_lock_after_convert_to_customer', '0', 1),
(136, 'default_proposals_pipeline_sort', 'pipeline_order', 1),
(137, 'default_proposals_pipeline_sort_type', 'asc', 1),
(138, 'default_estimates_pipeline_sort', 'pipeline_order', 1),
(139, 'default_estimates_pipeline_sort_type', 'asc', 1),
(140, 'use_recaptcha_customers_area', '0', 1),
(141, 'remove_decimals_on_zero', '0', 1),
(142, 'remove_tax_name_from_item_table', '0', 1),
(143, 'pdf_format_invoice', 'A4-PORTRAIT', 1),
(144, 'pdf_format_estimate', 'A4-PORTRAIT', 1),
(145, 'pdf_format_proposal', 'A4-PORTRAIT', 1),
(146, 'pdf_format_payment', 'A4-PORTRAIT', 1),
(147, 'pdf_format_contract', 'A4-PORTRAIT', 1),
(148, 'swap_pdf_info', '0', 1),
(149, 'exclude_invoice_from_client_area_with_draft_status', '1', 1),
(150, 'cron_has_run_from_cli', '0', 1),
(151, 'hide_cron_is_required_message', '0', 0),
(152, 'auto_assign_customer_admin_after_lead_convert', '1', 1),
(153, 'show_transactions_on_invoice_pdf', '1', 1),
(154, 'show_pay_link_to_invoice_pdf', '1', 1),
(155, 'tasks_kanban_limit', '50', 1),
(156, 'purchase_key', '', 1),
(157, 'estimates_pipeline_limit', '50', 1),
(158, 'proposals_pipeline_limit', '50', 1),
(159, 'proposal_number_prefix', 'PRO-', 1),
(160, 'number_padding_prefixes', '6', 1),
(161, 'show_page_number_on_pdf', '0', 1),
(162, 'calendar_events_limit', '1', 1),
(163, 'show_setup_menu_item_only_on_hover', '0', 1),
(164, 'company_requires_vat_number_field', '1', 1),
(165, 'company_is_required', '1', 1),
(166, 'allow_contact_to_delete_files', '0', 1),
(167, 'company_vat', '', 1),
(168, 'di', '1576155243', 1),
(169, 'invoice_auto_operations_hour', '21', 1),
(170, 'use_minified_files', '1', 1),
(171, 'only_own_files_contacts', '0', 1),
(172, 'allow_primary_contact_to_view_edit_billing_and_shipping', '0', 1),
(173, 'estimate_due_after', '7', 1),
(174, 'staff_members_open_tickets_to_all_contacts', '1', 1),
(175, 'time_format', '24', 1),
(176, 'delete_activity_log_older_then', '1', 1),
(177, 'disable_language', '0', 1),
(178, 'company_state', '', 1),
(179, 'email_header', '<!doctype html>\n                            <html>\n                            <head>\n                              <meta name=\"viewport\" content=\"width=device-width\" />\n                              <meta http-equiv=\"Content-Type\" content=\"text/html; charset=UTF-8\" />\n                              <style>\n                                body {\n                                 background-color: #f6f6f6;\n                                 font-family: sans-serif;\n                                 -webkit-font-smoothing: antialiased;\n                                 font-size: 14px;\n                                 line-height: 1.4;\n                                 margin: 0;\n                                 padding: 0;\n                                 -ms-text-size-adjust: 100%;\n                                 -webkit-text-size-adjust: 100%;\n                               }\n                               table {\n                                 border-collapse: separate;\n                                 mso-table-lspace: 0pt;\n                                 mso-table-rspace: 0pt;\n                                 width: 100%;\n                               }\n                               table td {\n                                 font-family: sans-serif;\n                                 font-size: 14px;\n                                 vertical-align: top;\n                               }\n                                   /* -------------------------------------\n                                     BODY & CONTAINER\n                                     ------------------------------------- */\n                                     .body {\n                                       background-color: #f6f6f6;\n                                       width: 100%;\n                                     }\n                                     /* Set a max-width, and make it display as block so it will automatically stretch to that width, but will also shrink down on a phone or something */\n\n                                     .container {\n                                       display: block;\n                                       margin: 0 auto !important;\n                                       /* makes it centered */\n                                       max-width: 680px;\n                                       padding: 10px;\n                                       width: 680px;\n                                     }\n                                     /* This should also be a block element, so that it will fill 100% of the .container */\n\n                                     .content {\n                                       box-sizing: border-box;\n                                       display: block;\n                                       margin: 0 auto;\n                                       max-width: 680px;\n                                       padding: 10px;\n                                     }\n                                   /* -------------------------------------\n                                     HEADER, FOOTER, MAIN\n                                     ------------------------------------- */\n\n                                     .main {\n                                       background: #fff;\n                                       border-radius: 3px;\n                                       width: 100%;\n                                     }\n                                     .wrapper {\n                                       box-sizing: border-box;\n                                       padding: 20px;\n                                     }\n                                     .footer {\n                                       clear: both;\n                                       padding-top: 10px;\n                                       text-align: center;\n                                       width: 100%;\n                                     }\n                                     .footer td,\n                                     .footer p,\n                                     .footer span,\n                                     .footer a {\n                                       color: #999999;\n                                       font-size: 12px;\n                                       text-align: center;\n                                     }\n                                     hr {\n                                       border: 0;\n                                       border-bottom: 1px solid #f6f6f6;\n                                       margin: 20px 0;\n                                     }\n                                   /* -------------------------------------\n                                     RESPONSIVE AND MOBILE FRIENDLY STYLES\n                                     ------------------------------------- */\n\n                                     @media only screen and (max-width: 620px) {\n                                       table[class=body] .content {\n                                         padding: 0 !important;\n                                       }\n                                       table[class=body] .container {\n                                         padding: 0 !important;\n                                         width: 100% !important;\n                                       }\n                                       table[class=body] .main {\n                                         border-left-width: 0 !important;\n                                         border-radius: 0 !important;\n                                         border-right-width: 0 !important;\n                                       }\n                                     }\n                                   </style>\n                                 </head>\n                                 <body class=\"\">\n                                  <table border=\"0\" cellpadding=\"0\" cellspacing=\"0\" class=\"body\">\n                                    <tr>\n                                     <td>&nbsp;</td>\n                                     <td class=\"container\">\n                                      <div class=\"content\">\n                                        <!-- START CENTERED WHITE CONTAINER -->\n                                        <table class=\"main\">\n                                          <!-- START MAIN CONTENT AREA -->\n                                          <tr>\n                                           <td class=\"wrapper\">\n                                            <table border=\"0\" cellpadding=\"0\" cellspacing=\"0\">\n                                              <tr>\n                                               <td>', 1),
(180, 'show_pdf_signature_invoice', '1', 0),
(181, 'show_pdf_signature_estimate', '1', 0),
(182, 'signature_image', '', 0),
(183, 'scroll_responsive_tables', '1', 1),
(184, 'email_footer', '</td>\n                             </tr>\n                           </table>\n                         </td>\n                       </tr>\n                       <!-- END MAIN CONTENT AREA -->\n                     </table>\n                     <!-- START FOOTER -->\n                     <div class=\"footer\">\n                      <table border=\"0\" cellpadding=\"0\" cellspacing=\"0\">\n                        <tr>\n                          <td class=\"content-block\">\n                            <span>{companyname}</span>\n                          </td>\n                        </tr>\n                      </table>\n                    </div>\n                    <!-- END FOOTER -->\n                    <!-- END CENTERED WHITE CONTAINER -->\n                  </div>\n                </td>\n                <td>&nbsp;</td>\n              </tr>\n            </table>\n            </body>\n            </html>', 1),
(185, 'exclude_proposal_from_client_area_with_draft_status', '1', 1),
(186, 'pusher_app_key', '', 1),
(187, 'pusher_app_secret', '', 1),
(188, 'pusher_app_id', '', 1),
(189, 'pusher_realtime_notifications', '0', 1),
(190, 'pdf_format_statement', 'A4-PORTRAIT', 1),
(191, 'pusher_cluster', '', 1),
(192, 'show_table_export_button', 'to_all', 1),
(193, 'allow_staff_view_proposals_assigned', '1', 1),
(194, 'show_cloudflare_notice', '1', 0),
(195, 'task_modal_class', 'modal-lg', 1),
(196, 'lead_modal_class', 'modal-lg', 1),
(197, 'show_timesheets_overview_all_members_notice_admins', '1', 0),
(198, 'desktop_notifications', '0', 1),
(199, 'hide_notified_reminders_from_calendar', '1', 0),
(200, 'customer_info_format', '{company_name}<br />\r\n{street}<br />\r\n{city} {state}<br />\r\n{country_code} {zip_code}<br />\r\n{vat_number_with_label}', 0),
(201, 'timer_started_change_status_in_progress', '1', 0),
(202, 'default_ticket_reply_status', '3', 1),
(203, 'default_task_status', 'auto', 1),
(204, 'email_queue_skip_with_attachments', '1', 1),
(205, 'email_queue_enabled', '0', 1),
(206, 'last_email_queue_retry', '', 1),
(207, 'auto_dismiss_desktop_notifications_after', '0', 1),
(208, 'proposal_info_format', '{proposal_to}<br />\r\n{address}<br />\r\n{city} {state}<br />\r\n{country_code} {zip_code}<br />\r\n{phone}<br />\r\n{email}', 0),
(209, 'ticket_replies_order', 'asc', 1),
(210, 'new_recurring_invoice_action', 'generate_and_send', 0),
(211, 'bcc_emails', '', 0);
INSERT INTO `tbloptions` (`id`, `name`, `value`, `autoload`) VALUES
(212, 'email_templates_language_checks', 'a:1650:{s:28:\"new-client-created-bulgarian\";i:1;s:32:\"invoice-send-to-client-bulgarian\";i:1;s:33:\"new-ticket-opened-admin-bulgarian\";i:1;s:22:\"ticket-reply-bulgarian\";i:1;s:29:\"ticket-autoresponse-bulgarian\";i:1;s:34:\"invoice-payment-recorded-bulgarian\";i:1;s:32:\"invoice-overdue-notice-bulgarian\";i:1;s:30:\"invoice-already-send-bulgarian\";i:1;s:34:\"new-ticket-created-staff-bulgarian\";i:1;s:33:\"estimate-send-to-client-bulgarian\";i:1;s:31:\"ticket-reply-to-admin-bulgarian\";i:1;s:31:\"estimate-already-send-bulgarian\";i:1;s:29:\"contract-expiration-bulgarian\";i:1;s:23:\"task-assigned-bulgarian\";i:1;s:32:\"task-added-as-follower-bulgarian\";i:1;s:24:\"task-commented-bulgarian\";i:1;s:31:\"task-added-attachment-bulgarian\";i:1;s:36:\"estimate-declined-to-staff-bulgarian\";i:1;s:36:\"estimate-accepted-to-staff-bulgarian\";i:1;s:34:\"proposal-client-accepted-bulgarian\";i:1;s:35:\"proposal-send-to-customer-bulgarian\";i:1;s:34:\"proposal-client-declined-bulgarian\";i:1;s:35:\"proposal-client-thank-you-bulgarian\";i:1;s:36:\"proposal-comment-to-client-bulgarian\";i:1;s:35:\"proposal-comment-to-admin-bulgarian\";i:1;s:40:\"estimate-thank-you-to-customer-bulgarian\";i:1;s:36:\"task-deadline-notification-bulgarian\";i:1;s:23:\"send-contract-bulgarian\";i:1;s:43:\"invoice-payment-recorded-to-staff-bulgarian\";i:1;s:27:\"auto-close-ticket-bulgarian\";i:1;s:49:\"new-project-discussion-created-to-staff-bulgarian\";i:1;s:52:\"new-project-discussion-created-to-customer-bulgarian\";i:1;s:47:\"new-project-file-uploaded-to-customer-bulgarian\";i:1;s:44:\"new-project-file-uploaded-to-staff-bulgarian\";i:1;s:52:\"new-project-discussion-comment-to-customer-bulgarian\";i:1;s:49:\"new-project-discussion-comment-to-staff-bulgarian\";i:1;s:39:\"staff-added-as-project-member-bulgarian\";i:1;s:34:\"estimate-expiry-reminder-bulgarian\";i:1;s:34:\"proposal-expiry-reminder-bulgarian\";i:1;s:27:\"new-staff-created-bulgarian\";i:1;s:33:\"contact-forgot-password-bulgarian\";i:1;s:34:\"contact-password-reseted-bulgarian\";i:1;s:30:\"contact-set-password-bulgarian\";i:1;s:31:\"staff-forgot-password-bulgarian\";i:1;s:32:\"staff-password-reseted-bulgarian\";i:1;s:29:\"assigned-to-project-bulgarian\";i:1;s:43:\"task-added-attachment-to-contacts-bulgarian\";i:1;s:36:\"task-commented-to-contacts-bulgarian\";i:1;s:27:\"new-lead-assigned-bulgarian\";i:1;s:26:\"client-statement-bulgarian\";i:1;s:34:\"ticket-assigned-to-admin-bulgarian\";i:1;s:40:\"new-client-registered-to-admin-bulgarian\";i:1;s:40:\"new-web-to-lead-form-submitted-bulgarian\";i:1;s:35:\"two-factor-authentication-bulgarian\";i:1;s:38:\"project-finished-to-customer-bulgarian\";i:1;s:36:\"credit-note-send-to-client-bulgarian\";i:1;s:37:\"task-status-change-to-staff-bulgarian\";i:1;s:40:\"task-status-change-to-contacts-bulgarian\";i:1;s:30:\"reminder-email-staff-bulgarian\";i:1;s:36:\"contract-comment-to-client-bulgarian\";i:1;s:35:\"contract-comment-to-admin-bulgarian\";i:1;s:27:\"send-subscription-bulgarian\";i:1;s:37:\"subscription-payment-failed-bulgarian\";i:1;s:31:\"subscription-canceled-bulgarian\";i:1;s:40:\"subscription-payment-succeeded-bulgarian\";i:1;s:38:\"contract-expiration-to-staff-bulgarian\";i:1;s:30:\"gdpr-removal-request-bulgarian\";i:1;s:35:\"gdpr-removal-request-lead-bulgarian\";i:1;s:39:\"client-registration-confirmed-bulgarian\";i:1;s:34:\"contract-signed-to-staff-bulgarian\";i:1;s:38:\"customer-subscribed-to-staff-bulgarian\";i:1;s:36:\"contact-verification-email-bulgarian\";i:1;s:53:\"new-customer-profile-file-uploaded-to-staff-bulgarian\";i:1;s:37:\"event-notification-to-staff-bulgarian\";i:1;s:46:\"subscription-payment-requires-action-bulgarian\";i:1;s:26:\"new-client-created-catalan\";i:1;s:30:\"invoice-send-to-client-catalan\";i:1;s:31:\"new-ticket-opened-admin-catalan\";i:1;s:20:\"ticket-reply-catalan\";i:1;s:27:\"ticket-autoresponse-catalan\";i:1;s:32:\"invoice-payment-recorded-catalan\";i:1;s:30:\"invoice-overdue-notice-catalan\";i:1;s:28:\"invoice-already-send-catalan\";i:1;s:32:\"new-ticket-created-staff-catalan\";i:1;s:31:\"estimate-send-to-client-catalan\";i:1;s:29:\"ticket-reply-to-admin-catalan\";i:1;s:29:\"estimate-already-send-catalan\";i:1;s:27:\"contract-expiration-catalan\";i:1;s:21:\"task-assigned-catalan\";i:1;s:30:\"task-added-as-follower-catalan\";i:1;s:22:\"task-commented-catalan\";i:1;s:29:\"task-added-attachment-catalan\";i:1;s:34:\"estimate-declined-to-staff-catalan\";i:1;s:34:\"estimate-accepted-to-staff-catalan\";i:1;s:32:\"proposal-client-accepted-catalan\";i:1;s:33:\"proposal-send-to-customer-catalan\";i:1;s:32:\"proposal-client-declined-catalan\";i:1;s:33:\"proposal-client-thank-you-catalan\";i:1;s:34:\"proposal-comment-to-client-catalan\";i:1;s:33:\"proposal-comment-to-admin-catalan\";i:1;s:38:\"estimate-thank-you-to-customer-catalan\";i:1;s:34:\"task-deadline-notification-catalan\";i:1;s:21:\"send-contract-catalan\";i:1;s:41:\"invoice-payment-recorded-to-staff-catalan\";i:1;s:25:\"auto-close-ticket-catalan\";i:1;s:47:\"new-project-discussion-created-to-staff-catalan\";i:1;s:50:\"new-project-discussion-created-to-customer-catalan\";i:1;s:45:\"new-project-file-uploaded-to-customer-catalan\";i:1;s:42:\"new-project-file-uploaded-to-staff-catalan\";i:1;s:50:\"new-project-discussion-comment-to-customer-catalan\";i:1;s:47:\"new-project-discussion-comment-to-staff-catalan\";i:1;s:37:\"staff-added-as-project-member-catalan\";i:1;s:32:\"estimate-expiry-reminder-catalan\";i:1;s:32:\"proposal-expiry-reminder-catalan\";i:1;s:25:\"new-staff-created-catalan\";i:1;s:31:\"contact-forgot-password-catalan\";i:1;s:32:\"contact-password-reseted-catalan\";i:1;s:28:\"contact-set-password-catalan\";i:1;s:29:\"staff-forgot-password-catalan\";i:1;s:30:\"staff-password-reseted-catalan\";i:1;s:27:\"assigned-to-project-catalan\";i:1;s:41:\"task-added-attachment-to-contacts-catalan\";i:1;s:34:\"task-commented-to-contacts-catalan\";i:1;s:25:\"new-lead-assigned-catalan\";i:1;s:24:\"client-statement-catalan\";i:1;s:32:\"ticket-assigned-to-admin-catalan\";i:1;s:38:\"new-client-registered-to-admin-catalan\";i:1;s:38:\"new-web-to-lead-form-submitted-catalan\";i:1;s:33:\"two-factor-authentication-catalan\";i:1;s:36:\"project-finished-to-customer-catalan\";i:1;s:34:\"credit-note-send-to-client-catalan\";i:1;s:35:\"task-status-change-to-staff-catalan\";i:1;s:38:\"task-status-change-to-contacts-catalan\";i:1;s:28:\"reminder-email-staff-catalan\";i:1;s:34:\"contract-comment-to-client-catalan\";i:1;s:33:\"contract-comment-to-admin-catalan\";i:1;s:25:\"send-subscription-catalan\";i:1;s:35:\"subscription-payment-failed-catalan\";i:1;s:29:\"subscription-canceled-catalan\";i:1;s:38:\"subscription-payment-succeeded-catalan\";i:1;s:36:\"contract-expiration-to-staff-catalan\";i:1;s:28:\"gdpr-removal-request-catalan\";i:1;s:33:\"gdpr-removal-request-lead-catalan\";i:1;s:37:\"client-registration-confirmed-catalan\";i:1;s:32:\"contract-signed-to-staff-catalan\";i:1;s:36:\"customer-subscribed-to-staff-catalan\";i:1;s:34:\"contact-verification-email-catalan\";i:1;s:51:\"new-customer-profile-file-uploaded-to-staff-catalan\";i:1;s:35:\"event-notification-to-staff-catalan\";i:1;s:44:\"subscription-payment-requires-action-catalan\";i:1;s:26:\"new-client-created-chinese\";i:1;s:30:\"invoice-send-to-client-chinese\";i:1;s:31:\"new-ticket-opened-admin-chinese\";i:1;s:20:\"ticket-reply-chinese\";i:1;s:27:\"ticket-autoresponse-chinese\";i:1;s:32:\"invoice-payment-recorded-chinese\";i:1;s:30:\"invoice-overdue-notice-chinese\";i:1;s:28:\"invoice-already-send-chinese\";i:1;s:32:\"new-ticket-created-staff-chinese\";i:1;s:31:\"estimate-send-to-client-chinese\";i:1;s:29:\"ticket-reply-to-admin-chinese\";i:1;s:29:\"estimate-already-send-chinese\";i:1;s:27:\"contract-expiration-chinese\";i:1;s:21:\"task-assigned-chinese\";i:1;s:30:\"task-added-as-follower-chinese\";i:1;s:22:\"task-commented-chinese\";i:1;s:29:\"task-added-attachment-chinese\";i:1;s:34:\"estimate-declined-to-staff-chinese\";i:1;s:34:\"estimate-accepted-to-staff-chinese\";i:1;s:32:\"proposal-client-accepted-chinese\";i:1;s:33:\"proposal-send-to-customer-chinese\";i:1;s:32:\"proposal-client-declined-chinese\";i:1;s:33:\"proposal-client-thank-you-chinese\";i:1;s:34:\"proposal-comment-to-client-chinese\";i:1;s:33:\"proposal-comment-to-admin-chinese\";i:1;s:38:\"estimate-thank-you-to-customer-chinese\";i:1;s:34:\"task-deadline-notification-chinese\";i:1;s:21:\"send-contract-chinese\";i:1;s:41:\"invoice-payment-recorded-to-staff-chinese\";i:1;s:25:\"auto-close-ticket-chinese\";i:1;s:47:\"new-project-discussion-created-to-staff-chinese\";i:1;s:50:\"new-project-discussion-created-to-customer-chinese\";i:1;s:45:\"new-project-file-uploaded-to-customer-chinese\";i:1;s:42:\"new-project-file-uploaded-to-staff-chinese\";i:1;s:50:\"new-project-discussion-comment-to-customer-chinese\";i:1;s:47:\"new-project-discussion-comment-to-staff-chinese\";i:1;s:37:\"staff-added-as-project-member-chinese\";i:1;s:32:\"estimate-expiry-reminder-chinese\";i:1;s:32:\"proposal-expiry-reminder-chinese\";i:1;s:25:\"new-staff-created-chinese\";i:1;s:31:\"contact-forgot-password-chinese\";i:1;s:32:\"contact-password-reseted-chinese\";i:1;s:28:\"contact-set-password-chinese\";i:1;s:29:\"staff-forgot-password-chinese\";i:1;s:30:\"staff-password-reseted-chinese\";i:1;s:27:\"assigned-to-project-chinese\";i:1;s:41:\"task-added-attachment-to-contacts-chinese\";i:1;s:34:\"task-commented-to-contacts-chinese\";i:1;s:25:\"new-lead-assigned-chinese\";i:1;s:24:\"client-statement-chinese\";i:1;s:32:\"ticket-assigned-to-admin-chinese\";i:1;s:38:\"new-client-registered-to-admin-chinese\";i:1;s:38:\"new-web-to-lead-form-submitted-chinese\";i:1;s:33:\"two-factor-authentication-chinese\";i:1;s:36:\"project-finished-to-customer-chinese\";i:1;s:34:\"credit-note-send-to-client-chinese\";i:1;s:35:\"task-status-change-to-staff-chinese\";i:1;s:38:\"task-status-change-to-contacts-chinese\";i:1;s:28:\"reminder-email-staff-chinese\";i:1;s:34:\"contract-comment-to-client-chinese\";i:1;s:33:\"contract-comment-to-admin-chinese\";i:1;s:25:\"send-subscription-chinese\";i:1;s:35:\"subscription-payment-failed-chinese\";i:1;s:29:\"subscription-canceled-chinese\";i:1;s:38:\"subscription-payment-succeeded-chinese\";i:1;s:36:\"contract-expiration-to-staff-chinese\";i:1;s:28:\"gdpr-removal-request-chinese\";i:1;s:33:\"gdpr-removal-request-lead-chinese\";i:1;s:37:\"client-registration-confirmed-chinese\";i:1;s:32:\"contract-signed-to-staff-chinese\";i:1;s:36:\"customer-subscribed-to-staff-chinese\";i:1;s:34:\"contact-verification-email-chinese\";i:1;s:51:\"new-customer-profile-file-uploaded-to-staff-chinese\";i:1;s:35:\"event-notification-to-staff-chinese\";i:1;s:44:\"subscription-payment-requires-action-chinese\";i:1;s:24:\"new-client-created-czech\";i:1;s:28:\"invoice-send-to-client-czech\";i:1;s:29:\"new-ticket-opened-admin-czech\";i:1;s:18:\"ticket-reply-czech\";i:1;s:25:\"ticket-autoresponse-czech\";i:1;s:30:\"invoice-payment-recorded-czech\";i:1;s:28:\"invoice-overdue-notice-czech\";i:1;s:26:\"invoice-already-send-czech\";i:1;s:30:\"new-ticket-created-staff-czech\";i:1;s:29:\"estimate-send-to-client-czech\";i:1;s:27:\"ticket-reply-to-admin-czech\";i:1;s:27:\"estimate-already-send-czech\";i:1;s:25:\"contract-expiration-czech\";i:1;s:19:\"task-assigned-czech\";i:1;s:28:\"task-added-as-follower-czech\";i:1;s:20:\"task-commented-czech\";i:1;s:27:\"task-added-attachment-czech\";i:1;s:32:\"estimate-declined-to-staff-czech\";i:1;s:32:\"estimate-accepted-to-staff-czech\";i:1;s:30:\"proposal-client-accepted-czech\";i:1;s:31:\"proposal-send-to-customer-czech\";i:1;s:30:\"proposal-client-declined-czech\";i:1;s:31:\"proposal-client-thank-you-czech\";i:1;s:32:\"proposal-comment-to-client-czech\";i:1;s:31:\"proposal-comment-to-admin-czech\";i:1;s:36:\"estimate-thank-you-to-customer-czech\";i:1;s:32:\"task-deadline-notification-czech\";i:1;s:19:\"send-contract-czech\";i:1;s:39:\"invoice-payment-recorded-to-staff-czech\";i:1;s:23:\"auto-close-ticket-czech\";i:1;s:45:\"new-project-discussion-created-to-staff-czech\";i:1;s:48:\"new-project-discussion-created-to-customer-czech\";i:1;s:43:\"new-project-file-uploaded-to-customer-czech\";i:1;s:40:\"new-project-file-uploaded-to-staff-czech\";i:1;s:48:\"new-project-discussion-comment-to-customer-czech\";i:1;s:45:\"new-project-discussion-comment-to-staff-czech\";i:1;s:35:\"staff-added-as-project-member-czech\";i:1;s:30:\"estimate-expiry-reminder-czech\";i:1;s:30:\"proposal-expiry-reminder-czech\";i:1;s:23:\"new-staff-created-czech\";i:1;s:29:\"contact-forgot-password-czech\";i:1;s:30:\"contact-password-reseted-czech\";i:1;s:26:\"contact-set-password-czech\";i:1;s:27:\"staff-forgot-password-czech\";i:1;s:28:\"staff-password-reseted-czech\";i:1;s:25:\"assigned-to-project-czech\";i:1;s:39:\"task-added-attachment-to-contacts-czech\";i:1;s:32:\"task-commented-to-contacts-czech\";i:1;s:23:\"new-lead-assigned-czech\";i:1;s:22:\"client-statement-czech\";i:1;s:30:\"ticket-assigned-to-admin-czech\";i:1;s:36:\"new-client-registered-to-admin-czech\";i:1;s:36:\"new-web-to-lead-form-submitted-czech\";i:1;s:31:\"two-factor-authentication-czech\";i:1;s:34:\"project-finished-to-customer-czech\";i:1;s:32:\"credit-note-send-to-client-czech\";i:1;s:33:\"task-status-change-to-staff-czech\";i:1;s:36:\"task-status-change-to-contacts-czech\";i:1;s:26:\"reminder-email-staff-czech\";i:1;s:32:\"contract-comment-to-client-czech\";i:1;s:31:\"contract-comment-to-admin-czech\";i:1;s:23:\"send-subscription-czech\";i:1;s:33:\"subscription-payment-failed-czech\";i:1;s:27:\"subscription-canceled-czech\";i:1;s:36:\"subscription-payment-succeeded-czech\";i:1;s:34:\"contract-expiration-to-staff-czech\";i:1;s:26:\"gdpr-removal-request-czech\";i:1;s:31:\"gdpr-removal-request-lead-czech\";i:1;s:35:\"client-registration-confirmed-czech\";i:1;s:30:\"contract-signed-to-staff-czech\";i:1;s:34:\"customer-subscribed-to-staff-czech\";i:1;s:32:\"contact-verification-email-czech\";i:1;s:49:\"new-customer-profile-file-uploaded-to-staff-czech\";i:1;s:33:\"event-notification-to-staff-czech\";i:1;s:42:\"subscription-payment-requires-action-czech\";i:1;s:24:\"new-client-created-dutch\";i:1;s:28:\"invoice-send-to-client-dutch\";i:1;s:29:\"new-ticket-opened-admin-dutch\";i:1;s:18:\"ticket-reply-dutch\";i:1;s:25:\"ticket-autoresponse-dutch\";i:1;s:30:\"invoice-payment-recorded-dutch\";i:1;s:28:\"invoice-overdue-notice-dutch\";i:1;s:26:\"invoice-already-send-dutch\";i:1;s:30:\"new-ticket-created-staff-dutch\";i:1;s:29:\"estimate-send-to-client-dutch\";i:1;s:27:\"ticket-reply-to-admin-dutch\";i:1;s:27:\"estimate-already-send-dutch\";i:1;s:25:\"contract-expiration-dutch\";i:1;s:19:\"task-assigned-dutch\";i:1;s:28:\"task-added-as-follower-dutch\";i:1;s:20:\"task-commented-dutch\";i:1;s:27:\"task-added-attachment-dutch\";i:1;s:32:\"estimate-declined-to-staff-dutch\";i:1;s:32:\"estimate-accepted-to-staff-dutch\";i:1;s:30:\"proposal-client-accepted-dutch\";i:1;s:31:\"proposal-send-to-customer-dutch\";i:1;s:30:\"proposal-client-declined-dutch\";i:1;s:31:\"proposal-client-thank-you-dutch\";i:1;s:32:\"proposal-comment-to-client-dutch\";i:1;s:31:\"proposal-comment-to-admin-dutch\";i:1;s:36:\"estimate-thank-you-to-customer-dutch\";i:1;s:32:\"task-deadline-notification-dutch\";i:1;s:19:\"send-contract-dutch\";i:1;s:39:\"invoice-payment-recorded-to-staff-dutch\";i:1;s:23:\"auto-close-ticket-dutch\";i:1;s:45:\"new-project-discussion-created-to-staff-dutch\";i:1;s:48:\"new-project-discussion-created-to-customer-dutch\";i:1;s:43:\"new-project-file-uploaded-to-customer-dutch\";i:1;s:40:\"new-project-file-uploaded-to-staff-dutch\";i:1;s:48:\"new-project-discussion-comment-to-customer-dutch\";i:1;s:45:\"new-project-discussion-comment-to-staff-dutch\";i:1;s:35:\"staff-added-as-project-member-dutch\";i:1;s:30:\"estimate-expiry-reminder-dutch\";i:1;s:30:\"proposal-expiry-reminder-dutch\";i:1;s:23:\"new-staff-created-dutch\";i:1;s:29:\"contact-forgot-password-dutch\";i:1;s:30:\"contact-password-reseted-dutch\";i:1;s:26:\"contact-set-password-dutch\";i:1;s:27:\"staff-forgot-password-dutch\";i:1;s:28:\"staff-password-reseted-dutch\";i:1;s:25:\"assigned-to-project-dutch\";i:1;s:39:\"task-added-attachment-to-contacts-dutch\";i:1;s:32:\"task-commented-to-contacts-dutch\";i:1;s:23:\"new-lead-assigned-dutch\";i:1;s:22:\"client-statement-dutch\";i:1;s:30:\"ticket-assigned-to-admin-dutch\";i:1;s:36:\"new-client-registered-to-admin-dutch\";i:1;s:36:\"new-web-to-lead-form-submitted-dutch\";i:1;s:31:\"two-factor-authentication-dutch\";i:1;s:34:\"project-finished-to-customer-dutch\";i:1;s:32:\"credit-note-send-to-client-dutch\";i:1;s:33:\"task-status-change-to-staff-dutch\";i:1;s:36:\"task-status-change-to-contacts-dutch\";i:1;s:26:\"reminder-email-staff-dutch\";i:1;s:32:\"contract-comment-to-client-dutch\";i:1;s:31:\"contract-comment-to-admin-dutch\";i:1;s:23:\"send-subscription-dutch\";i:1;s:33:\"subscription-payment-failed-dutch\";i:1;s:27:\"subscription-canceled-dutch\";i:1;s:36:\"subscription-payment-succeeded-dutch\";i:1;s:34:\"contract-expiration-to-staff-dutch\";i:1;s:26:\"gdpr-removal-request-dutch\";i:1;s:31:\"gdpr-removal-request-lead-dutch\";i:1;s:35:\"client-registration-confirmed-dutch\";i:1;s:30:\"contract-signed-to-staff-dutch\";i:1;s:34:\"customer-subscribed-to-staff-dutch\";i:1;s:32:\"contact-verification-email-dutch\";i:1;s:49:\"new-customer-profile-file-uploaded-to-staff-dutch\";i:1;s:33:\"event-notification-to-staff-dutch\";i:1;s:42:\"subscription-payment-requires-action-dutch\";i:1;s:25:\"new-client-created-french\";i:1;s:29:\"invoice-send-to-client-french\";i:1;s:30:\"new-ticket-opened-admin-french\";i:1;s:19:\"ticket-reply-french\";i:1;s:26:\"ticket-autoresponse-french\";i:1;s:31:\"invoice-payment-recorded-french\";i:1;s:29:\"invoice-overdue-notice-french\";i:1;s:27:\"invoice-already-send-french\";i:1;s:31:\"new-ticket-created-staff-french\";i:1;s:30:\"estimate-send-to-client-french\";i:1;s:28:\"ticket-reply-to-admin-french\";i:1;s:28:\"estimate-already-send-french\";i:1;s:26:\"contract-expiration-french\";i:1;s:20:\"task-assigned-french\";i:1;s:29:\"task-added-as-follower-french\";i:1;s:21:\"task-commented-french\";i:1;s:28:\"task-added-attachment-french\";i:1;s:33:\"estimate-declined-to-staff-french\";i:1;s:33:\"estimate-accepted-to-staff-french\";i:1;s:31:\"proposal-client-accepted-french\";i:1;s:32:\"proposal-send-to-customer-french\";i:1;s:31:\"proposal-client-declined-french\";i:1;s:32:\"proposal-client-thank-you-french\";i:1;s:33:\"proposal-comment-to-client-french\";i:1;s:32:\"proposal-comment-to-admin-french\";i:1;s:37:\"estimate-thank-you-to-customer-french\";i:1;s:33:\"task-deadline-notification-french\";i:1;s:20:\"send-contract-french\";i:1;s:40:\"invoice-payment-recorded-to-staff-french\";i:1;s:24:\"auto-close-ticket-french\";i:1;s:46:\"new-project-discussion-created-to-staff-french\";i:1;s:49:\"new-project-discussion-created-to-customer-french\";i:1;s:44:\"new-project-file-uploaded-to-customer-french\";i:1;s:41:\"new-project-file-uploaded-to-staff-french\";i:1;s:49:\"new-project-discussion-comment-to-customer-french\";i:1;s:46:\"new-project-discussion-comment-to-staff-french\";i:1;s:36:\"staff-added-as-project-member-french\";i:1;s:31:\"estimate-expiry-reminder-french\";i:1;s:31:\"proposal-expiry-reminder-french\";i:1;s:24:\"new-staff-created-french\";i:1;s:30:\"contact-forgot-password-french\";i:1;s:31:\"contact-password-reseted-french\";i:1;s:27:\"contact-set-password-french\";i:1;s:28:\"staff-forgot-password-french\";i:1;s:29:\"staff-password-reseted-french\";i:1;s:26:\"assigned-to-project-french\";i:1;s:40:\"task-added-attachment-to-contacts-french\";i:1;s:33:\"task-commented-to-contacts-french\";i:1;s:24:\"new-lead-assigned-french\";i:1;s:23:\"client-statement-french\";i:1;s:31:\"ticket-assigned-to-admin-french\";i:1;s:37:\"new-client-registered-to-admin-french\";i:1;s:37:\"new-web-to-lead-form-submitted-french\";i:1;s:32:\"two-factor-authentication-french\";i:1;s:35:\"project-finished-to-customer-french\";i:1;s:33:\"credit-note-send-to-client-french\";i:1;s:34:\"task-status-change-to-staff-french\";i:1;s:37:\"task-status-change-to-contacts-french\";i:1;s:27:\"reminder-email-staff-french\";i:1;s:33:\"contract-comment-to-client-french\";i:1;s:32:\"contract-comment-to-admin-french\";i:1;s:24:\"send-subscription-french\";i:1;s:34:\"subscription-payment-failed-french\";i:1;s:28:\"subscription-canceled-french\";i:1;s:37:\"subscription-payment-succeeded-french\";i:1;s:35:\"contract-expiration-to-staff-french\";i:1;s:27:\"gdpr-removal-request-french\";i:1;s:32:\"gdpr-removal-request-lead-french\";i:1;s:36:\"client-registration-confirmed-french\";i:1;s:31:\"contract-signed-to-staff-french\";i:1;s:35:\"customer-subscribed-to-staff-french\";i:1;s:33:\"contact-verification-email-french\";i:1;s:50:\"new-customer-profile-file-uploaded-to-staff-french\";i:1;s:34:\"event-notification-to-staff-french\";i:1;s:43:\"subscription-payment-requires-action-french\";i:1;s:25:\"new-client-created-german\";i:1;s:29:\"invoice-send-to-client-german\";i:1;s:30:\"new-ticket-opened-admin-german\";i:1;s:19:\"ticket-reply-german\";i:1;s:26:\"ticket-autoresponse-german\";i:1;s:31:\"invoice-payment-recorded-german\";i:1;s:29:\"invoice-overdue-notice-german\";i:1;s:27:\"invoice-already-send-german\";i:1;s:31:\"new-ticket-created-staff-german\";i:1;s:30:\"estimate-send-to-client-german\";i:1;s:28:\"ticket-reply-to-admin-german\";i:1;s:28:\"estimate-already-send-german\";i:1;s:26:\"contract-expiration-german\";i:1;s:20:\"task-assigned-german\";i:1;s:29:\"task-added-as-follower-german\";i:1;s:21:\"task-commented-german\";i:1;s:28:\"task-added-attachment-german\";i:1;s:33:\"estimate-declined-to-staff-german\";i:1;s:33:\"estimate-accepted-to-staff-german\";i:1;s:31:\"proposal-client-accepted-german\";i:1;s:32:\"proposal-send-to-customer-german\";i:1;s:31:\"proposal-client-declined-german\";i:1;s:32:\"proposal-client-thank-you-german\";i:1;s:33:\"proposal-comment-to-client-german\";i:1;s:32:\"proposal-comment-to-admin-german\";i:1;s:37:\"estimate-thank-you-to-customer-german\";i:1;s:33:\"task-deadline-notification-german\";i:1;s:20:\"send-contract-german\";i:1;s:40:\"invoice-payment-recorded-to-staff-german\";i:1;s:24:\"auto-close-ticket-german\";i:1;s:46:\"new-project-discussion-created-to-staff-german\";i:1;s:49:\"new-project-discussion-created-to-customer-german\";i:1;s:44:\"new-project-file-uploaded-to-customer-german\";i:1;s:41:\"new-project-file-uploaded-to-staff-german\";i:1;s:49:\"new-project-discussion-comment-to-customer-german\";i:1;s:46:\"new-project-discussion-comment-to-staff-german\";i:1;s:36:\"staff-added-as-project-member-german\";i:1;s:31:\"estimate-expiry-reminder-german\";i:1;s:31:\"proposal-expiry-reminder-german\";i:1;s:24:\"new-staff-created-german\";i:1;s:30:\"contact-forgot-password-german\";i:1;s:31:\"contact-password-reseted-german\";i:1;s:27:\"contact-set-password-german\";i:1;s:28:\"staff-forgot-password-german\";i:1;s:29:\"staff-password-reseted-german\";i:1;s:26:\"assigned-to-project-german\";i:1;s:40:\"task-added-attachment-to-contacts-german\";i:1;s:33:\"task-commented-to-contacts-german\";i:1;s:24:\"new-lead-assigned-german\";i:1;s:23:\"client-statement-german\";i:1;s:31:\"ticket-assigned-to-admin-german\";i:1;s:37:\"new-client-registered-to-admin-german\";i:1;s:37:\"new-web-to-lead-form-submitted-german\";i:1;s:32:\"two-factor-authentication-german\";i:1;s:35:\"project-finished-to-customer-german\";i:1;s:33:\"credit-note-send-to-client-german\";i:1;s:34:\"task-status-change-to-staff-german\";i:1;s:37:\"task-status-change-to-contacts-german\";i:1;s:27:\"reminder-email-staff-german\";i:1;s:33:\"contract-comment-to-client-german\";i:1;s:32:\"contract-comment-to-admin-german\";i:1;s:24:\"send-subscription-german\";i:1;s:34:\"subscription-payment-failed-german\";i:1;s:28:\"subscription-canceled-german\";i:1;s:37:\"subscription-payment-succeeded-german\";i:1;s:35:\"contract-expiration-to-staff-german\";i:1;s:27:\"gdpr-removal-request-german\";i:1;s:32:\"gdpr-removal-request-lead-german\";i:1;s:36:\"client-registration-confirmed-german\";i:1;s:31:\"contract-signed-to-staff-german\";i:1;s:35:\"customer-subscribed-to-staff-german\";i:1;s:33:\"contact-verification-email-german\";i:1;s:50:\"new-customer-profile-file-uploaded-to-staff-german\";i:1;s:34:\"event-notification-to-staff-german\";i:1;s:43:\"subscription-payment-requires-action-german\";i:1;s:24:\"new-client-created-greek\";i:1;s:28:\"invoice-send-to-client-greek\";i:1;s:29:\"new-ticket-opened-admin-greek\";i:1;s:18:\"ticket-reply-greek\";i:1;s:25:\"ticket-autoresponse-greek\";i:1;s:30:\"invoice-payment-recorded-greek\";i:1;s:28:\"invoice-overdue-notice-greek\";i:1;s:26:\"invoice-already-send-greek\";i:1;s:30:\"new-ticket-created-staff-greek\";i:1;s:29:\"estimate-send-to-client-greek\";i:1;s:27:\"ticket-reply-to-admin-greek\";i:1;s:27:\"estimate-already-send-greek\";i:1;s:25:\"contract-expiration-greek\";i:1;s:19:\"task-assigned-greek\";i:1;s:28:\"task-added-as-follower-greek\";i:1;s:20:\"task-commented-greek\";i:1;s:27:\"task-added-attachment-greek\";i:1;s:32:\"estimate-declined-to-staff-greek\";i:1;s:32:\"estimate-accepted-to-staff-greek\";i:1;s:30:\"proposal-client-accepted-greek\";i:1;s:31:\"proposal-send-to-customer-greek\";i:1;s:30:\"proposal-client-declined-greek\";i:1;s:31:\"proposal-client-thank-you-greek\";i:1;s:32:\"proposal-comment-to-client-greek\";i:1;s:31:\"proposal-comment-to-admin-greek\";i:1;s:36:\"estimate-thank-you-to-customer-greek\";i:1;s:32:\"task-deadline-notification-greek\";i:1;s:19:\"send-contract-greek\";i:1;s:39:\"invoice-payment-recorded-to-staff-greek\";i:1;s:23:\"auto-close-ticket-greek\";i:1;s:45:\"new-project-discussion-created-to-staff-greek\";i:1;s:48:\"new-project-discussion-created-to-customer-greek\";i:1;s:43:\"new-project-file-uploaded-to-customer-greek\";i:1;s:40:\"new-project-file-uploaded-to-staff-greek\";i:1;s:48:\"new-project-discussion-comment-to-customer-greek\";i:1;s:45:\"new-project-discussion-comment-to-staff-greek\";i:1;s:35:\"staff-added-as-project-member-greek\";i:1;s:30:\"estimate-expiry-reminder-greek\";i:1;s:30:\"proposal-expiry-reminder-greek\";i:1;s:23:\"new-staff-created-greek\";i:1;s:29:\"contact-forgot-password-greek\";i:1;s:30:\"contact-password-reseted-greek\";i:1;s:26:\"contact-set-password-greek\";i:1;s:27:\"staff-forgot-password-greek\";i:1;s:28:\"staff-password-reseted-greek\";i:1;s:25:\"assigned-to-project-greek\";i:1;s:39:\"task-added-attachment-to-contacts-greek\";i:1;s:32:\"task-commented-to-contacts-greek\";i:1;s:23:\"new-lead-assigned-greek\";i:1;s:22:\"client-statement-greek\";i:1;s:30:\"ticket-assigned-to-admin-greek\";i:1;s:36:\"new-client-registered-to-admin-greek\";i:1;s:36:\"new-web-to-lead-form-submitted-greek\";i:1;s:31:\"two-factor-authentication-greek\";i:1;s:34:\"project-finished-to-customer-greek\";i:1;s:32:\"credit-note-send-to-client-greek\";i:1;s:33:\"task-status-change-to-staff-greek\";i:1;s:36:\"task-status-change-to-contacts-greek\";i:1;s:26:\"reminder-email-staff-greek\";i:1;s:32:\"contract-comment-to-client-greek\";i:1;s:31:\"contract-comment-to-admin-greek\";i:1;s:23:\"send-subscription-greek\";i:1;s:33:\"subscription-payment-failed-greek\";i:1;s:27:\"subscription-canceled-greek\";i:1;s:36:\"subscription-payment-succeeded-greek\";i:1;s:34:\"contract-expiration-to-staff-greek\";i:1;s:26:\"gdpr-removal-request-greek\";i:1;s:31:\"gdpr-removal-request-lead-greek\";i:1;s:35:\"client-registration-confirmed-greek\";i:1;s:30:\"contract-signed-to-staff-greek\";i:1;s:34:\"customer-subscribed-to-staff-greek\";i:1;s:32:\"contact-verification-email-greek\";i:1;s:49:\"new-customer-profile-file-uploaded-to-staff-greek\";i:1;s:33:\"event-notification-to-staff-greek\";i:1;s:42:\"subscription-payment-requires-action-greek\";i:1;s:28:\"new-client-created-indonesia\";i:1;s:32:\"invoice-send-to-client-indonesia\";i:1;s:33:\"new-ticket-opened-admin-indonesia\";i:1;s:22:\"ticket-reply-indonesia\";i:1;s:29:\"ticket-autoresponse-indonesia\";i:1;s:34:\"invoice-payment-recorded-indonesia\";i:1;s:32:\"invoice-overdue-notice-indonesia\";i:1;s:30:\"invoice-already-send-indonesia\";i:1;s:34:\"new-ticket-created-staff-indonesia\";i:1;s:33:\"estimate-send-to-client-indonesia\";i:1;s:31:\"ticket-reply-to-admin-indonesia\";i:1;s:31:\"estimate-already-send-indonesia\";i:1;s:29:\"contract-expiration-indonesia\";i:1;s:23:\"task-assigned-indonesia\";i:1;s:32:\"task-added-as-follower-indonesia\";i:1;s:24:\"task-commented-indonesia\";i:1;s:31:\"task-added-attachment-indonesia\";i:1;s:36:\"estimate-declined-to-staff-indonesia\";i:1;s:36:\"estimate-accepted-to-staff-indonesia\";i:1;s:34:\"proposal-client-accepted-indonesia\";i:1;s:35:\"proposal-send-to-customer-indonesia\";i:1;s:34:\"proposal-client-declined-indonesia\";i:1;s:35:\"proposal-client-thank-you-indonesia\";i:1;s:36:\"proposal-comment-to-client-indonesia\";i:1;s:35:\"proposal-comment-to-admin-indonesia\";i:1;s:40:\"estimate-thank-you-to-customer-indonesia\";i:1;s:36:\"task-deadline-notification-indonesia\";i:1;s:23:\"send-contract-indonesia\";i:1;s:43:\"invoice-payment-recorded-to-staff-indonesia\";i:1;s:27:\"auto-close-ticket-indonesia\";i:1;s:49:\"new-project-discussion-created-to-staff-indonesia\";i:1;s:52:\"new-project-discussion-created-to-customer-indonesia\";i:1;s:47:\"new-project-file-uploaded-to-customer-indonesia\";i:1;s:44:\"new-project-file-uploaded-to-staff-indonesia\";i:1;s:52:\"new-project-discussion-comment-to-customer-indonesia\";i:1;s:49:\"new-project-discussion-comment-to-staff-indonesia\";i:1;s:39:\"staff-added-as-project-member-indonesia\";i:1;s:34:\"estimate-expiry-reminder-indonesia\";i:1;s:34:\"proposal-expiry-reminder-indonesia\";i:1;s:27:\"new-staff-created-indonesia\";i:1;s:33:\"contact-forgot-password-indonesia\";i:1;s:34:\"contact-password-reseted-indonesia\";i:1;s:30:\"contact-set-password-indonesia\";i:1;s:31:\"staff-forgot-password-indonesia\";i:1;s:32:\"staff-password-reseted-indonesia\";i:1;s:29:\"assigned-to-project-indonesia\";i:1;s:43:\"task-added-attachment-to-contacts-indonesia\";i:1;s:36:\"task-commented-to-contacts-indonesia\";i:1;s:27:\"new-lead-assigned-indonesia\";i:1;s:26:\"client-statement-indonesia\";i:1;s:34:\"ticket-assigned-to-admin-indonesia\";i:1;s:40:\"new-client-registered-to-admin-indonesia\";i:1;s:40:\"new-web-to-lead-form-submitted-indonesia\";i:1;s:35:\"two-factor-authentication-indonesia\";i:1;s:38:\"project-finished-to-customer-indonesia\";i:1;s:36:\"credit-note-send-to-client-indonesia\";i:1;s:37:\"task-status-change-to-staff-indonesia\";i:1;s:40:\"task-status-change-to-contacts-indonesia\";i:1;s:30:\"reminder-email-staff-indonesia\";i:1;s:36:\"contract-comment-to-client-indonesia\";i:1;s:35:\"contract-comment-to-admin-indonesia\";i:1;s:27:\"send-subscription-indonesia\";i:1;s:37:\"subscription-payment-failed-indonesia\";i:1;s:31:\"subscription-canceled-indonesia\";i:1;s:40:\"subscription-payment-succeeded-indonesia\";i:1;s:38:\"contract-expiration-to-staff-indonesia\";i:1;s:30:\"gdpr-removal-request-indonesia\";i:1;s:35:\"gdpr-removal-request-lead-indonesia\";i:1;s:39:\"client-registration-confirmed-indonesia\";i:1;s:34:\"contract-signed-to-staff-indonesia\";i:1;s:38:\"customer-subscribed-to-staff-indonesia\";i:1;s:36:\"contact-verification-email-indonesia\";i:1;s:53:\"new-customer-profile-file-uploaded-to-staff-indonesia\";i:1;s:37:\"event-notification-to-staff-indonesia\";i:1;s:46:\"subscription-payment-requires-action-indonesia\";i:1;s:26:\"new-client-created-italian\";i:1;s:30:\"invoice-send-to-client-italian\";i:1;s:31:\"new-ticket-opened-admin-italian\";i:1;s:20:\"ticket-reply-italian\";i:1;s:27:\"ticket-autoresponse-italian\";i:1;s:32:\"invoice-payment-recorded-italian\";i:1;s:30:\"invoice-overdue-notice-italian\";i:1;s:28:\"invoice-already-send-italian\";i:1;s:32:\"new-ticket-created-staff-italian\";i:1;s:31:\"estimate-send-to-client-italian\";i:1;s:29:\"ticket-reply-to-admin-italian\";i:1;s:29:\"estimate-already-send-italian\";i:1;s:27:\"contract-expiration-italian\";i:1;s:21:\"task-assigned-italian\";i:1;s:30:\"task-added-as-follower-italian\";i:1;s:22:\"task-commented-italian\";i:1;s:29:\"task-added-attachment-italian\";i:1;s:34:\"estimate-declined-to-staff-italian\";i:1;s:34:\"estimate-accepted-to-staff-italian\";i:1;s:32:\"proposal-client-accepted-italian\";i:1;s:33:\"proposal-send-to-customer-italian\";i:1;s:32:\"proposal-client-declined-italian\";i:1;s:33:\"proposal-client-thank-you-italian\";i:1;s:34:\"proposal-comment-to-client-italian\";i:1;s:33:\"proposal-comment-to-admin-italian\";i:1;s:38:\"estimate-thank-you-to-customer-italian\";i:1;s:34:\"task-deadline-notification-italian\";i:1;s:21:\"send-contract-italian\";i:1;s:41:\"invoice-payment-recorded-to-staff-italian\";i:1;s:25:\"auto-close-ticket-italian\";i:1;s:47:\"new-project-discussion-created-to-staff-italian\";i:1;s:50:\"new-project-discussion-created-to-customer-italian\";i:1;s:45:\"new-project-file-uploaded-to-customer-italian\";i:1;s:42:\"new-project-file-uploaded-to-staff-italian\";i:1;s:50:\"new-project-discussion-comment-to-customer-italian\";i:1;s:47:\"new-project-discussion-comment-to-staff-italian\";i:1;s:37:\"staff-added-as-project-member-italian\";i:1;s:32:\"estimate-expiry-reminder-italian\";i:1;s:32:\"proposal-expiry-reminder-italian\";i:1;s:25:\"new-staff-created-italian\";i:1;s:31:\"contact-forgot-password-italian\";i:1;s:32:\"contact-password-reseted-italian\";i:1;s:28:\"contact-set-password-italian\";i:1;s:29:\"staff-forgot-password-italian\";i:1;s:30:\"staff-password-reseted-italian\";i:1;s:27:\"assigned-to-project-italian\";i:1;s:41:\"task-added-attachment-to-contacts-italian\";i:1;s:34:\"task-commented-to-contacts-italian\";i:1;s:25:\"new-lead-assigned-italian\";i:1;s:24:\"client-statement-italian\";i:1;s:32:\"ticket-assigned-to-admin-italian\";i:1;s:38:\"new-client-registered-to-admin-italian\";i:1;s:38:\"new-web-to-lead-form-submitted-italian\";i:1;s:33:\"two-factor-authentication-italian\";i:1;s:36:\"project-finished-to-customer-italian\";i:1;s:34:\"credit-note-send-to-client-italian\";i:1;s:35:\"task-status-change-to-staff-italian\";i:1;s:38:\"task-status-change-to-contacts-italian\";i:1;s:28:\"reminder-email-staff-italian\";i:1;s:34:\"contract-comment-to-client-italian\";i:1;s:33:\"contract-comment-to-admin-italian\";i:1;s:25:\"send-subscription-italian\";i:1;s:35:\"subscription-payment-failed-italian\";i:1;s:29:\"subscription-canceled-italian\";i:1;s:38:\"subscription-payment-succeeded-italian\";i:1;s:36:\"contract-expiration-to-staff-italian\";i:1;s:28:\"gdpr-removal-request-italian\";i:1;s:33:\"gdpr-removal-request-lead-italian\";i:1;s:37:\"client-registration-confirmed-italian\";i:1;s:32:\"contract-signed-to-staff-italian\";i:1;s:36:\"customer-subscribed-to-staff-italian\";i:1;s:34:\"contact-verification-email-italian\";i:1;s:51:\"new-customer-profile-file-uploaded-to-staff-italian\";i:1;s:35:\"event-notification-to-staff-italian\";i:1;s:44:\"subscription-payment-requires-action-italian\";i:1;s:27:\"new-client-created-japanese\";i:1;s:31:\"invoice-send-to-client-japanese\";i:1;s:32:\"new-ticket-opened-admin-japanese\";i:1;s:21:\"ticket-reply-japanese\";i:1;s:28:\"ticket-autoresponse-japanese\";i:1;s:33:\"invoice-payment-recorded-japanese\";i:1;s:31:\"invoice-overdue-notice-japanese\";i:1;s:29:\"invoice-already-send-japanese\";i:1;s:33:\"new-ticket-created-staff-japanese\";i:1;s:32:\"estimate-send-to-client-japanese\";i:1;s:30:\"ticket-reply-to-admin-japanese\";i:1;s:30:\"estimate-already-send-japanese\";i:1;s:28:\"contract-expiration-japanese\";i:1;s:22:\"task-assigned-japanese\";i:1;s:31:\"task-added-as-follower-japanese\";i:1;s:23:\"task-commented-japanese\";i:1;s:30:\"task-added-attachment-japanese\";i:1;s:35:\"estimate-declined-to-staff-japanese\";i:1;s:35:\"estimate-accepted-to-staff-japanese\";i:1;s:33:\"proposal-client-accepted-japanese\";i:1;s:34:\"proposal-send-to-customer-japanese\";i:1;s:33:\"proposal-client-declined-japanese\";i:1;s:34:\"proposal-client-thank-you-japanese\";i:1;s:35:\"proposal-comment-to-client-japanese\";i:1;s:34:\"proposal-comment-to-admin-japanese\";i:1;s:39:\"estimate-thank-you-to-customer-japanese\";i:1;s:35:\"task-deadline-notification-japanese\";i:1;s:22:\"send-contract-japanese\";i:1;s:42:\"invoice-payment-recorded-to-staff-japanese\";i:1;s:26:\"auto-close-ticket-japanese\";i:1;s:48:\"new-project-discussion-created-to-staff-japanese\";i:1;s:51:\"new-project-discussion-created-to-customer-japanese\";i:1;s:46:\"new-project-file-uploaded-to-customer-japanese\";i:1;s:43:\"new-project-file-uploaded-to-staff-japanese\";i:1;s:51:\"new-project-discussion-comment-to-customer-japanese\";i:1;s:48:\"new-project-discussion-comment-to-staff-japanese\";i:1;s:38:\"staff-added-as-project-member-japanese\";i:1;s:33:\"estimate-expiry-reminder-japanese\";i:1;s:33:\"proposal-expiry-reminder-japanese\";i:1;s:26:\"new-staff-created-japanese\";i:1;s:32:\"contact-forgot-password-japanese\";i:1;s:33:\"contact-password-reseted-japanese\";i:1;s:29:\"contact-set-password-japanese\";i:1;s:30:\"staff-forgot-password-japanese\";i:1;s:31:\"staff-password-reseted-japanese\";i:1;s:28:\"assigned-to-project-japanese\";i:1;s:42:\"task-added-attachment-to-contacts-japanese\";i:1;s:35:\"task-commented-to-contacts-japanese\";i:1;s:26:\"new-lead-assigned-japanese\";i:1;s:25:\"client-statement-japanese\";i:1;s:33:\"ticket-assigned-to-admin-japanese\";i:1;s:39:\"new-client-registered-to-admin-japanese\";i:1;s:39:\"new-web-to-lead-form-submitted-japanese\";i:1;s:34:\"two-factor-authentication-japanese\";i:1;s:37:\"project-finished-to-customer-japanese\";i:1;s:35:\"credit-note-send-to-client-japanese\";i:1;s:36:\"task-status-change-to-staff-japanese\";i:1;s:39:\"task-status-change-to-contacts-japanese\";i:1;s:29:\"reminder-email-staff-japanese\";i:1;s:35:\"contract-comment-to-client-japanese\";i:1;s:34:\"contract-comment-to-admin-japanese\";i:1;s:26:\"send-subscription-japanese\";i:1;s:36:\"subscription-payment-failed-japanese\";i:1;s:30:\"subscription-canceled-japanese\";i:1;s:39:\"subscription-payment-succeeded-japanese\";i:1;s:37:\"contract-expiration-to-staff-japanese\";i:1;s:29:\"gdpr-removal-request-japanese\";i:1;s:34:\"gdpr-removal-request-lead-japanese\";i:1;s:38:\"client-registration-confirmed-japanese\";i:1;s:33:\"contract-signed-to-staff-japanese\";i:1;s:37:\"customer-subscribed-to-staff-japanese\";i:1;s:35:\"contact-verification-email-japanese\";i:1;s:52:\"new-customer-profile-file-uploaded-to-staff-japanese\";i:1;s:36:\"event-notification-to-staff-japanese\";i:1;s:45:\"subscription-payment-requires-action-japanese\";i:1;s:26:\"new-client-created-persian\";i:1;s:30:\"invoice-send-to-client-persian\";i:1;s:31:\"new-ticket-opened-admin-persian\";i:1;s:20:\"ticket-reply-persian\";i:1;s:27:\"ticket-autoresponse-persian\";i:1;s:32:\"invoice-payment-recorded-persian\";i:1;s:30:\"invoice-overdue-notice-persian\";i:1;s:28:\"invoice-already-send-persian\";i:1;s:32:\"new-ticket-created-staff-persian\";i:1;s:31:\"estimate-send-to-client-persian\";i:1;s:29:\"ticket-reply-to-admin-persian\";i:1;s:29:\"estimate-already-send-persian\";i:1;s:27:\"contract-expiration-persian\";i:1;s:21:\"task-assigned-persian\";i:1;s:30:\"task-added-as-follower-persian\";i:1;s:22:\"task-commented-persian\";i:1;s:29:\"task-added-attachment-persian\";i:1;s:34:\"estimate-declined-to-staff-persian\";i:1;s:34:\"estimate-accepted-to-staff-persian\";i:1;s:32:\"proposal-client-accepted-persian\";i:1;s:33:\"proposal-send-to-customer-persian\";i:1;s:32:\"proposal-client-declined-persian\";i:1;s:33:\"proposal-client-thank-you-persian\";i:1;s:34:\"proposal-comment-to-client-persian\";i:1;s:33:\"proposal-comment-to-admin-persian\";i:1;s:38:\"estimate-thank-you-to-customer-persian\";i:1;s:34:\"task-deadline-notification-persian\";i:1;s:21:\"send-contract-persian\";i:1;s:41:\"invoice-payment-recorded-to-staff-persian\";i:1;s:25:\"auto-close-ticket-persian\";i:1;s:47:\"new-project-discussion-created-to-staff-persian\";i:1;s:50:\"new-project-discussion-created-to-customer-persian\";i:1;s:45:\"new-project-file-uploaded-to-customer-persian\";i:1;s:42:\"new-project-file-uploaded-to-staff-persian\";i:1;s:50:\"new-project-discussion-comment-to-customer-persian\";i:1;s:47:\"new-project-discussion-comment-to-staff-persian\";i:1;s:37:\"staff-added-as-project-member-persian\";i:1;s:32:\"estimate-expiry-reminder-persian\";i:1;s:32:\"proposal-expiry-reminder-persian\";i:1;s:25:\"new-staff-created-persian\";i:1;s:31:\"contact-forgot-password-persian\";i:1;s:32:\"contact-password-reseted-persian\";i:1;s:28:\"contact-set-password-persian\";i:1;s:29:\"staff-forgot-password-persian\";i:1;s:30:\"staff-password-reseted-persian\";i:1;s:27:\"assigned-to-project-persian\";i:1;s:41:\"task-added-attachment-to-contacts-persian\";i:1;s:34:\"task-commented-to-contacts-persian\";i:1;s:25:\"new-lead-assigned-persian\";i:1;s:24:\"client-statement-persian\";i:1;s:32:\"ticket-assigned-to-admin-persian\";i:1;s:38:\"new-client-registered-to-admin-persian\";i:1;s:38:\"new-web-to-lead-form-submitted-persian\";i:1;s:33:\"two-factor-authentication-persian\";i:1;s:36:\"project-finished-to-customer-persian\";i:1;s:34:\"credit-note-send-to-client-persian\";i:1;s:35:\"task-status-change-to-staff-persian\";i:1;s:38:\"task-status-change-to-contacts-persian\";i:1;s:28:\"reminder-email-staff-persian\";i:1;s:34:\"contract-comment-to-client-persian\";i:1;s:33:\"contract-comment-to-admin-persian\";i:1;s:25:\"send-subscription-persian\";i:1;s:35:\"subscription-payment-failed-persian\";i:1;s:29:\"subscription-canceled-persian\";i:1;s:38:\"subscription-payment-succeeded-persian\";i:1;s:36:\"contract-expiration-to-staff-persian\";i:1;s:28:\"gdpr-removal-request-persian\";i:1;s:33:\"gdpr-removal-request-lead-persian\";i:1;s:37:\"client-registration-confirmed-persian\";i:1;s:32:\"contract-signed-to-staff-persian\";i:1;s:36:\"customer-subscribed-to-staff-persian\";i:1;s:34:\"contact-verification-email-persian\";i:1;s:51:\"new-customer-profile-file-uploaded-to-staff-persian\";i:1;s:35:\"event-notification-to-staff-persian\";i:1;s:44:\"subscription-payment-requires-action-persian\";i:1;s:25:\"new-client-created-polish\";i:1;s:29:\"invoice-send-to-client-polish\";i:1;s:30:\"new-ticket-opened-admin-polish\";i:1;s:19:\"ticket-reply-polish\";i:1;s:26:\"ticket-autoresponse-polish\";i:1;s:31:\"invoice-payment-recorded-polish\";i:1;s:29:\"invoice-overdue-notice-polish\";i:1;s:27:\"invoice-already-send-polish\";i:1;s:31:\"new-ticket-created-staff-polish\";i:1;s:30:\"estimate-send-to-client-polish\";i:1;s:28:\"ticket-reply-to-admin-polish\";i:1;s:28:\"estimate-already-send-polish\";i:1;s:26:\"contract-expiration-polish\";i:1;s:20:\"task-assigned-polish\";i:1;s:29:\"task-added-as-follower-polish\";i:1;s:21:\"task-commented-polish\";i:1;s:28:\"task-added-attachment-polish\";i:1;s:33:\"estimate-declined-to-staff-polish\";i:1;s:33:\"estimate-accepted-to-staff-polish\";i:1;s:31:\"proposal-client-accepted-polish\";i:1;s:32:\"proposal-send-to-customer-polish\";i:1;s:31:\"proposal-client-declined-polish\";i:1;s:32:\"proposal-client-thank-you-polish\";i:1;s:33:\"proposal-comment-to-client-polish\";i:1;s:32:\"proposal-comment-to-admin-polish\";i:1;s:37:\"estimate-thank-you-to-customer-polish\";i:1;s:33:\"task-deadline-notification-polish\";i:1;s:20:\"send-contract-polish\";i:1;s:40:\"invoice-payment-recorded-to-staff-polish\";i:1;s:24:\"auto-close-ticket-polish\";i:1;s:46:\"new-project-discussion-created-to-staff-polish\";i:1;s:49:\"new-project-discussion-created-to-customer-polish\";i:1;s:44:\"new-project-file-uploaded-to-customer-polish\";i:1;s:41:\"new-project-file-uploaded-to-staff-polish\";i:1;s:49:\"new-project-discussion-comment-to-customer-polish\";i:1;s:46:\"new-project-discussion-comment-to-staff-polish\";i:1;s:36:\"staff-added-as-project-member-polish\";i:1;s:31:\"estimate-expiry-reminder-polish\";i:1;s:31:\"proposal-expiry-reminder-polish\";i:1;s:24:\"new-staff-created-polish\";i:1;s:30:\"contact-forgot-password-polish\";i:1;s:31:\"contact-password-reseted-polish\";i:1;s:27:\"contact-set-password-polish\";i:1;s:28:\"staff-forgot-password-polish\";i:1;s:29:\"staff-password-reseted-polish\";i:1;s:26:\"assigned-to-project-polish\";i:1;s:40:\"task-added-attachment-to-contacts-polish\";i:1;s:33:\"task-commented-to-contacts-polish\";i:1;s:24:\"new-lead-assigned-polish\";i:1;s:23:\"client-statement-polish\";i:1;s:31:\"ticket-assigned-to-admin-polish\";i:1;s:37:\"new-client-registered-to-admin-polish\";i:1;s:37:\"new-web-to-lead-form-submitted-polish\";i:1;s:32:\"two-factor-authentication-polish\";i:1;s:35:\"project-finished-to-customer-polish\";i:1;s:33:\"credit-note-send-to-client-polish\";i:1;s:34:\"task-status-change-to-staff-polish\";i:1;s:37:\"task-status-change-to-contacts-polish\";i:1;s:27:\"reminder-email-staff-polish\";i:1;s:33:\"contract-comment-to-client-polish\";i:1;s:32:\"contract-comment-to-admin-polish\";i:1;s:24:\"send-subscription-polish\";i:1;s:34:\"subscription-payment-failed-polish\";i:1;s:28:\"subscription-canceled-polish\";i:1;s:37:\"subscription-payment-succeeded-polish\";i:1;s:35:\"contract-expiration-to-staff-polish\";i:1;s:27:\"gdpr-removal-request-polish\";i:1;s:32:\"gdpr-removal-request-lead-polish\";i:1;s:36:\"client-registration-confirmed-polish\";i:1;s:31:\"contract-signed-to-staff-polish\";i:1;s:35:\"customer-subscribed-to-staff-polish\";i:1;s:33:\"contact-verification-email-polish\";i:1;s:50:\"new-customer-profile-file-uploaded-to-staff-polish\";i:1;s:34:\"event-notification-to-staff-polish\";i:1;s:43:\"subscription-payment-requires-action-polish\";i:1;s:29:\"new-client-created-portuguese\";i:1;s:33:\"invoice-send-to-client-portuguese\";i:1;s:34:\"new-ticket-opened-admin-portuguese\";i:1;s:23:\"ticket-reply-portuguese\";i:1;s:30:\"ticket-autoresponse-portuguese\";i:1;s:35:\"invoice-payment-recorded-portuguese\";i:1;s:33:\"invoice-overdue-notice-portuguese\";i:1;s:31:\"invoice-already-send-portuguese\";i:1;s:35:\"new-ticket-created-staff-portuguese\";i:1;s:34:\"estimate-send-to-client-portuguese\";i:1;s:32:\"ticket-reply-to-admin-portuguese\";i:1;s:32:\"estimate-already-send-portuguese\";i:1;s:30:\"contract-expiration-portuguese\";i:1;s:24:\"task-assigned-portuguese\";i:1;s:33:\"task-added-as-follower-portuguese\";i:1;s:25:\"task-commented-portuguese\";i:1;s:32:\"task-added-attachment-portuguese\";i:1;s:37:\"estimate-declined-to-staff-portuguese\";i:1;s:37:\"estimate-accepted-to-staff-portuguese\";i:1;s:35:\"proposal-client-accepted-portuguese\";i:1;s:36:\"proposal-send-to-customer-portuguese\";i:1;s:35:\"proposal-client-declined-portuguese\";i:1;s:36:\"proposal-client-thank-you-portuguese\";i:1;s:37:\"proposal-comment-to-client-portuguese\";i:1;s:36:\"proposal-comment-to-admin-portuguese\";i:1;s:41:\"estimate-thank-you-to-customer-portuguese\";i:1;s:37:\"task-deadline-notification-portuguese\";i:1;s:24:\"send-contract-portuguese\";i:1;s:44:\"invoice-payment-recorded-to-staff-portuguese\";i:1;s:28:\"auto-close-ticket-portuguese\";i:1;s:50:\"new-project-discussion-created-to-staff-portuguese\";i:1;s:53:\"new-project-discussion-created-to-customer-portuguese\";i:1;s:48:\"new-project-file-uploaded-to-customer-portuguese\";i:1;s:45:\"new-project-file-uploaded-to-staff-portuguese\";i:1;s:53:\"new-project-discussion-comment-to-customer-portuguese\";i:1;s:50:\"new-project-discussion-comment-to-staff-portuguese\";i:1;s:40:\"staff-added-as-project-member-portuguese\";i:1;s:35:\"estimate-expiry-reminder-portuguese\";i:1;s:35:\"proposal-expiry-reminder-portuguese\";i:1;s:28:\"new-staff-created-portuguese\";i:1;s:34:\"contact-forgot-password-portuguese\";i:1;s:35:\"contact-password-reseted-portuguese\";i:1;s:31:\"contact-set-password-portuguese\";i:1;s:32:\"staff-forgot-password-portuguese\";i:1;s:33:\"staff-password-reseted-portuguese\";i:1;s:30:\"assigned-to-project-portuguese\";i:1;s:44:\"task-added-attachment-to-contacts-portuguese\";i:1;s:37:\"task-commented-to-contacts-portuguese\";i:1;s:28:\"new-lead-assigned-portuguese\";i:1;s:27:\"client-statement-portuguese\";i:1;s:35:\"ticket-assigned-to-admin-portuguese\";i:1;s:41:\"new-client-registered-to-admin-portuguese\";i:1;s:41:\"new-web-to-lead-form-submitted-portuguese\";i:1;s:36:\"two-factor-authentication-portuguese\";i:1;s:39:\"project-finished-to-customer-portuguese\";i:1;s:37:\"credit-note-send-to-client-portuguese\";i:1;s:38:\"task-status-change-to-staff-portuguese\";i:1;s:41:\"task-status-change-to-contacts-portuguese\";i:1;s:31:\"reminder-email-staff-portuguese\";i:1;s:37:\"contract-comment-to-client-portuguese\";i:1;s:36:\"contract-comment-to-admin-portuguese\";i:1;s:28:\"send-subscription-portuguese\";i:1;s:38:\"subscription-payment-failed-portuguese\";i:1;s:32:\"subscription-canceled-portuguese\";i:1;s:41:\"subscription-payment-succeeded-portuguese\";i:1;s:39:\"contract-expiration-to-staff-portuguese\";i:1;s:31:\"gdpr-removal-request-portuguese\";i:1;s:36:\"gdpr-removal-request-lead-portuguese\";i:1;s:40:\"client-registration-confirmed-portuguese\";i:1;s:35:\"contract-signed-to-staff-portuguese\";i:1;s:39:\"customer-subscribed-to-staff-portuguese\";i:1;s:37:\"contact-verification-email-portuguese\";i:1;s:54:\"new-customer-profile-file-uploaded-to-staff-portuguese\";i:1;s:38:\"event-notification-to-staff-portuguese\";i:1;s:47:\"subscription-payment-requires-action-portuguese\";i:1;s:32:\"new-client-created-portuguese_br\";i:1;s:36:\"invoice-send-to-client-portuguese_br\";i:1;s:37:\"new-ticket-opened-admin-portuguese_br\";i:1;s:26:\"ticket-reply-portuguese_br\";i:1;s:33:\"ticket-autoresponse-portuguese_br\";i:1;s:38:\"invoice-payment-recorded-portuguese_br\";i:1;s:36:\"invoice-overdue-notice-portuguese_br\";i:1;s:34:\"invoice-already-send-portuguese_br\";i:1;s:38:\"new-ticket-created-staff-portuguese_br\";i:1;s:37:\"estimate-send-to-client-portuguese_br\";i:1;s:35:\"ticket-reply-to-admin-portuguese_br\";i:1;s:35:\"estimate-already-send-portuguese_br\";i:1;s:33:\"contract-expiration-portuguese_br\";i:1;s:27:\"task-assigned-portuguese_br\";i:1;s:36:\"task-added-as-follower-portuguese_br\";i:1;s:28:\"task-commented-portuguese_br\";i:1;s:35:\"task-added-attachment-portuguese_br\";i:1;s:40:\"estimate-declined-to-staff-portuguese_br\";i:1;s:40:\"estimate-accepted-to-staff-portuguese_br\";i:1;s:38:\"proposal-client-accepted-portuguese_br\";i:1;s:39:\"proposal-send-to-customer-portuguese_br\";i:1;s:38:\"proposal-client-declined-portuguese_br\";i:1;s:39:\"proposal-client-thank-you-portuguese_br\";i:1;s:40:\"proposal-comment-to-client-portuguese_br\";i:1;s:39:\"proposal-comment-to-admin-portuguese_br\";i:1;s:44:\"estimate-thank-you-to-customer-portuguese_br\";i:1;s:40:\"task-deadline-notification-portuguese_br\";i:1;s:27:\"send-contract-portuguese_br\";i:1;s:47:\"invoice-payment-recorded-to-staff-portuguese_br\";i:1;s:31:\"auto-close-ticket-portuguese_br\";i:1;s:53:\"new-project-discussion-created-to-staff-portuguese_br\";i:1;s:56:\"new-project-discussion-created-to-customer-portuguese_br\";i:1;s:51:\"new-project-file-uploaded-to-customer-portuguese_br\";i:1;s:48:\"new-project-file-uploaded-to-staff-portuguese_br\";i:1;s:56:\"new-project-discussion-comment-to-customer-portuguese_br\";i:1;s:53:\"new-project-discussion-comment-to-staff-portuguese_br\";i:1;s:43:\"staff-added-as-project-member-portuguese_br\";i:1;s:38:\"estimate-expiry-reminder-portuguese_br\";i:1;s:38:\"proposal-expiry-reminder-portuguese_br\";i:1;s:31:\"new-staff-created-portuguese_br\";i:1;s:37:\"contact-forgot-password-portuguese_br\";i:1;s:38:\"contact-password-reseted-portuguese_br\";i:1;s:34:\"contact-set-password-portuguese_br\";i:1;s:35:\"staff-forgot-password-portuguese_br\";i:1;s:36:\"staff-password-reseted-portuguese_br\";i:1;s:33:\"assigned-to-project-portuguese_br\";i:1;s:47:\"task-added-attachment-to-contacts-portuguese_br\";i:1;s:40:\"task-commented-to-contacts-portuguese_br\";i:1;s:31:\"new-lead-assigned-portuguese_br\";i:1;s:30:\"client-statement-portuguese_br\";i:1;s:38:\"ticket-assigned-to-admin-portuguese_br\";i:1;s:44:\"new-client-registered-to-admin-portuguese_br\";i:1;s:44:\"new-web-to-lead-form-submitted-portuguese_br\";i:1;s:39:\"two-factor-authentication-portuguese_br\";i:1;s:42:\"project-finished-to-customer-portuguese_br\";i:1;s:40:\"credit-note-send-to-client-portuguese_br\";i:1;s:41:\"task-status-change-to-staff-portuguese_br\";i:1;s:44:\"task-status-change-to-contacts-portuguese_br\";i:1;s:34:\"reminder-email-staff-portuguese_br\";i:1;s:40:\"contract-comment-to-client-portuguese_br\";i:1;s:39:\"contract-comment-to-admin-portuguese_br\";i:1;s:31:\"send-subscription-portuguese_br\";i:1;s:41:\"subscription-payment-failed-portuguese_br\";i:1;s:35:\"subscription-canceled-portuguese_br\";i:1;s:44:\"subscription-payment-succeeded-portuguese_br\";i:1;s:42:\"contract-expiration-to-staff-portuguese_br\";i:1;s:34:\"gdpr-removal-request-portuguese_br\";i:1;s:39:\"gdpr-removal-request-lead-portuguese_br\";i:1;s:43:\"client-registration-confirmed-portuguese_br\";i:1;s:38:\"contract-signed-to-staff-portuguese_br\";i:1;s:42:\"customer-subscribed-to-staff-portuguese_br\";i:1;s:40:\"contact-verification-email-portuguese_br\";i:1;s:57:\"new-customer-profile-file-uploaded-to-staff-portuguese_br\";i:1;s:41:\"event-notification-to-staff-portuguese_br\";i:1;s:50:\"subscription-payment-requires-action-portuguese_br\";i:1;s:27:\"new-client-created-romanian\";i:1;s:31:\"invoice-send-to-client-romanian\";i:1;s:32:\"new-ticket-opened-admin-romanian\";i:1;s:21:\"ticket-reply-romanian\";i:1;s:28:\"ticket-autoresponse-romanian\";i:1;s:33:\"invoice-payment-recorded-romanian\";i:1;s:31:\"invoice-overdue-notice-romanian\";i:1;s:29:\"invoice-already-send-romanian\";i:1;s:33:\"new-ticket-created-staff-romanian\";i:1;s:32:\"estimate-send-to-client-romanian\";i:1;s:30:\"ticket-reply-to-admin-romanian\";i:1;s:30:\"estimate-already-send-romanian\";i:1;s:28:\"contract-expiration-romanian\";i:1;s:22:\"task-assigned-romanian\";i:1;s:31:\"task-added-as-follower-romanian\";i:1;s:23:\"task-commented-romanian\";i:1;s:30:\"task-added-attachment-romanian\";i:1;s:35:\"estimate-declined-to-staff-romanian\";i:1;s:35:\"estimate-accepted-to-staff-romanian\";i:1;s:33:\"proposal-client-accepted-romanian\";i:1;s:34:\"proposal-send-to-customer-romanian\";i:1;s:33:\"proposal-client-declined-romanian\";i:1;s:34:\"proposal-client-thank-you-romanian\";i:1;s:35:\"proposal-comment-to-client-romanian\";i:1;s:34:\"proposal-comment-to-admin-romanian\";i:1;s:39:\"estimate-thank-you-to-customer-romanian\";i:1;s:35:\"task-deadline-notification-romanian\";i:1;s:22:\"send-contract-romanian\";i:1;s:42:\"invoice-payment-recorded-to-staff-romanian\";i:1;s:26:\"auto-close-ticket-romanian\";i:1;s:48:\"new-project-discussion-created-to-staff-romanian\";i:1;s:51:\"new-project-discussion-created-to-customer-romanian\";i:1;s:46:\"new-project-file-uploaded-to-customer-romanian\";i:1;s:43:\"new-project-file-uploaded-to-staff-romanian\";i:1;s:51:\"new-project-discussion-comment-to-customer-romanian\";i:1;s:48:\"new-project-discussion-comment-to-staff-romanian\";i:1;s:38:\"staff-added-as-project-member-romanian\";i:1;s:33:\"estimate-expiry-reminder-romanian\";i:1;s:33:\"proposal-expiry-reminder-romanian\";i:1;s:26:\"new-staff-created-romanian\";i:1;s:32:\"contact-forgot-password-romanian\";i:1;s:33:\"contact-password-reseted-romanian\";i:1;s:29:\"contact-set-password-romanian\";i:1;s:30:\"staff-forgot-password-romanian\";i:1;s:31:\"staff-password-reseted-romanian\";i:1;s:28:\"assigned-to-project-romanian\";i:1;s:42:\"task-added-attachment-to-contacts-romanian\";i:1;s:35:\"task-commented-to-contacts-romanian\";i:1;s:26:\"new-lead-assigned-romanian\";i:1;s:25:\"client-statement-romanian\";i:1;s:33:\"ticket-assigned-to-admin-romanian\";i:1;s:39:\"new-client-registered-to-admin-romanian\";i:1;s:39:\"new-web-to-lead-form-submitted-romanian\";i:1;s:34:\"two-factor-authentication-romanian\";i:1;s:37:\"project-finished-to-customer-romanian\";i:1;s:35:\"credit-note-send-to-client-romanian\";i:1;s:36:\"task-status-change-to-staff-romanian\";i:1;s:39:\"task-status-change-to-contacts-romanian\";i:1;s:29:\"reminder-email-staff-romanian\";i:1;s:35:\"contract-comment-to-client-romanian\";i:1;s:34:\"contract-comment-to-admin-romanian\";i:1;s:26:\"send-subscription-romanian\";i:1;s:36:\"subscription-payment-failed-romanian\";i:1;s:30:\"subscription-canceled-romanian\";i:1;s:39:\"subscription-payment-succeeded-romanian\";i:1;s:37:\"contract-expiration-to-staff-romanian\";i:1;s:29:\"gdpr-removal-request-romanian\";i:1;s:34:\"gdpr-removal-request-lead-romanian\";i:1;s:38:\"client-registration-confirmed-romanian\";i:1;s:33:\"contract-signed-to-staff-romanian\";i:1;s:37:\"customer-subscribed-to-staff-romanian\";i:1;s:35:\"contact-verification-email-romanian\";i:1;s:52:\"new-customer-profile-file-uploaded-to-staff-romanian\";i:1;s:36:\"event-notification-to-staff-romanian\";i:1;s:45:\"subscription-payment-requires-action-romanian\";i:1;s:26:\"new-client-created-russian\";i:1;s:30:\"invoice-send-to-client-russian\";i:1;s:31:\"new-ticket-opened-admin-russian\";i:1;s:20:\"ticket-reply-russian\";i:1;s:27:\"ticket-autoresponse-russian\";i:1;s:32:\"invoice-payment-recorded-russian\";i:1;s:30:\"invoice-overdue-notice-russian\";i:1;s:28:\"invoice-already-send-russian\";i:1;s:32:\"new-ticket-created-staff-russian\";i:1;s:31:\"estimate-send-to-client-russian\";i:1;s:29:\"ticket-reply-to-admin-russian\";i:1;s:29:\"estimate-already-send-russian\";i:1;s:27:\"contract-expiration-russian\";i:1;s:21:\"task-assigned-russian\";i:1;s:30:\"task-added-as-follower-russian\";i:1;s:22:\"task-commented-russian\";i:1;s:29:\"task-added-attachment-russian\";i:1;s:34:\"estimate-declined-to-staff-russian\";i:1;s:34:\"estimate-accepted-to-staff-russian\";i:1;s:32:\"proposal-client-accepted-russian\";i:1;s:33:\"proposal-send-to-customer-russian\";i:1;s:32:\"proposal-client-declined-russian\";i:1;s:33:\"proposal-client-thank-you-russian\";i:1;s:34:\"proposal-comment-to-client-russian\";i:1;s:33:\"proposal-comment-to-admin-russian\";i:1;s:38:\"estimate-thank-you-to-customer-russian\";i:1;s:34:\"task-deadline-notification-russian\";i:1;s:21:\"send-contract-russian\";i:1;s:41:\"invoice-payment-recorded-to-staff-russian\";i:1;s:25:\"auto-close-ticket-russian\";i:1;s:47:\"new-project-discussion-created-to-staff-russian\";i:1;s:50:\"new-project-discussion-created-to-customer-russian\";i:1;s:45:\"new-project-file-uploaded-to-customer-russian\";i:1;s:42:\"new-project-file-uploaded-to-staff-russian\";i:1;s:50:\"new-project-discussion-comment-to-customer-russian\";i:1;s:47:\"new-project-discussion-comment-to-staff-russian\";i:1;s:37:\"staff-added-as-project-member-russian\";i:1;s:32:\"estimate-expiry-reminder-russian\";i:1;s:32:\"proposal-expiry-reminder-russian\";i:1;s:25:\"new-staff-created-russian\";i:1;s:31:\"contact-forgot-password-russian\";i:1;s:32:\"contact-password-reseted-russian\";i:1;s:28:\"contact-set-password-russian\";i:1;s:29:\"staff-forgot-password-russian\";i:1;s:30:\"staff-password-reseted-russian\";i:1;s:27:\"assigned-to-project-russian\";i:1;s:41:\"task-added-attachment-to-contacts-russian\";i:1;s:34:\"task-commented-to-contacts-russian\";i:1;s:25:\"new-lead-assigned-russian\";i:1;s:24:\"client-statement-russian\";i:1;s:32:\"ticket-assigned-to-admin-russian\";i:1;s:38:\"new-client-registered-to-admin-russian\";i:1;s:38:\"new-web-to-lead-form-submitted-russian\";i:1;s:33:\"two-factor-authentication-russian\";i:1;s:36:\"project-finished-to-customer-russian\";i:1;s:34:\"credit-note-send-to-client-russian\";i:1;s:35:\"task-status-change-to-staff-russian\";i:1;s:38:\"task-status-change-to-contacts-russian\";i:1;s:28:\"reminder-email-staff-russian\";i:1;s:34:\"contract-comment-to-client-russian\";i:1;s:33:\"contract-comment-to-admin-russian\";i:1;s:25:\"send-subscription-russian\";i:1;s:35:\"subscription-payment-failed-russian\";i:1;s:29:\"subscription-canceled-russian\";i:1;s:38:\"subscription-payment-succeeded-russian\";i:1;s:36:\"contract-expiration-to-staff-russian\";i:1;s:28:\"gdpr-removal-request-russian\";i:1;s:33:\"gdpr-removal-request-lead-russian\";i:1;s:37:\"client-registration-confirmed-russian\";i:1;s:32:\"contract-signed-to-staff-russian\";i:1;s:36:\"customer-subscribed-to-staff-russian\";i:1;s:34:\"contact-verification-email-russian\";i:1;s:51:\"new-customer-profile-file-uploaded-to-staff-russian\";i:1;s:35:\"event-notification-to-staff-russian\";i:1;s:44:\"subscription-payment-requires-action-russian\";i:1;s:25:\"new-client-created-slovak\";i:1;s:29:\"invoice-send-to-client-slovak\";i:1;s:30:\"new-ticket-opened-admin-slovak\";i:1;s:19:\"ticket-reply-slovak\";i:1;s:26:\"ticket-autoresponse-slovak\";i:1;s:31:\"invoice-payment-recorded-slovak\";i:1;s:29:\"invoice-overdue-notice-slovak\";i:1;s:27:\"invoice-already-send-slovak\";i:1;s:31:\"new-ticket-created-staff-slovak\";i:1;s:30:\"estimate-send-to-client-slovak\";i:1;s:28:\"ticket-reply-to-admin-slovak\";i:1;s:28:\"estimate-already-send-slovak\";i:1;s:26:\"contract-expiration-slovak\";i:1;s:20:\"task-assigned-slovak\";i:1;s:29:\"task-added-as-follower-slovak\";i:1;s:21:\"task-commented-slovak\";i:1;s:28:\"task-added-attachment-slovak\";i:1;s:33:\"estimate-declined-to-staff-slovak\";i:1;s:33:\"estimate-accepted-to-staff-slovak\";i:1;s:31:\"proposal-client-accepted-slovak\";i:1;s:32:\"proposal-send-to-customer-slovak\";i:1;s:31:\"proposal-client-declined-slovak\";i:1;s:32:\"proposal-client-thank-you-slovak\";i:1;s:33:\"proposal-comment-to-client-slovak\";i:1;s:32:\"proposal-comment-to-admin-slovak\";i:1;s:37:\"estimate-thank-you-to-customer-slovak\";i:1;s:33:\"task-deadline-notification-slovak\";i:1;s:20:\"send-contract-slovak\";i:1;s:40:\"invoice-payment-recorded-to-staff-slovak\";i:1;s:24:\"auto-close-ticket-slovak\";i:1;s:46:\"new-project-discussion-created-to-staff-slovak\";i:1;s:49:\"new-project-discussion-created-to-customer-slovak\";i:1;s:44:\"new-project-file-uploaded-to-customer-slovak\";i:1;s:41:\"new-project-file-uploaded-to-staff-slovak\";i:1;s:49:\"new-project-discussion-comment-to-customer-slovak\";i:1;s:46:\"new-project-discussion-comment-to-staff-slovak\";i:1;s:36:\"staff-added-as-project-member-slovak\";i:1;s:31:\"estimate-expiry-reminder-slovak\";i:1;s:31:\"proposal-expiry-reminder-slovak\";i:1;s:24:\"new-staff-created-slovak\";i:1;s:30:\"contact-forgot-password-slovak\";i:1;s:31:\"contact-password-reseted-slovak\";i:1;s:27:\"contact-set-password-slovak\";i:1;s:28:\"staff-forgot-password-slovak\";i:1;s:29:\"staff-password-reseted-slovak\";i:1;s:26:\"assigned-to-project-slovak\";i:1;s:40:\"task-added-attachment-to-contacts-slovak\";i:1;s:33:\"task-commented-to-contacts-slovak\";i:1;s:24:\"new-lead-assigned-slovak\";i:1;s:23:\"client-statement-slovak\";i:1;s:31:\"ticket-assigned-to-admin-slovak\";i:1;s:37:\"new-client-registered-to-admin-slovak\";i:1;s:37:\"new-web-to-lead-form-submitted-slovak\";i:1;s:32:\"two-factor-authentication-slovak\";i:1;s:35:\"project-finished-to-customer-slovak\";i:1;s:33:\"credit-note-send-to-client-slovak\";i:1;s:34:\"task-status-change-to-staff-slovak\";i:1;s:37:\"task-status-change-to-contacts-slovak\";i:1;s:27:\"reminder-email-staff-slovak\";i:1;s:33:\"contract-comment-to-client-slovak\";i:1;s:32:\"contract-comment-to-admin-slovak\";i:1;s:24:\"send-subscription-slovak\";i:1;s:34:\"subscription-payment-failed-slovak\";i:1;s:28:\"subscription-canceled-slovak\";i:1;s:37:\"subscription-payment-succeeded-slovak\";i:1;s:35:\"contract-expiration-to-staff-slovak\";i:1;s:27:\"gdpr-removal-request-slovak\";i:1;s:32:\"gdpr-removal-request-lead-slovak\";i:1;s:36:\"client-registration-confirmed-slovak\";i:1;s:31:\"contract-signed-to-staff-slovak\";i:1;s:35:\"customer-subscribed-to-staff-slovak\";i:1;s:33:\"contact-verification-email-slovak\";i:1;s:50:\"new-customer-profile-file-uploaded-to-staff-slovak\";i:1;s:34:\"event-notification-to-staff-slovak\";i:1;s:43:\"subscription-payment-requires-action-slovak\";i:1;s:26:\"new-client-created-spanish\";i:1;s:30:\"invoice-send-to-client-spanish\";i:1;s:31:\"new-ticket-opened-admin-spanish\";i:1;s:20:\"ticket-reply-spanish\";i:1;s:27:\"ticket-autoresponse-spanish\";i:1;s:32:\"invoice-payment-recorded-spanish\";i:1;s:30:\"invoice-overdue-notice-spanish\";i:1;s:28:\"invoice-already-send-spanish\";i:1;s:32:\"new-ticket-created-staff-spanish\";i:1;s:31:\"estimate-send-to-client-spanish\";i:1;s:29:\"ticket-reply-to-admin-spanish\";i:1;s:29:\"estimate-already-send-spanish\";i:1;s:27:\"contract-expiration-spanish\";i:1;s:21:\"task-assigned-spanish\";i:1;s:30:\"task-added-as-follower-spanish\";i:1;s:22:\"task-commented-spanish\";i:1;s:29:\"task-added-attachment-spanish\";i:1;s:34:\"estimate-declined-to-staff-spanish\";i:1;s:34:\"estimate-accepted-to-staff-spanish\";i:1;s:32:\"proposal-client-accepted-spanish\";i:1;s:33:\"proposal-send-to-customer-spanish\";i:1;s:32:\"proposal-client-declined-spanish\";i:1;s:33:\"proposal-client-thank-you-spanish\";i:1;s:34:\"proposal-comment-to-client-spanish\";i:1;s:33:\"proposal-comment-to-admin-spanish\";i:1;s:38:\"estimate-thank-you-to-customer-spanish\";i:1;s:34:\"task-deadline-notification-spanish\";i:1;s:21:\"send-contract-spanish\";i:1;s:41:\"invoice-payment-recorded-to-staff-spanish\";i:1;s:25:\"auto-close-ticket-spanish\";i:1;s:47:\"new-project-discussion-created-to-staff-spanish\";i:1;s:50:\"new-project-discussion-created-to-customer-spanish\";i:1;s:45:\"new-project-file-uploaded-to-customer-spanish\";i:1;s:42:\"new-project-file-uploaded-to-staff-spanish\";i:1;s:50:\"new-project-discussion-comment-to-customer-spanish\";i:1;s:47:\"new-project-discussion-comment-to-staff-spanish\";i:1;s:37:\"staff-added-as-project-member-spanish\";i:1;s:32:\"estimate-expiry-reminder-spanish\";i:1;s:32:\"proposal-expiry-reminder-spanish\";i:1;s:25:\"new-staff-created-spanish\";i:1;s:31:\"contact-forgot-password-spanish\";i:1;s:32:\"contact-password-reseted-spanish\";i:1;s:28:\"contact-set-password-spanish\";i:1;s:29:\"staff-forgot-password-spanish\";i:1;s:30:\"staff-password-reseted-spanish\";i:1;s:27:\"assigned-to-project-spanish\";i:1;s:41:\"task-added-attachment-to-contacts-spanish\";i:1;s:34:\"task-commented-to-contacts-spanish\";i:1;s:25:\"new-lead-assigned-spanish\";i:1;s:24:\"client-statement-spanish\";i:1;s:32:\"ticket-assigned-to-admin-spanish\";i:1;s:38:\"new-client-registered-to-admin-spanish\";i:1;s:38:\"new-web-to-lead-form-submitted-spanish\";i:1;s:33:\"two-factor-authentication-spanish\";i:1;s:36:\"project-finished-to-customer-spanish\";i:1;s:34:\"credit-note-send-to-client-spanish\";i:1;s:35:\"task-status-change-to-staff-spanish\";i:1;s:38:\"task-status-change-to-contacts-spanish\";i:1;s:28:\"reminder-email-staff-spanish\";i:1;s:34:\"contract-comment-to-client-spanish\";i:1;s:33:\"contract-comment-to-admin-spanish\";i:1;s:25:\"send-subscription-spanish\";i:1;s:35:\"subscription-payment-failed-spanish\";i:1;s:29:\"subscription-canceled-spanish\";i:1;s:38:\"subscription-payment-succeeded-spanish\";i:1;s:36:\"contract-expiration-to-staff-spanish\";i:1;s:28:\"gdpr-removal-request-spanish\";i:1;s:33:\"gdpr-removal-request-lead-spanish\";i:1;s:37:\"client-registration-confirmed-spanish\";i:1;s:32:\"contract-signed-to-staff-spanish\";i:1;s:36:\"customer-subscribed-to-staff-spanish\";i:1;s:34:\"contact-verification-email-spanish\";i:1;s:51:\"new-customer-profile-file-uploaded-to-staff-spanish\";i:1;s:35:\"event-notification-to-staff-spanish\";i:1;s:44:\"subscription-payment-requires-action-spanish\";i:1;s:26:\"new-client-created-swedish\";i:1;s:30:\"invoice-send-to-client-swedish\";i:1;s:31:\"new-ticket-opened-admin-swedish\";i:1;s:20:\"ticket-reply-swedish\";i:1;s:27:\"ticket-autoresponse-swedish\";i:1;s:32:\"invoice-payment-recorded-swedish\";i:1;s:30:\"invoice-overdue-notice-swedish\";i:1;s:28:\"invoice-already-send-swedish\";i:1;s:32:\"new-ticket-created-staff-swedish\";i:1;s:31:\"estimate-send-to-client-swedish\";i:1;s:29:\"ticket-reply-to-admin-swedish\";i:1;s:29:\"estimate-already-send-swedish\";i:1;s:27:\"contract-expiration-swedish\";i:1;s:21:\"task-assigned-swedish\";i:1;s:30:\"task-added-as-follower-swedish\";i:1;s:22:\"task-commented-swedish\";i:1;s:29:\"task-added-attachment-swedish\";i:1;s:34:\"estimate-declined-to-staff-swedish\";i:1;s:34:\"estimate-accepted-to-staff-swedish\";i:1;s:32:\"proposal-client-accepted-swedish\";i:1;s:33:\"proposal-send-to-customer-swedish\";i:1;s:32:\"proposal-client-declined-swedish\";i:1;s:33:\"proposal-client-thank-you-swedish\";i:1;s:34:\"proposal-comment-to-client-swedish\";i:1;s:33:\"proposal-comment-to-admin-swedish\";i:1;s:38:\"estimate-thank-you-to-customer-swedish\";i:1;s:34:\"task-deadline-notification-swedish\";i:1;s:21:\"send-contract-swedish\";i:1;s:41:\"invoice-payment-recorded-to-staff-swedish\";i:1;s:25:\"auto-close-ticket-swedish\";i:1;s:47:\"new-project-discussion-created-to-staff-swedish\";i:1;s:50:\"new-project-discussion-created-to-customer-swedish\";i:1;s:45:\"new-project-file-uploaded-to-customer-swedish\";i:1;s:42:\"new-project-file-uploaded-to-staff-swedish\";i:1;s:50:\"new-project-discussion-comment-to-customer-swedish\";i:1;s:47:\"new-project-discussion-comment-to-staff-swedish\";i:1;s:37:\"staff-added-as-project-member-swedish\";i:1;s:32:\"estimate-expiry-reminder-swedish\";i:1;s:32:\"proposal-expiry-reminder-swedish\";i:1;s:25:\"new-staff-created-swedish\";i:1;s:31:\"contact-forgot-password-swedish\";i:1;s:32:\"contact-password-reseted-swedish\";i:1;s:28:\"contact-set-password-swedish\";i:1;s:29:\"staff-forgot-password-swedish\";i:1;s:30:\"staff-password-reseted-swedish\";i:1;s:27:\"assigned-to-project-swedish\";i:1;s:41:\"task-added-attachment-to-contacts-swedish\";i:1;s:34:\"task-commented-to-contacts-swedish\";i:1;s:25:\"new-lead-assigned-swedish\";i:1;s:24:\"client-statement-swedish\";i:1;s:32:\"ticket-assigned-to-admin-swedish\";i:1;s:38:\"new-client-registered-to-admin-swedish\";i:1;s:38:\"new-web-to-lead-form-submitted-swedish\";i:1;s:33:\"two-factor-authentication-swedish\";i:1;s:36:\"project-finished-to-customer-swedish\";i:1;s:34:\"credit-note-send-to-client-swedish\";i:1;s:35:\"task-status-change-to-staff-swedish\";i:1;s:38:\"task-status-change-to-contacts-swedish\";i:1;s:28:\"reminder-email-staff-swedish\";i:1;s:34:\"contract-comment-to-client-swedish\";i:1;s:33:\"contract-comment-to-admin-swedish\";i:1;s:25:\"send-subscription-swedish\";i:1;s:35:\"subscription-payment-failed-swedish\";i:1;s:29:\"subscription-canceled-swedish\";i:1;s:38:\"subscription-payment-succeeded-swedish\";i:1;s:36:\"contract-expiration-to-staff-swedish\";i:1;s:28:\"gdpr-removal-request-swedish\";i:1;s:33:\"gdpr-removal-request-lead-swedish\";i:1;s:37:\"client-registration-confirmed-swedish\";i:1;s:32:\"contract-signed-to-staff-swedish\";i:1;s:36:\"customer-subscribed-to-staff-swedish\";i:1;s:34:\"contact-verification-email-swedish\";i:1;s:51:\"new-customer-profile-file-uploaded-to-staff-swedish\";i:1;s:35:\"event-notification-to-staff-swedish\";i:1;s:44:\"subscription-payment-requires-action-swedish\";i:1;s:26:\"new-client-created-turkish\";i:1;s:30:\"invoice-send-to-client-turkish\";i:1;s:31:\"new-ticket-opened-admin-turkish\";i:1;s:20:\"ticket-reply-turkish\";i:1;s:27:\"ticket-autoresponse-turkish\";i:1;s:32:\"invoice-payment-recorded-turkish\";i:1;s:30:\"invoice-overdue-notice-turkish\";i:1;s:28:\"invoice-already-send-turkish\";i:1;s:32:\"new-ticket-created-staff-turkish\";i:1;s:31:\"estimate-send-to-client-turkish\";i:1;s:29:\"ticket-reply-to-admin-turkish\";i:1;s:29:\"estimate-already-send-turkish\";i:1;s:27:\"contract-expiration-turkish\";i:1;s:21:\"task-assigned-turkish\";i:1;s:30:\"task-added-as-follower-turkish\";i:1;s:22:\"task-commented-turkish\";i:1;s:29:\"task-added-attachment-turkish\";i:1;s:34:\"estimate-declined-to-staff-turkish\";i:1;s:34:\"estimate-accepted-to-staff-turkish\";i:1;s:32:\"proposal-client-accepted-turkish\";i:1;s:33:\"proposal-send-to-customer-turkish\";i:1;s:32:\"proposal-client-declined-turkish\";i:1;s:33:\"proposal-client-thank-you-turkish\";i:1;s:34:\"proposal-comment-to-client-turkish\";i:1;s:33:\"proposal-comment-to-admin-turkish\";i:1;s:38:\"estimate-thank-you-to-customer-turkish\";i:1;s:34:\"task-deadline-notification-turkish\";i:1;s:21:\"send-contract-turkish\";i:1;s:41:\"invoice-payment-recorded-to-staff-turkish\";i:1;s:25:\"auto-close-ticket-turkish\";i:1;s:47:\"new-project-discussion-created-to-staff-turkish\";i:1;s:50:\"new-project-discussion-created-to-customer-turkish\";i:1;s:45:\"new-project-file-uploaded-to-customer-turkish\";i:1;s:42:\"new-project-file-uploaded-to-staff-turkish\";i:1;s:50:\"new-project-discussion-comment-to-customer-turkish\";i:1;s:47:\"new-project-discussion-comment-to-staff-turkish\";i:1;s:37:\"staff-added-as-project-member-turkish\";i:1;s:32:\"estimate-expiry-reminder-turkish\";i:1;s:32:\"proposal-expiry-reminder-turkish\";i:1;s:25:\"new-staff-created-turkish\";i:1;s:31:\"contact-forgot-password-turkish\";i:1;s:32:\"contact-password-reseted-turkish\";i:1;s:28:\"contact-set-password-turkish\";i:1;s:29:\"staff-forgot-password-turkish\";i:1;s:30:\"staff-password-reseted-turkish\";i:1;s:27:\"assigned-to-project-turkish\";i:1;s:41:\"task-added-attachment-to-contacts-turkish\";i:1;s:34:\"task-commented-to-contacts-turkish\";i:1;s:25:\"new-lead-assigned-turkish\";i:1;s:24:\"client-statement-turkish\";i:1;s:32:\"ticket-assigned-to-admin-turkish\";i:1;s:38:\"new-client-registered-to-admin-turkish\";i:1;s:38:\"new-web-to-lead-form-submitted-turkish\";i:1;s:33:\"two-factor-authentication-turkish\";i:1;s:36:\"project-finished-to-customer-turkish\";i:1;s:34:\"credit-note-send-to-client-turkish\";i:1;s:35:\"task-status-change-to-staff-turkish\";i:1;s:38:\"task-status-change-to-contacts-turkish\";i:1;s:28:\"reminder-email-staff-turkish\";i:1;s:34:\"contract-comment-to-client-turkish\";i:1;s:33:\"contract-comment-to-admin-turkish\";i:1;s:25:\"send-subscription-turkish\";i:1;s:35:\"subscription-payment-failed-turkish\";i:1;s:29:\"subscription-canceled-turkish\";i:1;s:38:\"subscription-payment-succeeded-turkish\";i:1;s:36:\"contract-expiration-to-staff-turkish\";i:1;s:28:\"gdpr-removal-request-turkish\";i:1;s:33:\"gdpr-removal-request-lead-turkish\";i:1;s:37:\"client-registration-confirmed-turkish\";i:1;s:32:\"contract-signed-to-staff-turkish\";i:1;s:36:\"customer-subscribed-to-staff-turkish\";i:1;s:34:\"contact-verification-email-turkish\";i:1;s:51:\"new-customer-profile-file-uploaded-to-staff-turkish\";i:1;s:35:\"event-notification-to-staff-turkish\";i:1;s:44:\"subscription-payment-requires-action-turkish\";i:1;s:29:\"new-client-created-vietnamese\";i:1;s:33:\"invoice-send-to-client-vietnamese\";i:1;s:34:\"new-ticket-opened-admin-vietnamese\";i:1;s:23:\"ticket-reply-vietnamese\";i:1;s:30:\"ticket-autoresponse-vietnamese\";i:1;s:35:\"invoice-payment-recorded-vietnamese\";i:1;s:33:\"invoice-overdue-notice-vietnamese\";i:1;s:31:\"invoice-already-send-vietnamese\";i:1;s:35:\"new-ticket-created-staff-vietnamese\";i:1;s:34:\"estimate-send-to-client-vietnamese\";i:1;s:32:\"ticket-reply-to-admin-vietnamese\";i:1;s:32:\"estimate-already-send-vietnamese\";i:1;s:30:\"contract-expiration-vietnamese\";i:1;s:24:\"task-assigned-vietnamese\";i:1;s:33:\"task-added-as-follower-vietnamese\";i:1;s:25:\"task-commented-vietnamese\";i:1;s:32:\"task-added-attachment-vietnamese\";i:1;s:37:\"estimate-declined-to-staff-vietnamese\";i:1;s:37:\"estimate-accepted-to-staff-vietnamese\";i:1;s:35:\"proposal-client-accepted-vietnamese\";i:1;s:36:\"proposal-send-to-customer-vietnamese\";i:1;s:35:\"proposal-client-declined-vietnamese\";i:1;s:36:\"proposal-client-thank-you-vietnamese\";i:1;s:37:\"proposal-comment-to-client-vietnamese\";i:1;s:36:\"proposal-comment-to-admin-vietnamese\";i:1;s:41:\"estimate-thank-you-to-customer-vietnamese\";i:1;s:37:\"task-deadline-notification-vietnamese\";i:1;s:24:\"send-contract-vietnamese\";i:1;s:44:\"invoice-payment-recorded-to-staff-vietnamese\";i:1;s:28:\"auto-close-ticket-vietnamese\";i:1;s:50:\"new-project-discussion-created-to-staff-vietnamese\";i:1;s:53:\"new-project-discussion-created-to-customer-vietnamese\";i:1;s:48:\"new-project-file-uploaded-to-customer-vietnamese\";i:1;s:45:\"new-project-file-uploaded-to-staff-vietnamese\";i:1;s:53:\"new-project-discussion-comment-to-customer-vietnamese\";i:1;s:50:\"new-project-discussion-comment-to-staff-vietnamese\";i:1;s:40:\"staff-added-as-project-member-vietnamese\";i:1;s:35:\"estimate-expiry-reminder-vietnamese\";i:1;s:35:\"proposal-expiry-reminder-vietnamese\";i:1;s:28:\"new-staff-created-vietnamese\";i:1;s:34:\"contact-forgot-password-vietnamese\";i:1;s:35:\"contact-password-reseted-vietnamese\";i:1;s:31:\"contact-set-password-vietnamese\";i:1;s:32:\"staff-forgot-password-vietnamese\";i:1;s:33:\"staff-password-reseted-vietnamese\";i:1;s:30:\"assigned-to-project-vietnamese\";i:1;s:44:\"task-added-attachment-to-contacts-vietnamese\";i:1;s:37:\"task-commented-to-contacts-vietnamese\";i:1;s:28:\"new-lead-assigned-vietnamese\";i:1;s:27:\"client-statement-vietnamese\";i:1;s:35:\"ticket-assigned-to-admin-vietnamese\";i:1;s:41:\"new-client-registered-to-admin-vietnamese\";i:1;s:41:\"new-web-to-lead-form-submitted-vietnamese\";i:1;s:36:\"two-factor-authentication-vietnamese\";i:1;s:39:\"project-finished-to-customer-vietnamese\";i:1;s:37:\"credit-note-send-to-client-vietnamese\";i:1;s:38:\"task-status-change-to-staff-vietnamese\";i:1;s:41:\"task-status-change-to-contacts-vietnamese\";i:1;s:31:\"reminder-email-staff-vietnamese\";i:1;s:37:\"contract-comment-to-client-vietnamese\";i:1;s:36:\"contract-comment-to-admin-vietnamese\";i:1;s:28:\"send-subscription-vietnamese\";i:1;s:38:\"subscription-payment-failed-vietnamese\";i:1;s:32:\"subscription-canceled-vietnamese\";i:1;s:41:\"subscription-payment-succeeded-vietnamese\";i:1;s:39:\"contract-expiration-to-staff-vietnamese\";i:1;s:31:\"gdpr-removal-request-vietnamese\";i:1;s:36:\"gdpr-removal-request-lead-vietnamese\";i:1;s:40:\"client-registration-confirmed-vietnamese\";i:1;s:35:\"contract-signed-to-staff-vietnamese\";i:1;s:39:\"customer-subscribed-to-staff-vietnamese\";i:1;s:37:\"contact-verification-email-vietnamese\";i:1;s:54:\"new-customer-profile-file-uploaded-to-staff-vietnamese\";i:1;s:38:\"event-notification-to-staff-vietnamese\";i:1;s:47:\"subscription-payment-requires-action-vietnamese\";i:1;}', 0);
INSERT INTO `tbloptions` (`id`, `name`, `value`, `autoload`) VALUES
(213, 'proposal_accept_identity_confirmation', '1', 0),
(214, 'estimate_accept_identity_confirmation', '1', 0),
(215, 'new_task_auto_follower_current_member', '0', 1),
(216, 'task_biillable_checked_on_creation', '1', 1),
(217, 'predefined_clientnote_credit_note', '', 1),
(218, 'predefined_terms_credit_note', '', 1),
(219, 'next_credit_note_number', '1', 1),
(220, 'credit_note_prefix', 'CN-', 1),
(221, 'credit_note_number_decrement_on_delete', '1', 1),
(222, 'pdf_format_credit_note', 'A4-PORTRAIT', 1),
(223, 'show_pdf_signature_credit_note', '1', 0),
(224, 'show_credit_note_reminders_on_calendar', '1', 1),
(225, 'show_amount_due_on_invoice', '1', 1),
(226, 'show_total_paid_on_invoice', '1', 1),
(227, 'show_credits_applied_on_invoice', '1', 1),
(228, 'staff_members_create_inline_lead_status', '1', 1),
(229, 'staff_members_create_inline_customer_groups', '1', 1),
(230, 'staff_members_create_inline_ticket_services', '1', 1),
(231, 'staff_members_save_tickets_predefined_replies', '1', 1),
(232, 'staff_members_create_inline_contract_types', '1', 1),
(233, 'staff_members_create_inline_expense_categories', '1', 1),
(234, 'show_project_on_credit_note', '1', 1),
(235, 'proposals_auto_operations_hour', '21', 1),
(236, 'estimates_auto_operations_hour', '21', 1),
(237, 'contracts_auto_operations_hour', '21', 1),
(238, 'credit_note_number_format', '1', 1),
(239, 'allow_non_admin_members_to_import_leads', '0', 1),
(240, 'e_sign_legal_text', 'By clicking on \"Sign\", I consent to be legally bound by this electronic representation of my signature.', 1),
(241, 'show_pdf_signature_contract', '1', 1),
(242, 'view_contract_only_logged_in', '0', 1),
(243, 'show_subscriptions_in_customers_area', '1', 1),
(244, 'calendar_only_assigned_tasks', '0', 1),
(245, 'after_subscription_payment_captured', 'send_invoice_and_receipt', 1),
(246, 'mail_engine', 'phpmailer', 1),
(247, 'gdpr_enable_terms_and_conditions', '0', 1),
(248, 'privacy_policy', '', 1),
(249, 'terms_and_conditions', '', 1),
(250, 'gdpr_enable_terms_and_conditions_lead_form', '0', 1),
(251, 'gdpr_enable_terms_and_conditions_ticket_form', '0', 1),
(252, 'gdpr_contact_enable_right_to_be_forgotten', '0', 1),
(253, 'show_gdpr_in_customers_menu', '1', 1),
(254, 'show_gdpr_link_in_footer', '1', 1),
(255, 'enable_gdpr', '1', 1),
(256, 'gdpr_on_forgotten_remove_invoices_credit_notes', '0', 1),
(257, 'gdpr_on_forgotten_remove_estimates', '0', 1),
(258, 'gdpr_enable_consent_for_contacts', '0', 1),
(259, 'gdpr_consent_public_page_top_block', '', 1),
(260, 'gdpr_page_top_information_block', '', 1),
(261, 'gdpr_enable_lead_public_form', '0', 1),
(262, 'gdpr_show_lead_custom_fields_on_public_form', '0', 1),
(263, 'gdpr_lead_attachments_on_public_form', '0', 1),
(264, 'gdpr_enable_consent_for_leads', '0', 1),
(265, 'gdpr_lead_enable_right_to_be_forgotten', '0', 1),
(266, 'allow_staff_view_invoices_assigned', '1', 1),
(267, 'gdpr_data_portability_leads', '0', 1),
(268, 'gdpr_lead_data_portability_allowed', '', 1),
(269, 'gdpr_contact_data_portability_allowed', '', 1),
(270, 'gdpr_data_portability_contacts', '0', 1),
(271, 'allow_staff_view_estimates_assigned', '1', 1),
(272, 'gdpr_after_lead_converted_delete', '0', 1),
(273, 'gdpr_show_terms_and_conditions_in_footer', '0', 1),
(274, 'save_last_order_for_tables', '0', 1),
(275, 'company_logo_dark', 'logo_dark.png', 1),
(276, 'customers_register_require_confirmation', '0', 1),
(277, 'allow_non_admin_staff_to_delete_ticket_attachments', '0', 1),
(278, 'receive_notification_on_new_ticket_replies', '1', 0),
(279, 'google_client_id', '', 1),
(280, 'enable_google_picker', '1', 1),
(281, 'show_ticket_reminders_on_calendar', '1', 1),
(282, 'ticket_import_reply_only', '0', 1),
(283, 'visible_customer_profile_tabs', 'all', 0),
(284, 'show_project_on_invoice', '1', 1),
(285, 'show_project_on_estimate', '1', 1),
(286, 'staff_members_create_inline_lead_source', '1', 1),
(287, 'lead_unique_validation', '[]', 1),
(288, 'last_upgrade_copy_data', '', 1),
(289, 'custom_js_admin_scripts', '', 1),
(290, 'custom_js_customer_scripts', '0', 1),
(291, 'stripe_webhook_id', 'we_1FHV7w2b7f2Ftl9HRwz1EqnU', 1),
(292, 'stripe_webhook_signing_secret', 'whsec_BsAmRWKhKiKDylJeCB4jSY4MfdiP7RaM', 1),
(293, 'upgraded_from_version', '', 0),
(294, 'stripe_ideal_webhook_id', 'we_1FHV8m2b7f2Ftl9HdN9PCVgx', 1),
(295, 'stripe_ideal_webhook_signing_secret', 'whsec_3xZq5jRrNQhq2wP1SuqdqjMop21vChkG', 1),
(296, 'sms_clickatell_api_key', '', 1),
(297, 'sms_clickatell_active', '0', 1),
(298, 'sms_clickatell_initialized', '1', 1),
(299, 'sms_msg91_sender_id', '', 1),
(300, 'sms_msg91_auth_key', '', 1),
(301, 'sms_msg91_active', '0', 1),
(302, 'sms_msg91_initialized', '1', 1),
(303, 'sms_twilio_account_sid', '', 1),
(304, 'sms_twilio_auth_token', '', 1),
(305, 'sms_twilio_phone_number', '', 1),
(306, 'sms_twilio_active', '0', 1),
(307, 'sms_twilio_initialized', '1', 1),
(308, 'paymentmethod_authorize_aim_active', '0', 1),
(309, 'paymentmethod_authorize_aim_label', 'Authorize.net AIM', 1),
(310, 'paymentmethod_authorize_aim_api_login_id', '', 0),
(311, 'paymentmethod_authorize_aim_api_transaction_key', '', 0),
(312, 'paymentmethod_authorize_aim_description_dashboard', 'Payment for Invoice {invoice_number}', 0),
(313, 'paymentmethod_authorize_aim_currencies', 'USD', 0),
(314, 'paymentmethod_authorize_aim_test_mode_enabled', '0', 0),
(315, 'paymentmethod_authorize_aim_developer_mode_enabled', '1', 0),
(316, 'paymentmethod_authorize_aim_default_selected', '1', 1),
(317, 'paymentmethod_authorize_aim_initialized', '1', 1),
(318, 'paymentmethod_authorize_sim_active', '0', 1),
(319, 'paymentmethod_authorize_sim_label', 'Authorize.net SIM', 1),
(320, 'paymentmethod_authorize_sim_api_login_id', '', 0),
(321, 'paymentmethod_authorize_sim_api_transaction_key', '', 0),
(322, 'paymentmethod_authorize_sim_api_secret_key', '', 0),
(323, 'paymentmethod_authorize_sim_description_dashboard', 'Payment for Invoice {invoice_number}', 0),
(324, 'paymentmethod_authorize_sim_currencies', 'USD', 0),
(325, 'paymentmethod_authorize_sim_test_mode_enabled', '0', 0),
(326, 'paymentmethod_authorize_sim_developer_mode_enabled', '1', 0),
(327, 'paymentmethod_authorize_sim_default_selected', '1', 1),
(328, 'paymentmethod_authorize_sim_initialized', '1', 1),
(329, 'paymentmethod_instamojo_active', '0', 1),
(330, 'paymentmethod_instamojo_label', 'Instamojo', 1),
(331, 'paymentmethod_instamojo_api_key', '', 0),
(332, 'paymentmethod_instamojo_auth_token', '', 0),
(333, 'paymentmethod_instamojo_description_dashboard', 'Payment for Invoice {invoice_number}', 0),
(334, 'paymentmethod_instamojo_currencies', 'INR', 0),
(335, 'paymentmethod_instamojo_test_mode_enabled', '1', 0),
(336, 'paymentmethod_instamojo_default_selected', '1', 1),
(337, 'paymentmethod_instamojo_initialized', '1', 1),
(338, 'paymentmethod_mollie_active', '0', 1),
(339, 'paymentmethod_mollie_label', 'Mollie', 1),
(340, 'paymentmethod_mollie_api_key', '', 0),
(341, 'paymentmethod_mollie_description_dashboard', 'Payment for Invoice {invoice_number}', 0),
(342, 'paymentmethod_mollie_currencies', 'EUR', 0),
(343, 'paymentmethod_mollie_test_mode_enabled', '1', 0),
(344, 'paymentmethod_mollie_default_selected', '1', 1),
(345, 'paymentmethod_mollie_initialized', '1', 1),
(346, 'paymentmethod_paypal_braintree_active', '0', 1),
(347, 'paymentmethod_paypal_braintree_label', 'Braintree', 1),
(348, 'paymentmethod_paypal_braintree_merchant_id', '', 0),
(349, 'paymentmethod_paypal_braintree_api_public_key', '', 0),
(350, 'paymentmethod_paypal_braintree_api_private_key', '', 0),
(351, 'paymentmethod_paypal_braintree_currencies', 'USD', 0),
(352, 'paymentmethod_paypal_braintree_paypal_enabled', '1', 0),
(353, 'paymentmethod_paypal_braintree_test_mode_enabled', '1', 0),
(354, 'paymentmethod_paypal_braintree_default_selected', '1', 1),
(355, 'paymentmethod_paypal_braintree_initialized', '1', 1),
(356, 'paymentmethod_paypal_checkout_active', '0', 1),
(357, 'paymentmethod_paypal_checkout_label', 'Paypal Smart Checkout', 1),
(358, 'paymentmethod_paypal_checkout_client_id', '', 0),
(359, 'paymentmethod_paypal_checkout_secret', '', 0),
(360, 'paymentmethod_paypal_checkout_payment_description', 'Payment for Invoice {invoice_number}', 0),
(361, 'paymentmethod_paypal_checkout_currencies', 'USD,CAD,EUR', 0),
(362, 'paymentmethod_paypal_checkout_test_mode_enabled', '1', 0),
(363, 'paymentmethod_paypal_checkout_default_selected', '1', 1),
(364, 'paymentmethod_paypal_checkout_initialized', '1', 1),
(365, 'paymentmethod_paypal_active', '0', 1),
(366, 'paymentmethod_paypal_label', 'Paypal', 1),
(367, 'paymentmethod_paypal_username', '', 0),
(368, 'paymentmethod_paypal_password', '', 0),
(369, 'paymentmethod_paypal_signature', '', 0),
(370, 'paymentmethod_paypal_description_dashboard', 'Payment for Invoice {invoice_number}', 0),
(371, 'paymentmethod_paypal_currencies', 'EUR,USD', 0),
(372, 'paymentmethod_paypal_test_mode_enabled', '1', 0),
(373, 'paymentmethod_paypal_default_selected', '1', 1),
(374, 'paymentmethod_paypal_initialized', '1', 1),
(375, 'paymentmethod_payu_money_active', '0', 1),
(376, 'paymentmethod_payu_money_label', 'PayU Money', 1),
(377, 'paymentmethod_payu_money_key', '', 0),
(378, 'paymentmethod_payu_money_salt', '', 0),
(379, 'paymentmethod_payu_money_description_dashboard', 'Payment for Invoice {invoice_number}', 0),
(380, 'paymentmethod_payu_money_currencies', 'INR', 0),
(381, 'paymentmethod_payu_money_test_mode_enabled', '1', 0),
(382, 'paymentmethod_payu_money_default_selected', '1', 1),
(383, 'paymentmethod_payu_money_initialized', '1', 1),
(384, 'paymentmethod_stripe_active', '0', 1),
(385, 'paymentmethod_stripe_label', 'Stripe Checkout', 1),
(386, 'paymentmethod_stripe_api_secret_key', '', 0),
(387, 'paymentmethod_stripe_api_publishable_key', '', 0),
(388, 'paymentmethod_stripe_description_dashboard', 'Payment for Invoice {invoice_number}', 0),
(389, 'paymentmethod_stripe_currencies', 'USD,CAD', 0),
(390, 'paymentmethod_stripe_allow_primary_contact_to_update_credit_card', '1', 0),
(391, 'paymentmethod_stripe_default_selected', '1', 1),
(392, 'paymentmethod_stripe_initialized', '1', 1),
(393, 'paymentmethod_stripe_ideal_active', '0', 1),
(394, 'paymentmethod_stripe_ideal_label', 'Stripe iDEAL', 1),
(395, 'paymentmethod_stripe_ideal_api_secret_key', '', 0),
(396, 'paymentmethod_stripe_ideal_api_publishable_key', '', 0),
(397, 'paymentmethod_stripe_ideal_description_dashboard', 'Payment for Invoice {invoice_number}', 0),
(398, 'paymentmethod_stripe_ideal_statement_descriptor', 'Payment for Invoice {invoice_number}', 0),
(399, 'paymentmethod_stripe_ideal_currencies', 'EUR', 0),
(400, 'paymentmethod_stripe_ideal_default_selected', '1', 1),
(401, 'paymentmethod_stripe_ideal_initialized', '1', 1),
(402, 'paymentmethod_two_checkout_active', '0', 1),
(403, 'paymentmethod_two_checkout_label', '2Checkout', 1),
(404, 'paymentmethod_two_checkout_account_number', '', 0),
(405, 'paymentmethod_two_checkout_private_key', '', 0),
(406, 'paymentmethod_two_checkout_publishable_key', '', 0),
(407, 'paymentmethod_two_checkout_currencies', 'USD,EUR', 0),
(408, 'paymentmethod_two_checkout_test_mode_enabled', '1', 0),
(409, 'paymentmethod_two_checkout_default_selected', '1', 1),
(410, 'paymentmethod_two_checkout_initialized', '1', 1),
(411, 'aside_menu_active', '[]', 1),
(412, 'setup_menu_active', '[]', 1),
(413, 'projects_kanban_limit', '50', 1),
(414, 'sms_trigger_invoice_overdue_notice', '', 0),
(415, 'sms_trigger_invoice_payment_recorded', '', 0),
(416, 'sms_trigger_estimate_expiration_reminder', '', 0),
(417, 'sms_trigger_proposal_expiration_reminder', '', 0),
(418, 'sms_trigger_proposal_new_comment_to_customer', '', 0),
(419, 'sms_trigger_proposal_new_comment_to_staff', '', 0),
(420, 'sms_trigger_contract_new_comment_to_customer', '', 0),
(421, 'sms_trigger_contract_new_comment_to_staff', '', 0),
(422, 'sms_trigger_contract_expiration_reminder', '', 0),
(423, 'sms_trigger_staff_reminder', '', 0),
(424, 'mark_complete_mandatory_to_add_new_activity', '0', 1),
(425, 'tasks_list_column_order', '{\"task_name\":\"1\",\"assignees\":\"1\",\"teamleader\":\"1\",\"status\":\"1\",\"tasktype\":\"1\",\"startdate\":\"1\",\"project_contacts\":\"1\",\"project_status\":\"1\",\"company\":\"1\",\"priority\":\"1\",\"contacts_person_cf\":\"1\"}', 1);

-- --------------------------------------------------------

--
-- Table structure for table `tblpayment_modes`
--

CREATE TABLE `tblpayment_modes` (
  `id` int(11) NOT NULL,
  `name` varchar(100) NOT NULL,
  `description` text DEFAULT NULL,
  `show_on_pdf` int(11) NOT NULL DEFAULT 0,
  `invoices_only` int(11) NOT NULL DEFAULT 0,
  `expenses_only` int(11) NOT NULL DEFAULT 0,
  `selected_by_default` int(11) NOT NULL DEFAULT 1,
  `active` tinyint(1) NOT NULL DEFAULT 1
) ENGINE=InnoDB DEFAULT CHARSET=utf8;

--
-- Dumping data for table `tblpayment_modes`
--

INSERT INTO `tblpayment_modes` (`id`, `name`, `description`, `show_on_pdf`, `invoices_only`, `expenses_only`, `selected_by_default`, `active`) VALUES
(1, 'Bank', NULL, 0, 0, 0, 1, 1);

-- --------------------------------------------------------

--
-- Table structure for table `tblpinned_projects`
--

CREATE TABLE `tblpinned_projects` (
  `id` int(11) NOT NULL,
  `project_id` int(11) NOT NULL,
  `staff_id` int(11) NOT NULL
) ENGINE=InnoDB DEFAULT CHARSET=utf8;

-- --------------------------------------------------------

--
-- Table structure for table `tblpipeline`
--

CREATE TABLE `tblpipeline` (
  `id` int(11) NOT NULL,
  `name` varchar(191) NOT NULL,
  `clientid` int(11) NOT NULL,
  `teamleader` varchar(191) NOT NULL,
  `teammembers` varchar(191) NOT NULL,
  `status` varchar(191) NOT NULL,
  `publishstatus` varchar(191) NOT NULL,
  `created_date` datetime NOT NULL,
  `created_by` int(11) NOT NULL,
  `updated_date` datetime NOT NULL,
  `updated_by` int(11) NOT NULL
) ENGINE=InnoDB DEFAULT CHARSET=utf8;

--
-- Dumping data for table `tblpipeline`
--

INSERT INTO `tblpipeline` (`id`, `name`, `clientid`, `teamleader`, `teammembers`, `status`, `publishstatus`, `created_date`, `created_by`, `updated_date`, `updated_by`) VALUES
(6, 'FMCG Pipeline', 0, '4,5', '1,3', '6,3,1,7,8,5', '1', '2020-03-05 15:04:52', 1, '2020-08-03 09:37:26', 1),
(7, 'Pharma SFA Stages 1', 0, '7', '4,6,8', '2,6,4,3,5,1,7,8', '1', '2020-03-05 15:07:48', 1, '2020-03-13 17:07:54', 1),
(8, 'Payroll', 0, '7', '8', '2,6,4,3,5,1,7,8', '1', '2020-03-24 11:44:38', 1, '2020-04-07 14:24:12', 1),
(9, 'Breeder Pipeline', 0, '7', '4,5,6', '2,6,4,9,3,5,1,8', '1', '2020-05-05 15:36:09', 1, '2020-05-05 15:38:07', 1);

-- --------------------------------------------------------

--
-- Table structure for table `tblprojectdiscussioncomments`
--

CREATE TABLE `tblprojectdiscussioncomments` (
  `id` int(11) NOT NULL,
  `discussion_id` int(11) NOT NULL,
  `discussion_type` varchar(10) NOT NULL,
  `parent` int(11) DEFAULT NULL,
  `created` datetime NOT NULL,
  `modified` datetime DEFAULT NULL,
  `content` text NOT NULL,
  `staff_id` int(11) NOT NULL,
  `contact_id` int(11) DEFAULT 0,
  `fullname` varchar(191) DEFAULT NULL,
  `file_name` varchar(191) DEFAULT NULL,
  `file_mime_type` varchar(70) DEFAULT NULL
) ENGINE=InnoDB DEFAULT CHARSET=utf8;

-- --------------------------------------------------------

--
-- Table structure for table `tblprojectdiscussions`
--

CREATE TABLE `tblprojectdiscussions` (
  `id` int(11) NOT NULL,
  `project_id` int(11) NOT NULL,
  `subject` varchar(191) NOT NULL,
  `description` text NOT NULL,
  `show_to_customer` tinyint(1) NOT NULL DEFAULT 0,
  `datecreated` datetime NOT NULL,
  `last_activity` datetime DEFAULT NULL,
  `staff_id` int(11) NOT NULL DEFAULT 0,
  `contact_id` int(11) NOT NULL DEFAULT 0
) ENGINE=InnoDB DEFAULT CHARSET=utf8;

-- --------------------------------------------------------

--
-- Table structure for table `tblprojects`
--

CREATE TABLE `tblprojects` (
  `id` int(11) NOT NULL,
  `name` varchar(191) NOT NULL,
  `description` text DEFAULT NULL,
  `status` int(11) NOT NULL DEFAULT 0,
  `pipeline_id` int(11) NOT NULL,
  `clientid` int(11) NOT NULL,
  `teamleader` int(11) NOT NULL,
  `billing_type` int(11) NOT NULL DEFAULT 1,
  `start_date` date NOT NULL,
  `deadline` date DEFAULT NULL,
  `project_created` date NOT NULL,
  `date_finished` datetime DEFAULT NULL,
  `progress` int(11) DEFAULT 0,
  `progress_from_tasks` int(11) NOT NULL DEFAULT 1,
  `project_cost` decimal(15,2) DEFAULT NULL,
  `project_rate_per_hour` decimal(15,2) DEFAULT NULL,
  `estimated_hours` decimal(15,2) DEFAULT NULL,
  `addedfrom` int(11) NOT NULL,
  `stage_of` int(1) NOT NULL DEFAULT 0,
  `stage_on` date NOT NULL,
  `loss_reason` int(11) NOT NULL,
  `loss_remark` text NOT NULL
) ENGINE=InnoDB DEFAULT CHARSET=utf8;

--
-- Dumping data for table `tblprojects`
--

INSERT INTO `tblprojects` (`id`, `name`, `description`, `status`, `pipeline_id`, `clientid`, `teamleader`, `billing_type`, `start_date`, `deadline`, `project_created`, `date_finished`, `progress`, `progress_from_tasks`, `project_cost`, `project_rate_per_hour`, `estimated_hours`, `addedfrom`, `stage_of`, `stage_on`, `loss_reason`, `loss_remark`) VALUES
(1, 'Tech mango Project 1001', '', 8, 2, 1, 0, 1, '2020-02-06', NULL, '2020-02-06', NULL, NULL, 1, '200.00', '0.00', '200.00', 1, 0, '0000-00-00', 0, ''),
(3, '  Tech mango Deal 1003', '', 8, 1, 2, 0, 3, '0000-00-00', NULL, '2020-02-12', NULL, 0, 0, '0.00', '0.00', '200.00', 1, 0, '0000-00-00', 0, ''),
(4, 'Tech mango Project 1004', '', 7, 2, 2, 0, 2, '2020-02-12', NULL, '2020-02-12', NULL, 10, 1, '0.00', '0.00', '200.00', 1, 2, '2020-07-24', 2, ''),
(5, 'Tech mango 0007', '', 6, 6, 1, 7, 2, '2020-02-19', NULL, '2020-02-19', NULL, NULL, 0, '0.00', '0.00', '100.00', 1, 1, '2020-07-24', 0, ''),
(6, 'Deal 0228', '', 5, 0, 3, 0, 1, '2020-02-28', NULL, '2020-02-28', NULL, NULL, 1, '0.00', '0.00', '0.00', 1, 0, '0000-00-00', 0, ''),
(7, 'Deal 0229', '', 3, 6, 4, 4, 1, '2020-02-29', NULL, '2020-02-28', NULL, NULL, 0, '50.00', '0.00', '0.00', 1, 2, '2020-07-24', 1, 'testing'),
(8, ' Organization 0229 Deal', '', 8, 5, 1, 0, 1, '0000-00-00', NULL, '2020-03-06', NULL, 90, 0, '0.00', '0.00', NULL, 1, 0, '0000-00-00', 0, ''),
(9, ' Bion Life Sciences Deal ', '', 6, 7, 5, 4, 1, '0000-00-00', NULL, '2020-03-10', NULL, 60, 0, '0.00', '0.00', NULL, 1, 1, '2020-08-02', 0, ''),
(10, 'Bacfo Pharmaceuticals Deal ', '', 1, 7, 6, 0, 1, '2020-03-12', '2020-03-12', '2020-03-12', NULL, 30, 1, '0.00', '0.00', NULL, 1, 0, '0000-00-00', 0, ''),
(11, ' Planet Pharma Deal ', '', 7, 7, 7, 7, 1, '0000-00-00', NULL, '2020-03-13', NULL, 10, 0, '0.00', '0.00', NULL, 1, 0, '0000-00-00', 0, ''),
(12, 'Cadilla Deal ', '', 0, 7, 9, 7, 1, '2020-03-18', '2020-03-18', '2020-03-18', NULL, 0, 1, '0.00', '0.00', NULL, 1, 0, '0000-00-00', 0, ''),
(13, 'Pharm Evo Deal ', '', 2, 7, 10, 8, 1, '2020-03-20', '2020-03-20', '2020-03-21', NULL, 80, 1, '0.00', '0.00', NULL, 1, 0, '0000-00-00', 0, ''),
(14, 'Aimil Payroll Deal ', '', 7, 3, 11, 0, 1, '2020-03-24', '2020-03-24', '2020-03-24', NULL, 80, 1, '0.00', '0.00', NULL, 1, 0, '0000-00-00', 0, ''),
(15, 'Aimil Geo Deal ', '', 7, 3, 11, 2, 1, '2020-03-24', '2020-03-24', '2020-03-24', NULL, 10, 1, '0.00', '0.00', NULL, 1, 0, '0000-00-00', 0, ''),
(16, 'New Deal ', '', 3, 7, 13, 6, 1, '2020-03-26', NULL, '2020-03-26', NULL, 50, 0, '0.00', '0.00', NULL, 1, 0, '0000-00-00', 0, ''),
(17, 'Test Deal 1', '', 1, 7, 11, 8, 1, '2020-03-26', '2020-03-26', '2020-03-26', NULL, 30, 1, '0.00', '0.00', NULL, 1, 0, '0000-00-00', 0, ''),
(18, '  Bindu Pharmaceuticals Private Limited - Deal', 'Not Useful Lead.', 7, 7, 14, 4, 1, '2020-03-26', NULL, '2020-03-26', NULL, 10, 0, '0.00', '0.00', NULL, 1, 1, '0000-00-00', 0, ''),
(19, 'QUE Pharma Pvt Ltd, Surendranagar  Deal ', '', 5, 7, 15, 4, 1, '2020-03-26', '2020-03-26', '2020-03-26', NULL, 40, 1, '0.00', '0.00', NULL, 1, 0, '0000-00-00', 0, ''),
(20, ' 3A PHARMACEUTICALS Deal', '', 1, 0, 16, 0, 1, '2020-03-26', NULL, '2020-03-26', NULL, NULL, 0, '0.00', '0.00', NULL, 1, 0, '0000-00-00', 0, ''),
(21, '3G LIFE SCIENCES PVT.LTD - Deal ', '', 2, 8, 17, 8, 1, '2020-03-26', '2020-03-26', '2020-03-26', NULL, 80, 0, '0.00', '0.00', NULL, 1, 0, '0000-00-00', 0, ''),
(22, 'Bindu Pharm Payroll', '', 1, 8, 14, 8, 1, '2020-03-26', '2020-03-26', '2020-03-26', NULL, 30, 1, '0.00', '0.00', NULL, 1, 2, '2020-08-02', 1, ''),
(23, '3M ESPE DENTAL PROFESSIONALS - Deal ', '', 3, 8, 18, 8, 1, '2020-03-26', '2020-03-26', '2020-03-26', NULL, 50, 1, '0.00', '0.00', NULL, 1, 0, '0000-00-00', 0, ''),
(24, '4 CARE LIFESCIENCE PVT LTD - Deal ', '', 4, 8, 19, 7, 1, '2020-03-26', '2020-03-26', '2020-03-26', NULL, 70, 1, '0.00', '0.00', NULL, 1, 0, '0000-00-00', 0, ''),
(25, 'A D PHARMA - Deal ', '', 4, 8, 20, 8, 1, '2020-03-26', '2020-03-26', '2020-03-26', NULL, 70, 1, '0.00', '0.00', NULL, 1, 0, '0000-00-00', 0, ''),
(26, 'A ONE PHARMA PVT.LTD - Deal ', '', 2, 8, 22, 8, 1, '2020-03-26', '2020-03-26', '2020-03-26', NULL, 80, 1, '0.00', '0.00', NULL, 1, 0, '0000-00-00', 0, ''),
(27, 'A S PHARMA - Deal ', '', 2, 8, 23, 7, 1, '2020-03-26', '2020-03-26', '2020-03-26', NULL, 80, 1, '0.00', '0.00', NULL, 1, 0, '0000-00-00', 0, ''),
(28, 'A TO Z PHARMACEUTICALS PVT LTD - Deal ', '', 7, 8, 24, 7, 1, '2020-03-26', '2020-03-26', '2020-03-26', NULL, 80, 1, '0.00', '0.00', NULL, 1, 0, '0000-00-00', 0, ''),
(29, 'A.N.PHARMACIA - Deal ', '', 3, 8, 25, 8, 1, '2020-03-26', '2020-03-26', '2020-03-26', NULL, 50, 1, '0.00', '0.00', NULL, 1, 0, '0000-00-00', 0, ''),
(30, 'AAA PHARMACEUTICALS PVT LTD - Deal ', '', 3, 8, 26, 8, 1, '2020-03-26', '2020-03-26', '2020-03-26', NULL, 50, 1, '0.00', '0.00', NULL, 1, 0, '0000-00-00', 0, ''),
(31, 'AABTAC LIFECARE PVT. LTD. - Deal ', '', 3, 8, 28, 7, 1, '2020-03-26', '2020-03-26', '2020-03-26', NULL, 50, 1, '0.00', '0.00', NULL, 1, 0, '0000-00-00', 0, ''),
(32, 'AAGAM LIFE SCIENCES PVT.LTD - Deal ', '', 5, 8, 29, 8, 1, '2020-03-26', '2020-03-26', '2020-03-26', NULL, 0, 1, '0.00', '0.00', NULL, 1, 1, '2020-08-02', 0, ''),
(33, 'AALTRAMED HEALTHCARE - Deal ', '', 3, 8, 30, 8, 1, '2020-03-26', '2020-03-26', '2020-03-26', NULL, 50, 1, '0.00', '0.00', NULL, 1, 0, '0000-00-00', 0, ''),
(34, 'AALTRAMED HEALTHCARE - Deal ', '', 1, 8, 31, 8, 1, '2020-03-26', '2020-03-26', '2020-03-26', NULL, 30, 1, '0.00', '0.00', NULL, 1, 2, '2020-08-02', 1, ''),
(35, 'AAN PHARMA PVT.LTD - Deal ', '', 1, 8, 33, 8, 1, '2020-03-26', '2020-03-26', '2020-03-26', NULL, 30, 1, '0.00', '0.00', NULL, 1, 0, '0000-00-00', 0, ''),
(36, 'AANA PHARMA - Deal ', '', 4, 8, 34, 8, 1, '2020-03-26', '2020-03-26', '2020-03-26', NULL, 0, 1, '0.00', '0.00', NULL, 1, 0, '0000-00-00', 0, ''),
(37, 'AANJANEYA LIFECARE LIMITED - Deal ', '', 3, 8, 35, 8, 1, '2020-03-26', '2020-03-26', '2020-03-26', NULL, 50, 1, '0.00', '0.00', NULL, 1, 0, '0000-00-00', 0, ''),
(38, 'AAR ESS REMEDIES PVT LTD - Deal ', '', 4, 8, 36, 8, 1, '2020-03-26', '2020-03-26', '2020-03-26', '2020-05-19 16:01:07', 70, 1, '0.00', '0.00', NULL, 1, 0, '0000-00-00', 0, ''),
(39, 'AAREEN HEALTHCARE - Deal ', '', 3, 8, 37, 8, 1, '2020-03-26', '2020-03-26', '2020-03-26', NULL, 50, 1, '0.00', '0.00', NULL, 1, 0, '0000-00-00', 0, ''),
(40, 'AARGE DRUGS PVTLTD - Deal ', '', 3, 8, 38, 8, 1, '2020-03-26', '2020-03-26', '2020-03-26', NULL, 50, 1, '0.00', '0.00', NULL, 1, 0, '0000-00-00', 0, ''),
(41, 'AARIN LIFE SCIENCE PVT.LTD - Deal ', '', 2, 8, 39, 8, 1, '2020-03-26', '2020-03-26', '2020-03-26', NULL, 80, 1, '0.00', '0.00', NULL, 1, 0, '0000-00-00', 0, ''),
(42, 'AARKIOS HEALTH PRIVATE LTD - Deal ', '', 2, 8, 40, 8, 1, '2020-03-26', '2020-03-26', '2020-03-26', NULL, 80, 1, '0.00', '0.00', NULL, 1, 0, '0000-00-00', 0, ''),
(43, 'AARON BIOTEC PVT.LTD - Deal ', '', 4, 8, 41, 8, 1, '2020-03-26', '2020-03-26', '2020-03-26', NULL, 0, 1, '0.00', '0.00', NULL, 1, 0, '0000-00-00', 0, ''),
(44, 'AARON HEALTHCARE & EXPORT PVT.LTD - Deal ', '', 4, 8, 42, 8, 1, '2020-03-26', '2020-03-26', '2020-03-26', NULL, 0, 1, '0.00', '0.00', NULL, 1, 0, '0000-00-00', 0, ''),
(45, 'AARPIK PHARMECUTICALS PVT LTD - Deal ', '', 2, 8, 43, 8, 1, '2020-03-26', '2020-03-26', '2020-03-26', NULL, 80, 1, '0.00', '0.00', NULL, 1, 0, '0000-00-00', 0, ''),
(46, 'AARSAN PHARMACEUTICALS PVT LTD - Deal ', '', 1, 8, 44, 8, 1, '2020-03-26', '2020-03-26', '2020-03-26', NULL, 30, 1, '0.00', '0.00', NULL, 1, 0, '0000-00-00', 0, ''),
(47, 'AARUX PHARMACEUTICALS PVT.LTD - Deal ', '', 4, 8, 45, 8, 1, '2020-03-26', '2020-03-26', '2020-03-26', NULL, 0, 1, '0.00', '0.00', NULL, 1, 0, '0000-00-00', 0, ''),
(48, 'AARYAN BIOCARE PVT.LTD - Deal ', '', 6, 8, 46, 8, 1, '2020-03-26', '2020-03-26', '2020-03-26', NULL, 60, 1, '0.00', '0.00', NULL, 1, 1, '2020-08-02', 0, ''),
(49, 'AASHRAY PHARMACEUTICALS PVT.LTD - Deal ', '', 1, 8, 47, 8, 1, '2020-03-26', '2020-03-26', '2020-03-26', NULL, 30, 1, '0.00', '0.00', NULL, 1, 0, '0000-00-00', 0, ''),
(50, 'AAURA CARE PHARMACEUTICAL PVT LTD - Deal ', '', 1, 8, 48, 8, 1, '2020-03-26', '2020-03-26', '2020-03-26', NULL, 30, 1, '0.00', '0.00', NULL, 1, 0, '0000-00-00', 0, ''),
(51, 'ABARIS HEALTHCARE - Deal ', '', 3, 8, 49, 8, 1, '2020-03-26', '2020-03-26', '2020-03-26', NULL, 50, 1, '0.00', '0.00', NULL, 1, 0, '0000-00-00', 0, ''),
(52, 'ABBEY HEALTH CARE PVT.LTD - Deal ', '', 5, 8, 50, 8, 1, '2020-03-26', '2020-03-26', '2020-03-26', NULL, 0, 1, '0.00', '0.00', NULL, 1, 0, '0000-00-00', 0, ''),
(53, 'ABBOTT HEALTHCARE PVT. LTD - Deal ', '', 4, 8, 51, 8, 1, '2020-03-26', '2020-03-26', '2020-03-26', NULL, 0, 1, '0.00', '0.00', NULL, 1, 0, '0000-00-00', 0, ''),
(54, '4 CARE LIFESCIENCE PVT LTD - Deal ', '', 3, 8, 52, 8, 1, '2020-03-26', '2020-03-26', '2020-03-26', NULL, 50, 1, '0.00', '0.00', NULL, 1, 0, '0000-00-00', 0, ''),
(55, 'A D PHARMA - Deal ', '', 3, 8, 53, 8, 1, '2020-03-26', '2020-03-26', '2020-03-26', NULL, 50, 1, '0.00', '0.00', NULL, 1, 0, '0000-00-00', 0, ''),
(56, 'A TO Z PHARMACEUTICALS PVT LTD - Deal ', '', 1, 8, 54, 8, 1, '2020-03-26', '2020-03-26', '2020-03-26', NULL, 30, 1, '0.00', '0.00', NULL, 1, 0, '0000-00-00', 0, ''),
(57, 'AAGAM LIFE SCIENCES PVT.LTD - Deal ', '', 1, 8, 55, 8, 1, '2020-03-26', '2020-03-26', '2020-03-26', NULL, 30, 1, '0.00', '0.00', NULL, 1, 0, '0000-00-00', 0, ''),
(58, 'AANA PHARMA - Deal ', '', 3, 8, 56, 8, 1, '2020-03-26', '2020-03-26', '2020-03-26', NULL, 50, 1, '0.00', '0.00', NULL, 1, 0, '0000-00-00', 0, ''),
(59, 'AAR ESS REMEDIES PVT LTD - Deal ', '', 5, 8, 57, 8, 1, '2020-03-26', '2020-03-26', '2020-03-26', NULL, 0, 1, '0.00', '0.00', NULL, 1, 0, '0000-00-00', 0, ''),
(60, 'AARON BIOTEC PVT.LTD - Deal ', '', 4, 8, 58, 8, 1, '2020-03-26', '2020-03-26', '2020-03-26', NULL, 0, 1, '0.00', '0.00', NULL, 1, 0, '0000-00-00', 0, ''),
(61, 'AARON HEALTHCARE & EXPORT PVT.LTD - Deal ', '', 3, 8, 59, 8, 1, '2020-03-26', '2020-03-26', '2020-03-26', NULL, 50, 1, '0.00', '0.00', NULL, 1, 0, '0000-00-00', 0, ''),
(63, 'AARYAN BIOCARE PVT.LTD - Deal ', '', 4, 8, 61, 8, 1, '2020-03-26', '2020-03-26', '2020-03-26', NULL, 0, 1, '0.00', '0.00', NULL, 1, 0, '0000-00-00', 0, ''),
(64, 'ABBEY HEALTH CARE PVT.LTD - Deal ', '', 3, 8, 62, 8, 1, '2020-03-26', '2020-03-26', '2020-03-26', NULL, 50, 1, '0.00', '0.00', NULL, 1, 0, '0000-00-00', 0, ''),
(65, 'ABBOTT HEALTHCARE PVT. LTD - Deal ', '', 3, 8, 63, 8, 1, '2020-03-26', '2020-03-26', '2020-03-26', NULL, 50, 1, '0.00', '0.00', NULL, 1, 0, '0000-00-00', 0, ''),
(66, 'ABHINAV HEALTHCARE PRODUCTS PVT.LTD - Deal ', '', 3, 8, 64, 8, 1, '2020-03-26', '2020-03-26', '2020-03-26', NULL, 50, 1, '0.00', '0.00', NULL, 1, 0, '0000-00-00', 0, ''),
(67, 'ABHINCO PHARMA PVT.LTD - Deal ', '', 6, 8, 65, 8, 1, '2020-03-26', '2020-03-26', '2020-03-26', NULL, 60, 1, '0.00', '0.00', NULL, 1, 0, '0000-00-00', 0, ''),
(68, 'ABIBA PHARMACIA PVT.LTD - Deal ', '', 3, 8, 66, 8, 1, '2020-03-26', '2020-03-26', '2020-03-26', NULL, 50, 1, '0.00', '0.00', NULL, 1, 0, '0000-00-00', 0, ''),
(69, 'ABKA PHARMACARE PVTLTD - Deal ', '', 3, 8, 67, 8, 1, '2020-03-26', '2020-03-26', '2020-03-26', NULL, 50, 1, '0.00', '0.00', NULL, 1, 0, '0000-00-00', 0, ''),
(70, 'ABM PHARMA PVT.LTD - Deal ', '', 3, 8, 68, 8, 1, '2020-03-26', '2020-03-26', '2020-03-26', NULL, 50, 1, '0.00', '0.00', NULL, 1, 0, '0000-00-00', 0, ''),
(71, 'ABN DRUGS - Deal ', '', 4, 8, 69, 8, 1, '2020-03-26', '2020-03-26', '2020-03-26', NULL, 0, 1, '0.00', '0.00', NULL, 1, 0, '0000-00-00', 0, ''),
(72, 'ABR DRUGS PVT LTD  - Deal ', '', 3, 8, 70, 8, 1, '2020-03-26', '2020-03-26', '2020-03-26', NULL, 50, 1, '0.00', '0.00', NULL, 1, 0, '0000-00-00', 0, ''),
(73, 'ACCILEX NUTRICORP LTD - Deal ', '', 3, 8, 71, 8, 1, '2020-03-26', '2020-03-26', '2020-03-26', NULL, 50, 1, '0.00', '0.00', NULL, 1, 0, '0000-00-00', 0, ''),
(74, 'ACCLIMATE PHARMA PVT.LTD - Deal ', '', 3, 8, 73, 8, 1, '2020-03-26', '2020-03-26', '2020-03-26', NULL, 50, 1, '0.00', '0.00', NULL, 1, 0, '0000-00-00', 0, ''),
(75, 'ACCOSTS REMEDIES PVT LTD - Deal ', '', 4, 8, 75, 8, 1, '2020-03-26', '2020-03-26', '2020-03-26', NULL, 0, 1, '0.00', '0.00', NULL, 1, 0, '0000-00-00', 0, ''),
(76, 'ACCURA CARE PHARMACEUTICALS PVT LTD - Deal ', '', 3, 8, 76, 8, 1, '2020-03-26', '2020-03-26', '2020-03-26', NULL, 50, 1, '0.00', '0.00', NULL, 1, 0, '0000-00-00', 0, ''),
(77, 'ACCURATE PHARMACEUTICALS - Deal ', '', 3, 8, 77, 8, 1, '2020-03-26', '2020-03-26', '2020-03-26', NULL, 50, 1, '0.00', '0.00', NULL, 1, 0, '0000-00-00', 0, ''),
(78, 'ACE REMEDIES PRIVATE LIMITED - Deal ', '', 3, 8, 79, 8, 1, '2020-03-26', '2020-03-26', '2020-03-26', NULL, 50, 1, '0.00', '0.00', NULL, 1, 0, '0000-00-00', 0, ''),
(79, 'ACELA HEALTHCARE PVTLTD - Deal ', '', 3, 8, 80, 8, 1, '2020-03-26', '2020-03-26', '2020-03-26', NULL, 50, 1, '0.00', '0.00', NULL, 1, 0, '0000-00-00', 0, ''),
(80, 'ACHIEVA HEALTHCARE - Deal ', '', 3, 8, 81, 8, 1, '2020-03-26', '2020-03-26', '2020-03-26', NULL, 50, 1, '0.00', '0.00', NULL, 1, 0, '0000-00-00', 0, ''),
(81, 'ACICHEM LABORATORIES - Deal ', '', 3, 8, 82, 8, 1, '2020-03-26', '2020-03-26', '2020-03-26', NULL, 50, 1, '0.00', '0.00', NULL, 1, 0, '0000-00-00', 0, ''),
(82, 'ACICHEM LABORATORIES - Deal ', '', 3, 8, 83, 8, 1, '2020-03-26', '2020-03-26', '2020-03-26', NULL, 50, 1, '0.00', '0.00', NULL, 1, 0, '0000-00-00', 0, ''),
(83, 'ACILA PHARMACEUTICALS PVT. LTD - Deal ', '', 3, 8, 85, 8, 1, '2020-03-26', '2020-03-26', '2020-03-26', NULL, 50, 1, '0.00', '0.00', NULL, 1, 0, '0000-00-00', 0, ''),
(84, 'ACINTA PHARMACEUTICALS PVT.LTD - Deal ', '', 3, 8, 87, 8, 1, '2020-03-26', '2020-03-26', '2020-03-26', NULL, 50, 1, '0.00', '0.00', NULL, 1, 0, '0000-00-00', 0, ''),
(85, 'ACME PHARMACEUTICALS - Deal ', '', 3, 8, 88, 8, 1, '2020-03-26', '2020-03-26', '2020-03-26', NULL, 50, 1, '0.00', '0.00', NULL, 1, 0, '0000-00-00', 0, ''),
(86, 'ACRON PHARMACEUTICALS - Deal ', '', 3, 8, 89, 8, 1, '2020-03-26', '2020-03-26', '2020-03-26', NULL, 50, 1, '0.00', '0.00', NULL, 1, 0, '0000-00-00', 0, ''),
(87, 'ACROSS LABORATORIES PVTLTD - Deal ', '', 3, 8, 91, 8, 1, '2020-03-26', '2020-03-26', '2020-03-26', NULL, 50, 1, '0.00', '0.00', NULL, 1, 0, '0000-00-00', 0, ''),
(88, 'ACS PHARMACEUTICALS PVT.LTD - Deal ', '', 3, 8, 92, 8, 1, '2020-03-26', '2020-03-26', '2020-03-26', NULL, 50, 1, '0.00', '0.00', NULL, 1, 0, '0000-00-00', 0, ''),
(89, 'Zebronics Deal ', '', 1, 7, 14, 4, 1, '2020-03-29', '2020-03-29', '2020-03-29', NULL, 0, 1, '0.00', '0.00', NULL, 1, 0, '0000-00-00', 0, ''),
(90, 'Deal TTS Testing', '', 1, 6, 1, 4, 1, '2020-04-02', '2020-04-02', '2020-04-02', NULL, 0, 1, '0.00', '0.00', NULL, 1, 0, '0000-00-00', 0, ''),
(92, 'Shadow Enterpises, Chennai Deal ', '', 2, 7, 94, 7, 1, '2020-04-04', '2020-07-17', '2020-04-04', NULL, NULL, 0, '0.00', '0.00', NULL, 1, 0, '0000-00-00', 0, ''),
(93, 'Dr. Reddys, Hyderabad - CLM & SFE ', '', 5, 7, 95, 7, 1, '2020-04-07', '2020-04-07', '2020-04-07', NULL, 0, 1, '0.00', '0.00', NULL, 1, 0, '0000-00-00', 0, ''),
(94, 'RND Laboratories PVT LTD Deal ', '', 2, 7, 96, 4, 1, '2020-04-07', NULL, '2020-04-07', NULL, 80, 0, '0.00', '0.00', NULL, 1, 0, '0000-00-00', 0, ''),
(95, 'Pharmac', '', 2, 7, 97, 4, 1, '2020-04-08', '2020-04-08', '2020-04-08', NULL, 80, 1, '0.00', '0.00', NULL, 1, 0, '0000-00-00', 0, ''),
(96, 'SAN Coffee', '', 0, 0, 98, 0, 1, '2020-05-02', '2020-05-02', '2020-05-02', NULL, 0, 1, '0.00', '0.00', NULL, 1, 0, '0000-00-00', 0, ''),
(97, 'Suguna Vaccine Deal ', '', 5, 6, 100, 7, 1, '2020-05-05', '2020-05-05', '2020-05-05', NULL, 0, 1, '0.00', '0.00', NULL, 1, 0, '0000-00-00', 0, ''),
(98, 'SUguna  breeder Deal ', '', 9, 9, 101, 7, 1, '2020-05-05', '2020-05-05', '2020-05-05', NULL, 0, 1, '0.00', '0.00', NULL, 1, 0, '0000-00-00', 0, ''),
(99, 'Beacon diagnostic', '', 5, 6, 102, 4, 1, '2020-05-19', '2020-05-19', '2020-05-19', NULL, 40, 1, '0.00', '0.00', NULL, 1, 0, '2020-08-01', 0, ''),
(100, 'Beacon Devices', 'Add the description about this deal', 3, 6, 102, 4, 1, '2020-05-19', '2020-07-16', '2020-05-19', NULL, 20, 1, '0.00', '0.00', NULL, 1, 1, '0000-00-00', 0, ''),
(101, 'Regents Deal ', '', 3, 9, 102, 4, 1, '2020-05-19', '2020-08-14', '2020-05-19', NULL, 20, 1, '0.00', '0.00', NULL, 1, 0, '0000-00-00', 0, ''),
(102, 'SANeForce FMCG Deal ', '', 6, 6, 103, 7, 1, '2020-05-30', '2020-06-30', '2020-05-30', NULL, NULL, 0, '0.00', '0.00', NULL, 1, 0, '0000-00-00', 0, ''),
(103, 'Tester Deal ', '', 0, 6, 8, 0, 1, '2020-07-13', NULL, '2020-07-13', NULL, 0, 1, '0.00', '0.00', NULL, 1, 0, '0000-00-00', 0, '');

-- --------------------------------------------------------

--
-- Table structure for table `tblprojects_status`
--

CREATE TABLE `tblprojects_status` (
  `id` int(11) NOT NULL,
  `name` varchar(50) NOT NULL,
  `statusorder` int(11) DEFAULT NULL,
  `color` varchar(10) DEFAULT '#28B8DA',
  `progress` int(11) NOT NULL,
  `isdefault` int(11) NOT NULL DEFAULT 0,
  `status` int(11) NOT NULL,
  `created_date` datetime NOT NULL,
  `updated_date` datetime NOT NULL,
  `created_by` int(11) NOT NULL,
  `updated_by` int(11) NOT NULL,
  `filter_default` int(11) NOT NULL DEFAULT 1
) ENGINE=InnoDB DEFAULT CHARSET=utf8;

--
-- Dumping data for table `tblprojects_status`
--

INSERT INTO `tblprojects_status` (`id`, `name`, `statusorder`, `color`, `progress`, `isdefault`, `status`, `created_date`, `updated_date`, `created_by`, `updated_by`, `filter_default`) VALUES
(1, 'Hold', 5, '#989898', 10, 1, 0, '0000-00-00 00:00:00', '2020-05-30 08:18:21', 0, 1, 1),
(3, 'Qualified Lead', 2, '#468ddd', 20, 0, 0, '0000-00-00 00:00:00', '2020-05-30 08:21:28', 0, 1, 1),
(5, 'Hot ', 70, '#9be54d', 40, 0, 0, '0000-00-00 00:00:00', '2020-05-30 08:18:37', 0, 1, 1),
(6, 'Negotiation', 0, '#af1919', 60, 0, 0, '2020-03-04 17:20:40', '2020-05-30 08:21:56', 1, 1, 1),
(7, 'Pilot ', 11, '#5b0c0c', 80, 0, 0, '2020-03-04 17:20:52', '2020-05-30 08:18:06', 1, 1, 1),
(8, 'Fire', 12, '#ff2600', 90, 0, 0, '2020-03-04 17:21:07', '2020-05-29 17:35:29', 1, 1, 1);

-- --------------------------------------------------------

--
-- Table structure for table `tblproject_activity`
--

CREATE TABLE `tblproject_activity` (
  `id` int(11) NOT NULL,
  `project_id` int(11) NOT NULL,
  `staff_id` int(11) NOT NULL DEFAULT 0,
  `contact_id` int(11) NOT NULL DEFAULT 0,
  `fullname` varchar(100) DEFAULT NULL,
  `visible_to_customer` int(11) NOT NULL DEFAULT 0,
  `description_key` varchar(191) NOT NULL COMMENT 'Language file key',
  `additional_data` text DEFAULT NULL,
  `dateadded` datetime NOT NULL
) ENGINE=InnoDB DEFAULT CHARSET=utf8;

--
-- Dumping data for table `tblproject_activity`
--

INSERT INTO `tblproject_activity` (`id`, `project_id`, `staff_id`, `contact_id`, `fullname`, `visible_to_customer`, `description_key`, `additional_data`, `dateadded`) VALUES
(1, 1, 1, 0, 'Admin tts', 1, 'project_activity_added_team_member', 'Admin tts', '2020-02-06 10:04:47'),
(2, 1, 1, 0, 'Admin tts', 1, 'project_activity_created', '', '2020-02-06 10:04:48'),
(6, 1, 1, 0, 'Admin tts', 1, 'project_activity_recorded_timesheet', '<seconds>432000</seconds><br /><lang>project_activity_task_name</lang> call 06 02 2020', '2020-02-06 13:13:27'),
(7, 1, 1, 0, 'Admin tts', 1, 'project_activity_task_marked_complete', '06022020', '2020-02-06 13:14:49'),
(8, 1, 1, 0, 'Admin tts', 1, 'project_activity_task_unmarked_complete', '06022020', '2020-02-06 16:44:48'),
(9, 1, 1, 0, 'Admin tts', 1, 'not_project_activity_task_status_changed', 'call 06 02 2020 - <span class=\"label\" style=\"border: 1px solid #2d2d2d;color:#2d2d2d;\">Testing</span>', '2020-02-06 19:06:01'),
(10, 1, 1, 0, 'Admin tts', 1, 'not_project_activity_task_status_changed', 'call 06 02 2020 - <span class=\"label\" style=\"border: 1px solid #adca65;color:#adca65;\">Awaiting Feedback</span>', '2020-02-06 19:06:10'),
(11, 1, 1, 0, 'Admin tts', 1, 'project_activity_task_marked_complete', 'call 06 02 2020', '2020-02-06 19:06:21'),
(12, 1, 1, 0, 'Admin tts', 1, 'project_activity_task_marked_complete', '06022020', '2020-02-10 10:54:13'),
(13, 1, 1, 0, 'Admin tts', 1, 'project_activity_task_unmarked_complete', 'call 06 02 2020', '2020-02-10 10:54:38'),
(14, 1, 1, 0, 'Admin tts', 1, 'project_activity_task_unmarked_complete', '06022020', '2020-02-10 10:54:41'),
(17, 3, 1, 0, 'Admin tts', 1, 'project_activity_added_team_member', 'Admin tts', '2020-02-12 16:57:37'),
(18, 3, 1, 0, 'Admin tts', 1, 'project_activity_created', '', '2020-02-12 16:57:37'),
(19, 3, 1, 0, 'Admin tts', 1, 'project_activity_updated', '', '2020-02-12 16:57:53'),
(20, 3, 1, 0, 'Admin tts', 1, 'not_project_activity_task_status_changed', 'call 12 02 2020 - <span class=\"label\" style=\"border: 1px solid #03A9F4;color:#03A9F4;\">In Progress</span>', '2020-02-12 17:05:34'),
(21, 3, 1, 0, 'Admin tts', 1, 'project_activity_updated', '', '2020-02-12 17:17:50'),
(22, 4, 1, 0, 'Admin tts', 1, 'project_activity_added_team_member', 'Admin tts', '2020-02-12 17:18:04'),
(23, 4, 1, 0, 'Admin tts', 1, 'project_activity_created', '', '2020-02-12 17:18:04'),
(24, 4, 1, 0, 'Admin tts', 1, 'project_activity_updated', '', '2020-02-12 17:18:27'),
(25, 4, 1, 0, 'Admin tts', 1, 'project_activity_updated', '', '2020-02-12 17:19:24'),
(26, 4, 1, 0, 'Admin tts', 1, 'project_activity_task_marked_complete', 'call 12 02 2020', '2020-02-12 17:23:49'),
(27, 4, 1, 0, 'Admin tts', 1, 'project_activity_invoiced_project', 'INV-000001', '2020-02-12 17:25:05'),
(28, 4, 1, 0, 'Admin tts', 0, 'project_activity_uploaded_file', 'katie-harp-pinterest-marketing-1252065-unsplash.5caac16c531ee4.31622569-0x1118.390625.jpg', '2020-02-12 17:38:30'),
(29, 4, 1, 0, 'Admin tts', 0, 'project_activity_uploaded_file', 'unnamed.jpg', '2020-02-12 17:38:48'),
(30, 3, 1, 0, 'Admin tts', 1, 'project_activity_task_marked_complete', 'call 12 02 2020', '2020-02-13 10:22:05'),
(31, 3, 1, 0, 'Admin tts', 1, 'project_activity_task_unmarked_complete', 'call 12 02 2020', '2020-02-13 10:22:15'),
(33, 1, 1, 0, 'Admin tts', 1, 'project_activity_updated', '', '2020-02-17 16:48:26'),
(34, 3, 1, 0, 'Admin tts', 1, 'project_activity_updated', '', '2020-02-17 16:48:39'),
(35, 4, 1, 0, 'Admin tts', 1, 'project_activity_updated', '', '2020-02-17 16:48:49'),
(44, 1, 1, 0, 'Admin tts', 1, 'project_marked_as_finished', '', '2020-02-18 17:40:14'),
(45, 1, 1, 0, 'Admin tts', 1, 'project_activity_marked_all_tasks_as_complete', '', '2020-02-18 17:40:15'),
(46, 3, 1, 0, 'Admin tts', 1, 'project_status_updated', '<b><lang>project_status_3</lang></b>', '2020-02-18 17:40:33'),
(47, 3, 1, 0, 'Admin tts', 1, 'project_activity_marked_all_tasks_as_complete', '', '2020-02-18 17:40:33'),
(48, 5, 1, 0, 'Admin tts', 1, 'project_activity_added_team_member', 'Admin tts', '2020-02-19 09:59:58'),
(49, 5, 1, 0, 'Admin tts', 1, 'project_activity_created', '', '2020-02-19 09:59:59'),
(51, 3, 1, 0, 'Admin tts', 1, 'project_activity_updated', '', '2020-02-20 11:33:54'),
(52, 5, 1, 0, 'Admin tts', 1, 'project_status_updated', '<b><lang>project_status_5</lang></b>', '2020-02-20 13:05:21'),
(53, 5, 1, 0, 'Admin tts', 1, 'project_activity_added_team_contact', 'Customer Name', '2020-02-20 13:27:38'),
(54, 5, 1, 0, 'Admin tts', 1, 'project_marked_as_finished', '', '2020-02-20 19:15:35'),
(55, 3, 1, 0, 'Admin tts', 1, 'project_marked_as_finished', '', '2020-02-20 19:15:39'),
(57, 5, 1, 0, 'Admin tts', 1, 'project_status_updated', '<b><lang>project_status_3</lang></b>', '2020-02-20 19:15:48'),
(59, 3, 1, 0, 'Admin tts', 1, 'project_status_updated', '<b><lang>project_status_5</lang></b>', '2020-02-20 19:15:52'),
(63, 3, 1, 0, 'Admin tts', 1, 'project_marked_as_finished', '', '2020-02-21 13:21:06'),
(64, 3, 1, 0, 'Admin tts', 1, 'project_status_updated', '<b><lang>project_status_5</lang></b>', '2020-02-21 13:21:09'),
(65, 1, 1, 0, 'Admin tts', 1, 'project_status_updated', '<b><lang>project_status_1</lang></b>', '2020-02-21 13:21:11'),
(66, 4, 1, 0, 'Admin tts', 1, 'project_activity_task_marked_complete', 'call 12 02 2020 02', '2020-02-21 17:43:25'),
(67, 1, 1, 0, 'Admin tts', 1, 'project_activity_task_unmarked_complete', 'call 06 02 2020', '2020-02-21 17:43:56'),
(69, 3, 1, 0, 'Admin tts', 1, 'project_activity_task_unmarked_complete', 'call 12 02 2020 02', '2020-02-21 17:44:01'),
(70, 4, 1, 0, 'Admin tts', 1, 'project_activity_task_unmarked_complete', 'call 12 02 2020', '2020-02-21 17:44:04'),
(72, 4, 1, 0, 'Admin tts', 1, 'project_activity_task_unmarked_complete', 'call 12 02 2020 02', '2020-02-21 17:44:11'),
(73, 1, 1, 0, 'Admin tts', 1, 'project_activity_task_unmarked_complete', '06022020', '2020-02-21 17:44:16'),
(74, 3, 1, 0, 'Admin tts', 1, 'project_activity_task_unmarked_complete', 'call 12 02 2020', '2020-02-21 17:44:23'),
(76, 3, 1, 0, 'Admin tts', 1, 'project_activity_task_marked_complete', 'call 12 02 2020 02', '2020-02-21 17:45:10'),
(77, 1, 1, 0, 'Admin tts', 1, 'project_activity_task_marked_complete', 'call 06 02 2020', '2020-02-21 17:45:21'),
(79, 4, 1, 0, 'Admin tts', 1, 'project_status_updated', '<b><lang>project_status_3</lang></b>', '2020-02-27 16:28:46'),
(80, 4, 1, 0, 'Admin tts', 1, 'project_status_updated', '<b><lang>project_status_2</lang></b>', '2020-02-27 16:28:49'),
(81, 6, 1, 0, 'Admin tts', 1, 'project_activity_added_team_member', 'Admin tts', '2020-02-28 10:00:34'),
(82, 6, 1, 0, 'Admin tts', 1, 'project_activity_created', '', '2020-02-28 10:00:35'),
(83, 6, 1, 0, 'Admin tts', 1, 'project_activity_added_team_contact', 'Customer Name', '2020-02-28 10:01:43'),
(84, 6, 1, 0, 'Admin tts', 1, 'project_activity_added_team_contact', 'Sundara Kumar person', '2020-02-28 10:01:43'),
(85, 6, 1, 0, 'Admin tts', 1, 'project_activity_added_team_contact', 'Arjundurai Rajasankar', '2020-02-28 10:01:43'),
(86, 6, 1, 0, 'Admin tts', 1, 'project_activity_added_team_contact', 'Person  0228', '2020-02-28 10:01:43'),
(87, 7, 1, 0, 'Admin tts', 1, 'project_activity_added_team_member', 'Admin tts', '2020-02-28 10:35:39'),
(88, 7, 1, 0, 'Admin tts', 1, 'project_activity_created', '', '2020-02-28 10:35:40'),
(89, 7, 1, 0, 'Admin tts', 1, 'project_activity_added_team_contact', 'Customer Name', '2020-02-28 10:35:56'),
(90, 7, 1, 0, 'Admin tts', 1, 'project_activity_added_team_contact', 'Sundara Kumar person', '2020-02-28 10:35:56'),
(91, 7, 1, 0, 'Admin tts', 1, 'project_activity_added_team_contact', 'Arjundurai Rajasankar', '2020-02-28 10:35:56'),
(92, 7, 1, 0, 'Admin tts', 1, 'project_activity_added_team_contact', 'Person  0228', '2020-02-28 10:35:56'),
(93, 7, 1, 0, 'Admin tts', 1, 'project_activity_added_team_contact', 'P0229 L', '2020-02-28 10:35:56'),
(94, 7, 1, 0, 'Admin tts', 1, 'not_project_activity_task_status_changed', 'Activities 0229 - <span class=\"label\" style=\"border: 1px solid #2d2d2d;color:#2d2d2d;\">Testing</span>', '2020-02-28 10:36:42'),
(95, 7, 1, 0, 'Admin tts', 1, 'project_activity_task_marked_complete', 'Activities 0229', '2020-02-28 10:36:53'),
(96, 7, 1, 0, 'Admin tts', 1, 'project_activity_updated', '', '2020-02-28 10:45:56'),
(97, 6, 0, 4, 'Person  0228', 1, 'project_activity_new_task_assignee', 'sd - Admin tts', '2020-02-28 12:16:12'),
(98, 6, 1, 0, 'Admin tts', 1, 'project_activity_task_marked_complete', 'Activities 0228', '2020-02-28 17:31:59'),
(99, 6, 1, 0, 'Admin tts', 1, 'project_activity_new_task_comment', 'Activities 0228', '2020-02-28 17:32:15'),
(101, 1, 1, 0, 'Admin tts', 1, 'project_activity_task_marked_complete', '06022020', '2020-02-28 17:52:33'),
(104, 8, 1, 0, 'Admin tts', 1, 'project_activity_added_team_member', 'James G', '2020-03-06 17:22:29'),
(105, 8, 1, 0, 'Admin tts', 1, 'project_activity_added_team_member', 'William G', '2020-03-06 17:22:30'),
(106, 8, 1, 0, 'Admin tts', 1, 'project_activity_created', '', '2020-03-06 17:22:43'),
(107, 9, 1, 0, 'Admin tts', 1, 'project_activity_added_team_member', 'Sivaneswaran S', '2020-03-10 14:08:24'),
(108, 9, 1, 0, 'Admin tts', 1, 'project_activity_created', '', '2020-03-10 14:08:32'),
(109, 9, 1, 0, 'Admin tts', 1, 'project_activity_added_team_contact', 'Zeshan Ali ', '2020-03-10 14:08:32'),
(110, 9, 1, 0, 'Admin tts', 1, 'project_activity_removed_team_contact', 'Zeshan Ali ', '2020-03-10 14:09:13'),
(111, 9, 1, 0, 'Admin tts', 1, 'project_activity_added_team_contact', 'Zeshan Ali ', '2020-03-10 14:09:29'),
(112, 9, 1, 0, 'Admin tts', 1, 'project_activity_task_marked_complete', 'Call', '2020-03-10 14:12:04'),
(113, 9, 1, 0, 'Admin tts', 1, 'project_status_updated', '<b><lang>project_status_2</lang></b>', '2020-03-10 14:13:12'),
(114, 9, 1, 0, 'Admin tts', 1, 'project_status_updated', '<b><lang>project_status_6</lang></b>', '2020-03-10 14:15:58'),
(115, 9, 1, 0, 'Admin tts', 1, 'project_marked_as_finished', '', '2020-03-10 14:16:22'),
(116, 9, 1, 0, 'Admin tts', 1, 'project_activity_new_task_assignee', 'call - Sivaneswaran S', '2020-03-10 14:43:25'),
(117, 9, 1, 0, 'Admin tts', 1, 'not_project_activity_task_status_changed', 'call - <span class=\"label\" style=\"border: 1px solid #989898;color:#989898;\">Upcoming</span>', '2020-03-10 16:33:07'),
(118, 9, 1, 0, 'Admin tts', 1, 'not_project_activity_task_status_changed', 'call and convice - <span class=\"label\" style=\"border: 1px solid #989898;color:#989898;\">Upcoming</span>', '2020-03-10 16:33:23'),
(119, 4, 1, 0, 'Admin tts', 1, 'not_project_activity_task_status_changed', 'call 12 02 2020 - <span class=\"label\" style=\"border: 1px solid #989898;color:#989898;\">Upcoming</span>', '2020-03-11 20:03:35'),
(121, 10, 1, 0, 'Admin tts', 1, 'project_activity_created', '', '2020-03-12 11:06:38'),
(122, 10, 1, 0, 'Admin tts', 1, 'project_activity_added_team_contact', 'Rohit Jain ', '2020-03-12 11:06:38'),
(123, 9, 1, 0, 'Admin tts', 1, 'project_activity_task_unmarked_complete', 'Email', '2020-03-12 11:24:18'),
(124, 9, 1, 0, 'Admin tts', 1, 'project_activity_task_marked_complete', 'Email', '2020-03-12 11:24:20'),
(125, 9, 1, 0, 'Admin tts', 1, 'project_activity_task_unmarked_complete', 'Email', '2020-03-12 11:24:24'),
(133, 9, 1, 0, 'Admin tts', 1, 'project_activity_updated', '', '2020-03-12 16:18:11'),
(138, 1, 1, 0, 'Admin tts', 1, 'project_status_updated', '<b><lang>project_status_5</lang></b>', '2020-03-13 10:43:15'),
(139, 3, 1, 0, 'Admin tts', 1, 'project_status_updated', '<b><lang>project_status_6</lang></b>', '2020-03-13 10:43:20'),
(140, 3, 1, 0, 'Admin tts', 1, 'project_activity_updated', '', '2020-03-13 10:44:45'),
(141, 3, 1, 0, 'Admin tts', 1, 'project_status_updated', '<b><lang>project_status_</lang></b>', '2020-03-13 10:44:46'),
(142, 3, 1, 0, 'Admin tts', 1, 'project_activity_updated', '', '2020-03-13 10:44:59'),
(143, 3, 1, 0, 'Admin tts', 1, 'project_status_updated', '<b><lang>project_status_</lang></b>', '2020-03-13 10:45:00'),
(144, 1, 1, 0, 'Admin tts', 1, 'project_status_updated', '<b><lang>project_status_5</lang></b>', '2020-03-13 10:53:21'),
(145, 1, 1, 0, 'Admin tts', 1, 'project_status_updated', '<b><lang>project_status_6</lang></b>', '2020-03-13 10:53:48'),
(146, 4, 1, 0, 'Admin tts', 1, 'project_marked_as_finished', '', '2020-03-13 10:53:56'),
(147, 5, 1, 0, 'Admin tts', 1, 'project_status_updated', '<b><lang>project_status_7</lang></b>', '2020-03-13 10:54:02'),
(148, 10, 1, 0, 'Admin tts', 1, 'project_status_updated', '<b><lang>project_status_1</lang></b>', '2020-03-13 11:55:07'),
(149, 9, 1, 0, 'Admin tts', 1, 'project_status_updated', '<b><lang>project_status_2</lang></b>', '2020-03-13 11:55:10'),
(150, 8, 1, 0, 'Admin tts', 1, 'project_status_updated', '<b><lang>project_status_3</lang></b>', '2020-03-13 11:55:16'),
(151, 1, 1, 0, 'Admin tts', 1, 'project_marked_as_finished', '', '2020-03-13 11:55:22'),
(152, 4, 1, 0, 'Admin tts', 1, 'project_status_updated', '<b><lang>project_status_5</lang></b>', '2020-03-13 11:55:26'),
(153, 3, 1, 0, 'Admin tts', 1, 'project_status_updated', '<b><lang>project_status_6</lang></b>', '2020-03-13 11:55:29'),
(154, 7, 1, 0, 'Admin tts', 1, 'project_status_updated', '<b><lang>project_status_8</lang></b>', '2020-03-13 11:55:39'),
(155, 10, 1, 0, 'Admin tts', 1, 'project_status_updated', '<b><lang>project_status_1</lang></b>', '2020-03-13 11:56:35'),
(156, 9, 1, 0, 'Admin tts', 1, 'project_status_updated', '<b><lang>project_status_2</lang></b>', '2020-03-13 11:56:41'),
(157, 8, 1, 0, 'Admin tts', 1, 'project_marked_as_finished', '', '2020-03-13 11:56:47'),
(158, 7, 1, 0, 'Admin tts', 1, 'project_status_updated', '<b><lang>project_status_3</lang></b>', '2020-03-13 11:56:53'),
(159, 6, 1, 0, 'Admin tts', 1, 'project_status_updated', '<b><lang>project_status_5</lang></b>', '2020-03-13 11:56:57'),
(160, 5, 1, 0, 'Admin tts', 1, 'project_status_updated', '<b><lang>project_status_6</lang></b>', '2020-03-13 11:57:01'),
(161, 4, 1, 0, 'Admin tts', 1, 'project_status_updated', '<b><lang>project_status_7</lang></b>', '2020-03-13 11:57:05'),
(162, 9, 1, 0, 'Admin tts', 1, 'project_status_updated', '<b><lang>project_status_3</lang></b>', '2020-03-13 12:05:14'),
(163, 9, 1, 0, 'Admin tts', 1, 'project_status_updated', '<b><lang>project_status_2</lang></b>', '2020-03-13 12:05:16'),
(164, 8, 1, 0, 'Admin tts', 1, 'project_activity_updated', '', '2020-03-13 16:30:28'),
(165, 8, 1, 0, 'Admin tts', 1, 'project_status_updated', '<b><lang>project_status_</lang></b>', '2020-03-13 16:30:30'),
(166, 8, 1, 0, 'Admin tts', 1, 'project_activity_updated', '', '2020-03-13 16:30:38'),
(167, 8, 1, 0, 'Admin tts', 1, 'project_status_updated', '<b><lang>project_status_</lang></b>', '2020-03-13 16:30:39'),
(168, 9, 1, 0, 'Admin tts', 1, 'project_activity_updated', '', '2020-03-13 16:44:12'),
(169, 9, 1, 0, 'Admin tts', 1, 'project_status_updated', '<b><lang>project_status_</lang></b>', '2020-03-13 16:44:13'),
(170, 9, 1, 0, 'Admin tts', 1, 'project_activity_added_team_member', 'Sivaneswaran S', '2020-03-13 16:44:23'),
(171, 9, 1, 0, 'Admin tts', 1, 'project_activity_updated', '', '2020-03-13 16:48:54'),
(172, 9, 1, 0, 'Admin tts', 1, 'project_status_updated', '<b><lang>project_status_</lang></b>', '2020-03-13 16:48:55'),
(173, 9, 1, 0, 'Admin tts', 1, 'project_activity_added_team_member', 'Sivaneswaran S', '2020-03-13 16:53:27'),
(174, 9, 1, 0, 'Admin tts', 1, 'project_activity_updated', '', '2020-03-13 16:53:44'),
(175, 9, 1, 0, 'Admin tts', 1, 'project_activity_updated', '', '2020-03-13 17:03:10'),
(176, 9, 1, 0, 'Admin tts', 1, 'project_status_updated', '<b><lang>project_status_</lang></b>', '2020-03-13 17:03:11'),
(177, 9, 1, 0, 'Admin tts', 1, 'project_activity_updated', '', '2020-03-13 17:04:14'),
(178, 9, 1, 0, 'Admin tts', 1, 'project_activity_updated', '', '2020-03-13 17:06:00'),
(179, 9, 1, 0, 'Admin tts', 1, 'project_status_updated', '<b><lang>project_status_</lang></b>', '2020-03-13 17:06:02'),
(180, 11, 1, 0, 'Admin tts', 1, 'project_activity_added_team_member', 'Sivaneswaran S', '2020-03-13 17:10:28'),
(181, 11, 1, 0, 'Admin tts', 1, 'project_activity_created', '', '2020-03-13 17:10:35'),
(182, 11, 1, 0, 'Admin tts', 1, 'project_activity_added_team_contact', 'Janmejay Pati ', '2020-03-13 17:10:35'),
(183, 11, 1, 0, 'Admin tts', 1, 'project_status_updated', '<b><lang>project_status_3</lang></b>', '2020-03-13 17:11:58'),
(184, 11, 1, 0, 'Admin tts', 1, 'project_marked_as_finished', '', '2020-03-13 17:12:01'),
(185, 9, 1, 0, 'Admin tts', 1, 'project_activity_task_marked_complete', 'call and convice', '2020-03-13 17:38:32'),
(186, 11, 1, 0, 'Admin tts', 1, 'project_activity_updated', '', '2020-03-13 17:49:25'),
(187, 11, 1, 0, 'Admin tts', 1, 'project_status_updated', '<b><lang>project_status_</lang></b>', '2020-03-13 17:49:26'),
(188, 11, 1, 0, 'Admin tts', 1, 'project_activity_updated', '', '2020-03-13 17:49:41'),
(189, 11, 1, 0, 'Admin tts', 1, 'project_status_updated', '<b><lang>project_status_</lang></b>', '2020-03-13 17:49:42'),
(190, 11, 1, 0, 'Admin tts', 1, 'project_activity_updated', '', '2020-03-13 17:49:59'),
(191, 11, 1, 0, 'Admin tts', 1, 'project_status_updated', '<b><lang>project_status_</lang></b>', '2020-03-13 17:50:00'),
(192, 11, 1, 0, 'Admin tts', 1, 'project_activity_updated', '', '2020-03-13 17:50:06'),
(193, 11, 1, 0, 'Admin tts', 1, 'project_status_updated', '<b><lang>project_status_</lang></b>', '2020-03-13 17:50:07'),
(194, 11, 1, 0, 'Admin tts', 1, 'project_activity_updated', '', '2020-03-17 17:23:42'),
(195, 11, 1, 0, 'Admin tts', 1, 'project_status_updated', '<b><lang>project_status_</lang></b>', '2020-03-17 17:23:44'),
(196, 11, 1, 0, 'Admin tts', 1, 'project_activity_updated', '', '2020-03-17 17:23:44'),
(197, 11, 1, 0, 'Admin tts', 1, 'project_activity_updated', '', '2020-03-17 17:23:44'),
(198, 11, 1, 0, 'Admin tts', 1, 'project_status_updated', '<b><lang>project_status_</lang></b>', '2020-03-17 17:23:45'),
(199, 11, 1, 0, 'Admin tts', 1, 'project_activity_updated', '', '2020-03-17 17:23:45'),
(200, 11, 1, 0, 'Admin tts', 1, 'project_activity_updated', '', '2020-03-17 17:24:18'),
(201, 11, 1, 0, 'Admin tts', 1, 'project_status_updated', '<b><lang>project_status_</lang></b>', '2020-03-17 17:24:19'),
(202, 11, 1, 0, 'Admin tts', 1, 'project_activity_updated', '', '2020-03-17 17:24:19'),
(203, 11, 1, 0, 'Admin tts', 1, 'project_activity_updated', '', '2020-03-17 17:24:20'),
(204, 11, 1, 0, 'Admin tts', 1, 'project_status_updated', '<b><lang>project_status_</lang></b>', '2020-03-17 17:24:21'),
(205, 11, 1, 0, 'Admin tts', 1, 'project_activity_updated', '', '2020-03-17 17:24:21'),
(206, 11, 1, 0, 'Admin tts', 1, 'project_activity_updated', '', '2020-03-17 17:24:34'),
(207, 11, 1, 0, 'Admin tts', 1, 'project_status_updated', '<b><lang>project_status_</lang></b>', '2020-03-17 17:24:35'),
(208, 11, 1, 0, 'Admin tts', 1, 'project_activity_updated', '', '2020-03-17 17:24:35'),
(209, 11, 1, 0, 'Admin tts', 1, 'project_activity_updated', '', '2020-03-17 17:28:22'),
(210, 11, 1, 0, 'Admin tts', 1, 'project_status_updated', '<b><lang>project_status_</lang></b>', '2020-03-17 17:28:23'),
(211, 11, 1, 0, 'Admin tts', 1, 'project_activity_updated', '', '2020-03-17 17:28:23'),
(212, 1, 1, 0, 'Admin tts', 1, 'project_activity_task_unmarked_complete', 'call 06 02 2020', '2020-03-17 18:49:16'),
(213, 9, 1, 0, 'Admin tts', 1, 'project_activity_task_unmarked_complete', 'call and convice', '2020-03-18 11:07:31'),
(214, 1, 1, 0, 'Admin tts', 1, 'project_activity_task_marked_complete', 'call 06 02 2020', '2020-03-18 11:10:09'),
(215, 12, 1, 0, 'Admin tts', 1, 'project_activity_added_team_member', 'Sivaneswaran S', '2020-03-18 11:15:44'),
(216, 12, 1, 0, 'Admin tts', 1, 'project_activity_created', '', '2020-03-18 11:15:51'),
(217, 12, 1, 0, 'Admin tts', 1, 'project_activity_added_team_contact', 'Kumar ', '2020-03-18 11:15:51'),
(218, 4, 1, 0, 'Admin tts', 1, 'project_activity_task_marked_complete', 'call 12 02 2020', '2020-03-18 18:50:06'),
(219, 9, 1, 0, 'Admin tts', 1, 'project_activity_task_marked_complete', 'call', '2020-03-18 18:50:12'),
(220, 6, 1, 0, 'Admin tts', 1, 'project_activity_task_marked_complete', 'sd', '2020-03-18 18:50:29'),
(221, 9, 1, 0, 'Admin tts', 1, 'project_activity_task_marked_complete', 'Email', '2020-03-18 18:50:36'),
(222, 9, 1, 0, 'Admin tts', 1, 'project_activity_task_unmarked_complete', 'Email', '2020-03-18 18:50:44'),
(223, 1, 1, 0, 'Admin tts', 1, 'project_activity_task_marked_complete', 'Call', '2020-03-19 16:51:13'),
(224, 1, 1, 0, 'Admin tts', 1, 'project_activity_task_unmarked_complete', 'Call', '2020-03-19 16:51:30'),
(225, 13, 1, 0, 'Admin tts', 1, 'project_activity_added_team_member', 'James G', '2020-03-21 12:01:45'),
(226, 13, 1, 0, 'Admin tts', 1, 'project_activity_created', '', '2020-03-21 12:01:52'),
(227, 13, 1, 0, 'Admin tts', 1, 'project_activity_added_team_contact', 'Naeem Shahzad ', '2020-03-21 12:01:52'),
(228, 13, 1, 0, 'Admin tts', 0, 'project_activity_new_task_assignee', 'Call - Sivaneswaran S', '2020-03-21 12:11:48'),
(229, 10, 1, 0, 'Admin tts', 1, 'project_activity_new_task_assignee', 'Call - Sivaneswaran S', '2020-03-23 10:27:03'),
(230, 9, 1, 0, 'Admin tts', 0, 'project_activity_new_task_assignee', 'E-mail - Sivaneswaran S', '2020-03-23 10:33:39'),
(231, 10, 1, 0, 'Admin tts', 1, 'project_activity_new_task_assignee', 'E-mail - Sivaneswaran S', '2020-03-23 10:35:21'),
(232, 12, 1, 0, 'Admin tts', 0, 'project_activity_new_task_assignee', 'Visit - Sivaneswaran S', '2020-03-23 10:49:43'),
(233, 9, 1, 0, 'Admin tts', 1, 'project_marked_as_finished', '', '2020-03-23 10:55:42'),
(234, 9, 1, 0, 'Admin tts', 1, 'project_status_updated', '<b><lang>project_status_3</lang></b>', '2020-03-23 10:55:43'),
(235, 9, 1, 0, 'Admin tts', 1, 'project_status_updated', '<b><lang>project_status_5</lang></b>', '2020-03-23 10:55:46'),
(236, 9, 1, 0, 'Admin tts', 1, 'project_status_updated', '<b><lang>project_status_6</lang></b>', '2020-03-23 10:55:48'),
(237, 9, 1, 0, 'Admin tts', 1, 'project_status_updated', '<b><lang>project_status_7</lang></b>', '2020-03-23 10:55:49'),
(238, 9, 1, 0, 'Admin tts', 1, 'project_status_updated', '<b><lang>project_status_8</lang></b>', '2020-03-23 10:55:52'),
(239, 11, 1, 0, 'Admin tts', 1, 'project_status_updated', '<b><lang>project_status_7</lang></b>', '2020-03-23 10:55:58'),
(240, 9, 1, 0, 'Admin tts', 1, 'project_status_updated', '<b><lang>project_status_5</lang></b>', '2020-03-23 10:56:08'),
(241, 10, 1, 0, 'Admin tts', 1, 'project_activity_new_task_assignee', 'intro E-mail - Sivaneswaran S', '2020-03-23 11:06:27'),
(242, 11, 1, 0, 'Admin tts', 1, 'project_status_updated', '<b><lang>project_status_8</lang></b>', '2020-03-23 11:09:26'),
(243, 11, 1, 0, 'Admin tts', 1, 'project_status_updated', '<b><lang>project_status_7</lang></b>', '2020-03-23 11:09:34'),
(244, 13, 1, 0, 'Admin tts', 1, 'project_status_updated', '<b><lang>project_status_2</lang></b>', '2020-03-23 11:13:28'),
(245, 14, 1, 0, 'Admin tts', 1, 'project_activity_added_team_member', 'Sivaneswaran S', '2020-03-24 11:53:13'),
(246, 14, 1, 0, 'Admin tts', 1, 'project_activity_created', '', '2020-03-24 11:53:23'),
(247, 14, 1, 0, 'Admin tts', 1, 'project_activity_added_team_contact', 'Anant Nayak ', '2020-03-24 11:53:24'),
(248, 14, 1, 0, 'Admin tts', 1, 'project_activity_added_team_contact', 'Sumit Thakur ', '2020-03-24 11:53:24'),
(249, 14, 1, 0, 'Admin tts', 1, 'project_activity_updated', '', '2020-03-24 11:54:59'),
(250, 14, 1, 0, 'Admin tts', 1, 'project_status_updated', '<b><lang>project_status_6</lang></b>', '2020-03-24 11:55:00'),
(251, 14, 1, 0, 'Admin tts', 1, 'project_activity_updated', '', '2020-03-24 11:56:13'),
(252, 14, 1, 0, 'Admin tts', 0, 'project_activity_new_task_assignee', 'Direct Visit - Thakur - Sivaneswaran S', '2020-03-24 11:58:10'),
(253, 14, 1, 0, 'Admin tts', 0, 'project_activity_task_marked_complete', 'Direct Visit - Thakur', '2020-03-24 12:00:31'),
(254, 15, 1, 0, 'Admin tts', 1, 'project_activity_added_team_member', 'James G', '2020-03-24 12:03:21'),
(255, 15, 1, 0, 'Admin tts', 1, 'project_activity_created', '', '2020-03-24 12:03:28'),
(256, 15, 1, 0, 'Admin tts', 1, 'project_activity_added_team_contact', 'Sumit Thakur ', '2020-03-24 12:03:28'),
(257, 15, 1, 0, 'Admin tts', 1, 'project_status_updated', '<b><lang>project_status_7</lang></b>', '2020-03-24 12:08:00'),
(258, 14, 1, 0, 'Admin tts', 0, 'project_activity_task_unmarked_complete', 'Direct Visit - Thakur', '2020-03-25 12:55:38'),
(259, 14, 1, 0, 'Admin tts', 0, 'project_activity_task_marked_complete', 'Direct Visit - Thakur', '2020-03-25 12:55:58'),
(260, 16, 1, 0, 'Admin tts', 1, 'project_activity_added_team_member', 'James G', '2020-03-26 07:19:43'),
(261, 16, 1, 0, 'Admin tts', 1, 'project_activity_created', '', '2020-03-26 07:19:50'),
(262, 16, 1, 0, 'Admin tts', 1, 'project_activity_added_team_contact', 'New ', '2020-03-26 07:19:51'),
(263, 16, 1, 0, 'Admin tts', 1, 'project_activity_updated', '', '2020-03-26 07:20:11'),
(264, 16, 1, 0, 'Admin tts', 1, 'project_status_updated', '<b><lang>project_status_3</lang></b>', '2020-03-26 07:20:12'),
(265, 17, 1, 0, 'Admin tts', 1, 'project_activity_created', '', '2020-03-26 07:25:19'),
(266, 17, 1, 0, 'Admin tts', 1, 'project_activity_added_team_contact', 'Arjundurai Rajasankar', '2020-03-26 07:25:20'),
(267, 18, 1, 0, 'Admin tts', 1, 'project_activity_added_team_member', 'Sivaneswaran S', '2020-03-26 09:40:12'),
(268, 18, 1, 0, 'Admin tts', 1, 'project_activity_created', '', '2020-03-26 09:40:19'),
(269, 18, 1, 0, 'Admin tts', 1, 'project_activity_added_team_contact', 'Anki Reddy K.  ', '2020-03-26 09:40:19'),
(270, 18, 1, 0, 'Admin tts', 1, 'project_activity_updated', '', '2020-03-26 09:41:58'),
(271, 18, 1, 0, 'Admin tts', 1, 'project_activity_updated', '', '2020-03-26 09:41:58'),
(272, 18, 1, 0, 'Admin tts', 1, 'project_status_updated', '<b><lang>project_status_</lang></b>', '2020-03-26 09:41:59'),
(273, 18, 1, 0, 'Admin tts', 1, 'project_activity_updated', '', '2020-03-26 09:42:00'),
(274, 18, 1, 0, 'Admin tts', 1, 'project_activity_updated', '', '2020-03-26 09:42:00'),
(275, 18, 1, 0, 'Admin tts', 1, 'project_status_updated', '<b><lang>project_status_</lang></b>', '2020-03-26 09:42:01'),
(276, 18, 1, 0, 'Admin tts', 0, 'project_activity_uploaded_file', 'dealforce_deal_page.png', '2020-03-26 09:48:07'),
(277, 18, 1, 0, 'Admin tts', 0, 'project_activity_new_task_assignee', 'today we need to speak him  - James G', '2020-03-26 09:49:52'),
(278, 18, 1, 0, 'Admin tts', 0, 'project_activity_task_marked_complete', 'today we need to speak him ', '2020-03-26 09:52:37'),
(279, 18, 1, 0, 'Admin tts', 0, 'project_activity_recorded_timesheet', '<seconds>7620</seconds><br /><lang>project_activity_task_name</lang> today we need to speak him ', '2020-03-26 09:54:12'),
(280, 18, 1, 0, 'Admin tts', 0, 'project_activity_recorded_timesheet', '<seconds>7620</seconds><br /><lang>project_activity_task_name</lang> today we need to speak him ', '2020-03-26 09:54:13'),
(281, 18, 1, 0, 'Admin tts', 0, 'project_activity_task_unmarked_complete', 'today we need to speak him ', '2020-03-26 09:54:32'),
(282, 19, 1, 0, 'Admin tts', 1, 'project_activity_created', '', '2020-03-26 09:59:29'),
(283, 19, 1, 0, 'Admin tts', 1, 'project_activity_added_team_contact', 'Parth D Mair, (M.Pharm, M.B.A) ', '2020-03-26 09:59:30'),
(284, 20, 1, 0, 'Admin tts', 1, 'project_activity_added_team_member', 'James G', '2020-03-26 10:13:11'),
(285, 20, 1, 0, 'Admin tts', 1, 'project_activity_created', '', '2020-03-26 10:13:18'),
(286, 20, 1, 0, 'Admin tts', 1, 'project_activity_added_team_contact', 'Person  0228', '2020-03-26 10:13:18'),
(287, 20, 1, 0, 'Admin tts', 1, 'project_activity_added_team_contact', 'Doug Kuo ', '2020-03-26 10:13:18'),
(288, 20, 1, 0, 'Admin tts', 1, 'project_activity_removed_team_contact', 'Person  0228', '2020-03-26 10:18:18'),
(289, 20, 1, 0, 'Admin tts', 1, 'project_activity_updated', '', '2020-03-26 10:19:00'),
(290, 20, 1, 0, 'Admin tts', 1, 'project_status_updated', '<b><lang>project_status_</lang></b>', '2020-03-26 10:19:01'),
(291, 20, 1, 0, 'Admin tts', 1, 'project_activity_updated', '', '2020-03-26 10:19:02'),
(292, 20, 1, 0, 'Admin tts', 1, 'project_activity_updated', '', '2020-03-26 10:19:02'),
(293, 20, 1, 0, 'Admin tts', 1, 'project_status_updated', '<b><lang>project_status_</lang></b>', '2020-03-26 10:19:03'),
(294, 20, 1, 0, 'Admin tts', 1, 'project_activity_updated', '', '2020-03-26 10:19:03'),
(295, 18, 1, 0, 'Admin tts', 0, 'project_activity_task_marked_complete', 'today we need to speak him ', '2020-03-26 10:35:53'),
(296, 18, 1, 0, 'Admin tts', 0, 'project_activity_new_task_comment', 'today we need to speak him ', '2020-03-26 10:38:27'),
(297, 21, 1, 0, 'Admin tts', 1, 'project_activity_created', '', '2020-03-26 10:42:06'),
(298, 21, 1, 0, 'Admin tts', 1, 'project_activity_added_team_contact', 'Rohit Jain ', '2020-03-26 10:42:06'),
(299, 21, 1, 0, 'Admin tts', 1, 'project_activity_added_team_contact', 'Pinal Joshi ', '2020-03-26 10:42:06'),
(300, 18, 1, 0, 'Admin tts', 1, 'project_activity_updated', '', '2020-03-26 10:45:09'),
(301, 18, 1, 0, 'Admin tts', 1, 'project_status_updated', '<b><lang>project_status_</lang></b>', '2020-03-26 10:45:10'),
(302, 18, 1, 0, 'Admin tts', 1, 'project_activity_updated', '', '2020-03-26 10:45:11'),
(303, 22, 1, 0, 'Admin tts', 1, 'project_activity_added_team_member', 'Sivaneswaran S', '2020-03-26 11:13:25'),
(304, 22, 1, 0, 'Admin tts', 1, 'project_activity_created', '', '2020-03-26 11:13:32'),
(305, 22, 1, 0, 'Admin tts', 1, 'project_activity_added_team_contact', 'Sarath ', '2020-03-26 11:13:32'),
(306, 23, 1, 0, 'Admin tts', 1, 'project_activity_created', '', '2020-03-26 12:09:24'),
(307, 23, 1, 0, 'Admin tts', 1, 'project_activity_added_team_contact', 'Zeshan Ali ', '2020-03-26 12:09:24'),
(308, 24, 1, 0, 'Admin tts', 1, 'project_activity_added_team_member', 'Sivaneswaran S', '2020-03-26 12:10:55'),
(309, 24, 1, 0, 'Admin tts', 1, 'project_activity_created', '', '2020-03-26 12:11:02'),
(310, 24, 1, 0, 'Admin tts', 1, 'project_activity_added_team_contact', 'Janmejay Pati ', '2020-03-26 12:11:02'),
(311, 25, 1, 0, 'Admin tts', 1, 'project_activity_added_team_member', 'Sivaneswaran S', '2020-03-26 12:19:47'),
(312, 25, 1, 0, 'Admin tts', 1, 'project_activity_created', '', '2020-03-26 12:19:54'),
(313, 25, 1, 0, 'Admin tts', 1, 'project_activity_added_team_contact', 'Kumar ', '2020-03-26 12:19:54'),
(314, 25, 1, 0, 'Admin tts', 1, 'project_activity_added_team_contact', 'Stojanovic Goran ', '2020-03-26 12:19:54'),
(315, 26, 1, 0, 'Admin tts', 1, 'project_activity_added_team_member', 'Sivaneswaran S', '2020-03-26 12:21:18'),
(316, 26, 1, 0, 'Admin tts', 1, 'project_activity_created', '', '2020-03-26 12:21:24'),
(317, 26, 1, 0, 'Admin tts', 1, 'project_activity_added_team_contact', 'Arshdeep Singh ', '2020-03-26 12:21:25'),
(318, 27, 1, 0, 'Admin tts', 1, 'project_activity_added_team_member', 'Sivaneswaran S', '2020-03-26 12:23:06'),
(319, 27, 1, 0, 'Admin tts', 1, 'project_activity_created', '', '2020-03-26 12:23:13'),
(320, 27, 1, 0, 'Admin tts', 1, 'project_activity_added_team_contact', 'Ajan ', '2020-03-26 12:23:13'),
(321, 28, 1, 0, 'Admin tts', 1, 'project_activity_added_team_member', 'Sivaneswaran S', '2020-03-26 12:23:58'),
(322, 28, 1, 0, 'Admin tts', 1, 'project_activity_created', '', '2020-03-26 12:24:05'),
(323, 28, 1, 0, 'Admin tts', 1, 'project_activity_added_team_contact', 'Rohit Jain ', '2020-03-26 12:24:05'),
(324, 29, 1, 0, 'Admin tts', 1, 'project_activity_added_team_member', 'Sivaneswaran S', '2020-03-26 12:25:17'),
(325, 29, 1, 0, 'Admin tts', 1, 'project_activity_created', '', '2020-03-26 12:25:24'),
(326, 29, 1, 0, 'Admin tts', 1, 'project_activity_added_team_contact', 'Zeshan Ali ', '2020-03-26 12:25:24'),
(327, 29, 1, 0, 'Admin tts', 1, 'project_activity_added_team_contact', 'Pushpender ', '2020-03-26 12:25:24'),
(328, 30, 1, 0, 'Admin tts', 1, 'project_activity_added_team_member', 'Sivaneswaran S', '2020-03-26 12:27:03'),
(329, 30, 1, 0, 'Admin tts', 1, 'project_activity_created', '', '2020-03-26 12:27:10'),
(330, 30, 1, 0, 'Admin tts', 1, 'project_activity_added_team_contact', 'PRATIBHA KHANNA ', '2020-03-26 12:27:10'),
(331, 31, 1, 0, 'Admin tts', 1, 'project_activity_added_team_member', 'Sivaneswaran S', '2020-03-26 12:30:15'),
(332, 31, 1, 0, 'Admin tts', 1, 'project_activity_created', '', '2020-03-26 12:30:22'),
(333, 31, 1, 0, 'Admin tts', 1, 'project_activity_added_team_contact', 'Janmejay Pati ', '2020-03-26 12:30:22'),
(334, 32, 1, 0, 'Admin tts', 1, 'project_activity_added_team_member', 'Sivaneswaran S', '2020-03-26 12:31:29'),
(335, 32, 1, 0, 'Admin tts', 1, 'project_activity_created', '', '2020-03-26 12:31:36'),
(336, 32, 1, 0, 'Admin tts', 1, 'project_activity_added_team_contact', 'Rohit Jain ', '2020-03-26 12:31:36'),
(337, 33, 1, 0, 'Admin tts', 1, 'project_activity_added_team_member', 'Sivaneswaran S', '2020-03-26 12:33:04'),
(338, 33, 1, 0, 'Admin tts', 1, 'project_activity_created', '', '2020-03-26 12:33:11'),
(339, 33, 1, 0, 'Admin tts', 1, 'project_activity_added_team_contact', 'subbaraju dandu ', '2020-03-26 12:33:12'),
(340, 34, 1, 0, 'Admin tts', 1, 'project_activity_added_team_member', 'Sivaneswaran S', '2020-03-26 12:34:49'),
(341, 34, 1, 0, 'Admin tts', 1, 'project_activity_created', '', '2020-03-26 12:34:56'),
(342, 34, 1, 0, 'Admin tts', 1, 'project_activity_added_team_contact', 'sastry chembrolu ', '2020-03-26 12:34:56'),
(343, 35, 1, 0, 'Admin tts', 1, 'project_activity_added_team_member', 'Sivaneswaran S', '2020-03-26 12:36:22'),
(344, 35, 1, 0, 'Admin tts', 1, 'project_activity_created', '', '2020-03-26 12:36:29'),
(345, 35, 1, 0, 'Admin tts', 1, 'project_activity_added_team_contact', 'maulik shah ', '2020-03-26 12:36:29'),
(346, 36, 1, 0, 'Admin tts', 1, 'project_activity_added_team_member', 'Sivaneswaran S', '2020-03-26 12:37:43'),
(347, 36, 1, 0, 'Admin tts', 1, 'project_activity_created', '', '2020-03-26 12:37:50'),
(348, 36, 1, 0, 'Admin tts', 1, 'project_activity_added_team_contact', 'Animesh Mohanta ', '2020-03-26 12:37:50'),
(349, 37, 1, 0, 'Admin tts', 1, 'project_activity_added_team_member', 'Sivaneswaran S', '2020-03-26 12:39:05'),
(350, 37, 1, 0, 'Admin tts', 1, 'project_activity_created', '', '2020-03-26 12:39:12'),
(351, 37, 1, 0, 'Admin tts', 1, 'project_activity_added_team_contact', 'Sumant Khedekar ', '2020-03-26 12:39:12'),
(352, 38, 1, 0, 'Admin tts', 1, 'project_activity_added_team_member', 'Sivaneswaran S', '2020-03-26 12:47:31'),
(353, 38, 1, 0, 'Admin tts', 1, 'project_activity_created', '', '2020-03-26 12:47:38'),
(354, 38, 1, 0, 'Admin tts', 1, 'project_activity_added_team_contact', 'Sandeep Sharma ', '2020-03-26 12:47:38'),
(355, 39, 1, 0, 'Admin tts', 1, 'project_activity_added_team_member', 'Sivaneswaran S', '2020-03-26 12:48:40'),
(356, 39, 1, 0, 'Admin tts', 1, 'project_activity_created', '', '2020-03-26 12:48:46'),
(357, 39, 1, 0, 'Admin tts', 1, 'project_activity_added_team_contact', 'ROHIT SEHGAL ', '2020-03-26 12:48:47'),
(358, 40, 1, 0, 'Admin tts', 1, 'project_activity_added_team_member', 'Sivaneswaran S', '2020-03-26 12:54:00'),
(359, 40, 1, 0, 'Admin tts', 1, 'project_activity_created', '', '2020-03-26 12:54:06'),
(360, 40, 1, 0, 'Admin tts', 1, 'project_activity_added_team_contact', 'RAVINDER KUMAR GOEL ', '2020-03-26 12:54:07'),
(361, 41, 1, 0, 'Admin tts', 1, 'project_activity_added_team_member', 'Sivaneswaran S', '2020-03-26 12:55:34'),
(362, 41, 1, 0, 'Admin tts', 1, 'project_activity_created', '', '2020-03-26 12:55:41'),
(363, 41, 1, 0, 'Admin tts', 1, 'project_activity_added_team_contact', 'ANJANA ANILBHAI BHANDARI ', '2020-03-26 12:55:41'),
(364, 42, 1, 0, 'Admin tts', 1, 'project_activity_added_team_member', 'Sivaneswaran S', '2020-03-26 12:57:05'),
(365, 42, 1, 0, 'Admin tts', 1, 'project_activity_created', '', '2020-03-26 12:57:12'),
(366, 42, 1, 0, 'Admin tts', 1, 'project_activity_added_team_contact', 'Saumil M. Gandhi ', '2020-03-26 12:57:12'),
(367, 43, 1, 0, 'Admin tts', 1, 'project_activity_added_team_member', 'Sivaneswaran S', '2020-03-26 12:58:15'),
(368, 43, 1, 0, 'Admin tts', 1, 'project_activity_created', '', '2020-03-26 12:58:22'),
(369, 43, 1, 0, 'Admin tts', 1, 'project_activity_added_team_contact', 'BISWANATH SARKAR ', '2020-03-26 12:58:22'),
(370, 44, 1, 0, 'Admin tts', 1, 'project_activity_added_team_member', 'Sivaneswaran S', '2020-03-26 12:59:36'),
(371, 44, 1, 0, 'Admin tts', 1, 'project_activity_created', '', '2020-03-26 12:59:43'),
(372, 44, 1, 0, 'Admin tts', 1, 'project_activity_added_team_contact', 'Ashok Takkar ', '2020-03-26 12:59:43'),
(373, 45, 1, 0, 'Admin tts', 1, 'project_activity_added_team_member', 'Sivaneswaran S', '2020-03-26 13:00:56'),
(374, 45, 1, 0, 'Admin tts', 1, 'project_activity_created', '', '2020-03-26 13:01:03'),
(375, 45, 1, 0, 'Admin tts', 1, 'project_activity_added_team_contact', 'Ashwin Jaiswal ', '2020-03-26 13:01:03'),
(376, 46, 1, 0, 'Admin tts', 1, 'project_activity_added_team_member', 'Sivaneswaran S', '2020-03-26 13:02:01'),
(377, 46, 1, 0, 'Admin tts', 1, 'project_activity_created', '', '2020-03-26 13:02:08'),
(378, 46, 1, 0, 'Admin tts', 1, 'project_activity_added_team_contact', 'SANJEEV CHAWLA ', '2020-03-26 13:02:08'),
(379, 47, 1, 0, 'Admin tts', 1, 'project_activity_added_team_member', 'Sivaneswaran S', '2020-03-26 13:03:14'),
(380, 47, 1, 0, 'Admin tts', 1, 'project_activity_created', '', '2020-03-26 13:03:21'),
(381, 47, 1, 0, 'Admin tts', 1, 'project_activity_added_team_contact', 'GIRIKUMAR SEENA NAIR ', '2020-03-26 13:03:22'),
(382, 48, 1, 0, 'Admin tts', 1, 'project_activity_added_team_member', 'Sivaneswaran S', '2020-03-26 13:04:24'),
(383, 48, 1, 0, 'Admin tts', 1, 'project_activity_created', '', '2020-03-26 13:04:31'),
(384, 48, 1, 0, 'Admin tts', 1, 'project_activity_added_team_contact', 'Suresh Sheth ', '2020-03-26 13:04:31'),
(385, 49, 1, 0, 'Admin tts', 1, 'project_activity_added_team_member', 'Sivaneswaran S', '2020-03-26 13:05:43'),
(386, 49, 1, 0, 'Admin tts', 1, 'project_activity_created', '', '2020-03-26 13:05:49'),
(387, 49, 1, 0, 'Admin tts', 1, 'project_activity_added_team_contact', 'Vipul Kotadia ', '2020-03-26 13:05:49'),
(388, 50, 1, 0, 'Admin tts', 1, 'project_activity_added_team_member', 'Sivaneswaran S', '2020-03-26 13:16:53'),
(389, 50, 1, 0, 'Admin tts', 1, 'project_activity_created', '', '2020-03-26 13:17:00'),
(390, 50, 1, 0, 'Admin tts', 1, 'project_activity_added_team_contact', 'SANTOSH FRANCIS DSOUZA ', '2020-03-26 13:17:00'),
(391, 51, 1, 0, 'Admin tts', 1, 'project_activity_added_team_member', 'Sivaneswaran S', '2020-03-26 13:19:07'),
(392, 51, 1, 0, 'Admin tts', 1, 'project_activity_created', '', '2020-03-26 13:19:14'),
(393, 51, 1, 0, 'Admin tts', 1, 'project_activity_added_team_contact', 'SAGAR TANEJA ', '2020-03-26 13:19:14'),
(394, 52, 1, 0, 'Admin tts', 1, 'project_activity_added_team_member', 'Sivaneswaran S', '2020-03-26 13:20:05'),
(395, 52, 1, 0, 'Admin tts', 1, 'project_activity_created', '', '2020-03-26 13:20:12'),
(396, 52, 1, 0, 'Admin tts', 1, 'project_activity_added_team_contact', 'KAUSHIK CHATTERJEE ', '2020-03-26 13:20:12'),
(397, 53, 1, 0, 'Admin tts', 1, 'project_activity_added_team_member', 'Sivaneswaran S', '2020-03-26 13:26:15'),
(398, 53, 1, 0, 'Admin tts', 1, 'project_activity_created', '', '2020-03-26 13:26:22'),
(399, 53, 1, 0, 'Admin tts', 1, 'project_activity_added_team_contact', 'devendra mehta ', '2020-03-26 13:26:22'),
(400, 54, 1, 0, 'Admin tts', 1, 'project_activity_added_team_member', 'Sivaneswaran S', '2020-03-26 13:32:52'),
(401, 54, 1, 0, 'Admin tts', 1, 'project_activity_created', '', '2020-03-26 13:32:59'),
(402, 54, 1, 0, 'Admin tts', 1, 'project_activity_added_team_contact', 'BHAVESHKUMAR TULSIDAS VYAS ', '2020-03-26 13:32:59'),
(403, 55, 1, 0, 'Admin tts', 1, 'project_activity_added_team_member', 'Sivaneswaran S', '2020-03-26 13:40:56'),
(404, 55, 1, 0, 'Admin tts', 1, 'project_activity_created', '', '2020-03-26 13:41:03'),
(405, 55, 1, 0, 'Admin tts', 1, 'project_activity_added_team_contact', 'Stojanovic Goran ', '2020-03-26 13:41:03'),
(406, 56, 1, 0, 'Admin tts', 1, 'project_activity_added_team_member', 'Sivaneswaran S', '2020-03-26 13:43:14'),
(407, 56, 1, 0, 'Admin tts', 1, 'project_activity_created', '', '2020-03-26 13:43:21'),
(408, 56, 1, 0, 'Admin tts', 1, 'project_activity_added_team_contact', 'ARUMUGAM OLAGANATHAN ', '2020-03-26 13:43:21'),
(409, 57, 1, 0, 'Admin tts', 1, 'project_activity_added_team_member', 'Sivaneswaran S', '2020-03-26 13:45:24'),
(410, 57, 1, 0, 'Admin tts', 1, 'project_activity_created', '', '2020-03-26 13:45:31'),
(411, 57, 1, 0, 'Admin tts', 1, 'project_activity_added_team_contact', 'ISHAN ASHOKKUMAR SHAH ', '2020-03-26 13:45:31'),
(412, 58, 1, 0, 'Admin tts', 1, 'project_activity_added_team_member', 'Sivaneswaran S', '2020-03-26 13:46:41'),
(413, 58, 1, 0, 'Admin tts', 1, 'project_activity_created', '', '2020-03-26 13:46:47'),
(414, 58, 1, 0, 'Admin tts', 1, 'project_activity_added_team_contact', 'Animesh Mohanta ', '2020-03-26 13:46:48'),
(415, 59, 1, 0, 'Admin tts', 1, 'project_activity_added_team_member', 'Sivaneswaran S', '2020-03-26 13:48:22'),
(416, 59, 1, 0, 'Admin tts', 1, 'project_activity_created', '', '2020-03-26 13:48:29'),
(417, 59, 1, 0, 'Admin tts', 1, 'project_activity_added_team_contact', 'Sandeep Sharma ', '2020-03-26 13:48:29'),
(418, 60, 1, 0, 'Admin tts', 1, 'project_activity_added_team_member', 'Sivaneswaran S', '2020-03-26 13:50:23'),
(419, 60, 1, 0, 'Admin tts', 1, 'project_activity_created', '', '2020-03-26 13:50:29'),
(420, 60, 1, 0, 'Admin tts', 1, 'project_activity_added_team_contact', 'BISWANATH SARKAR ', '2020-03-26 13:50:29'),
(421, 61, 1, 0, 'Admin tts', 1, 'project_activity_added_team_member', 'Sivaneswaran S', '2020-03-26 13:52:05'),
(422, 61, 1, 0, 'Admin tts', 1, 'project_activity_created', '', '2020-03-26 13:52:12'),
(423, 61, 1, 0, 'Admin tts', 1, 'project_activity_added_team_contact', 'Ashok Takkar ', '2020-03-26 13:52:12'),
(427, 63, 1, 0, 'Admin tts', 1, 'project_activity_added_team_member', 'Sivaneswaran S', '2020-03-26 13:55:41'),
(428, 63, 1, 0, 'Admin tts', 1, 'project_activity_created', '', '2020-03-26 13:55:48'),
(429, 63, 1, 0, 'Admin tts', 1, 'project_activity_added_team_contact', 'Suresh Sheth ', '2020-03-26 13:55:48'),
(430, 64, 1, 0, 'Admin tts', 1, 'project_activity_added_team_member', 'Sivaneswaran S', '2020-03-26 13:58:11'),
(431, 64, 1, 0, 'Admin tts', 1, 'project_activity_created', '', '2020-03-26 13:58:17'),
(432, 64, 1, 0, 'Admin tts', 1, 'project_activity_added_team_contact', 'KAUSHIK CHATTERJEE ', '2020-03-26 13:58:18'),
(433, 65, 1, 0, 'Admin tts', 1, 'project_activity_added_team_member', 'Sivaneswaran S', '2020-03-26 13:59:20'),
(434, 65, 1, 0, 'Admin tts', 1, 'project_activity_created', '', '2020-03-26 13:59:27'),
(435, 65, 1, 0, 'Admin tts', 1, 'project_activity_added_team_contact', 'devendra mehta ', '2020-03-26 13:59:27'),
(436, 66, 1, 0, 'Admin tts', 1, 'project_activity_added_team_member', 'Sivaneswaran S', '2020-03-26 16:18:24'),
(437, 66, 1, 0, 'Admin tts', 1, 'project_activity_created', '', '2020-03-26 16:18:32'),
(438, 66, 1, 0, 'Admin tts', 1, 'project_activity_added_team_contact', 'Bhupendra Tamhankar ', '2020-03-26 16:18:32'),
(439, 67, 1, 0, 'Admin tts', 1, 'project_activity_added_team_member', 'Sivaneswaran S', '2020-03-26 16:19:49'),
(440, 67, 1, 0, 'Admin tts', 1, 'project_activity_created', '', '2020-03-26 16:19:55'),
(441, 67, 1, 0, 'Admin tts', 1, 'project_activity_added_team_contact', 'HANUMANT TANAJI MANE ', '2020-03-26 16:19:56'),
(442, 68, 1, 0, 'Admin tts', 1, 'project_activity_added_team_member', 'Sivaneswaran S', '2020-03-26 16:22:15'),
(443, 68, 1, 0, 'Admin tts', 1, 'project_activity_created', '', '2020-03-26 16:22:22'),
(444, 68, 1, 0, 'Admin tts', 1, 'project_activity_added_team_contact', 'Jatinder Sharda ', '2020-03-26 16:22:22'),
(445, 69, 1, 0, 'Admin tts', 1, 'project_activity_added_team_member', 'Sivaneswaran S', '2020-03-26 16:25:49'),
(446, 69, 1, 0, 'Admin tts', 1, 'project_activity_created', '', '2020-03-26 16:25:55'),
(447, 69, 1, 0, 'Admin tts', 1, 'project_activity_added_team_contact', 'NITIN JAIN ', '2020-03-26 16:25:55'),
(448, 70, 1, 0, 'Admin tts', 1, 'project_activity_added_team_member', 'Sivaneswaran S', '2020-03-26 16:27:26'),
(449, 70, 1, 0, 'Admin tts', 1, 'project_activity_created', '', '2020-03-26 16:27:33'),
(450, 70, 1, 0, 'Admin tts', 1, 'project_activity_added_team_contact', 'PULAMATHI SHIVA RAO MOHAN KUMAR ', '2020-03-26 16:27:33'),
(451, 71, 1, 0, 'Admin tts', 1, 'project_activity_added_team_member', 'Sivaneswaran S', '2020-03-26 16:28:44'),
(452, 71, 1, 0, 'Admin tts', 1, 'project_activity_created', '', '2020-03-26 16:28:51'),
(453, 71, 1, 0, 'Admin tts', 1, 'project_activity_added_team_contact', 'Arul Balaji ', '2020-03-26 16:28:51'),
(454, 72, 1, 0, 'Admin tts', 1, 'project_activity_added_team_member', 'Sivaneswaran S', '2020-03-26 16:30:52'),
(455, 72, 1, 0, 'Admin tts', 1, 'project_activity_created', '', '2020-03-26 16:30:59'),
(456, 72, 1, 0, 'Admin tts', 1, 'project_activity_added_team_contact', 'RAJAT AGARWAL ', '2020-03-26 16:30:59'),
(457, 73, 1, 0, 'Admin tts', 1, 'project_activity_added_team_member', 'Sivaneswaran S', '2020-03-26 16:33:37'),
(458, 73, 1, 0, 'Admin tts', 1, 'project_activity_created', '', '2020-03-26 16:33:44'),
(459, 73, 1, 0, 'Admin tts', 1, 'project_activity_added_team_contact', 'Sudhir Budhrani ', '2020-03-26 16:33:44'),
(460, 74, 1, 0, 'Admin tts', 1, 'project_activity_added_team_member', 'Sivaneswaran S', '2020-03-26 16:35:52'),
(461, 74, 1, 0, 'Admin tts', 1, 'project_activity_created', '', '2020-03-26 16:35:59'),
(462, 74, 1, 0, 'Admin tts', 1, 'project_activity_added_team_contact', 'NEELAMBARI SACHIN UMALKAR ', '2020-03-26 16:35:59'),
(463, 75, 1, 0, 'Admin tts', 1, 'project_activity_added_team_member', 'Sivaneswaran S', '2020-03-26 16:42:11'),
(464, 75, 1, 0, 'Admin tts', 1, 'project_activity_created', '', '2020-03-26 16:42:18'),
(465, 75, 1, 0, 'Admin tts', 1, 'project_activity_added_team_contact', 'MANISHA MEHROTRA ', '2020-03-26 16:42:18'),
(466, 76, 1, 0, 'Admin tts', 1, 'project_activity_added_team_member', 'Sivaneswaran S', '2020-03-26 16:53:50'),
(467, 76, 1, 0, 'Admin tts', 1, 'project_activity_created', '', '2020-03-26 16:53:57'),
(468, 76, 1, 0, 'Admin tts', 1, 'project_activity_added_team_contact', 'Megha Sharma ', '2020-03-26 16:53:57'),
(469, 77, 1, 0, 'Admin tts', 1, 'project_activity_added_team_member', 'Sivaneswaran S', '2020-03-26 16:55:06'),
(470, 77, 1, 0, 'Admin tts', 1, 'project_activity_created', '', '2020-03-26 16:55:13'),
(471, 77, 1, 0, 'Admin tts', 1, 'project_activity_added_team_contact', 'Jignesh A Shah ', '2020-03-26 16:55:13'),
(472, 78, 1, 0, 'Admin tts', 1, 'project_activity_added_team_member', 'Sivaneswaran S', '2020-03-26 16:56:32'),
(473, 78, 1, 0, 'Admin tts', 1, 'project_activity_created', '', '2020-03-26 16:56:39'),
(474, 78, 1, 0, 'Admin tts', 1, 'project_activity_added_team_contact', 'Pawan Kumar Goyal ', '2020-03-26 16:56:39'),
(475, 79, 1, 0, 'Admin tts', 1, 'project_activity_added_team_member', 'Sivaneswaran S', '2020-03-26 16:58:03'),
(476, 79, 1, 0, 'Admin tts', 1, 'project_activity_created', '', '2020-03-26 16:58:10'),
(477, 79, 1, 0, 'Admin tts', 1, 'project_activity_added_team_contact', 'Amit Bhai ', '2020-03-26 16:58:10'),
(478, 80, 1, 0, 'Admin tts', 1, 'project_activity_added_team_member', 'Sivaneswaran S', '2020-03-26 16:59:10'),
(479, 80, 1, 0, 'Admin tts', 1, 'project_activity_created', '', '2020-03-26 16:59:16'),
(480, 80, 1, 0, 'Admin tts', 1, 'project_activity_added_team_contact', 'DHARMENDRA KUMAR ', '2020-03-26 16:59:17'),
(481, 81, 1, 0, 'Admin tts', 1, 'project_activity_added_team_member', 'Sivaneswaran S', '2020-03-26 17:04:27'),
(482, 81, 1, 0, 'Admin tts', 1, 'project_activity_created', '', '2020-03-26 17:04:34'),
(483, 81, 1, 0, 'Admin tts', 1, 'project_activity_added_team_contact', 'Kushal Shah ', '2020-03-26 17:04:34'),
(484, 82, 1, 0, 'Admin tts', 1, 'project_activity_added_team_member', 'Sivaneswaran S', '2020-03-26 17:06:04'),
(485, 82, 1, 0, 'Admin tts', 1, 'project_activity_created', '', '2020-03-26 17:06:11'),
(486, 82, 1, 0, 'Admin tts', 1, 'project_activity_added_team_contact', 'Kushal Shah ', '2020-03-26 17:06:11'),
(487, 83, 1, 0, 'Admin tts', 1, 'project_activity_added_team_member', 'Sivaneswaran S', '2020-03-26 17:07:56'),
(488, 83, 1, 0, 'Admin tts', 1, 'project_activity_created', '', '2020-03-26 17:08:03'),
(489, 83, 1, 0, 'Admin tts', 1, 'project_activity_added_team_contact', 'BAPPADITYA MAJUMDAR ', '2020-03-26 17:08:03'),
(490, 84, 1, 0, 'Admin tts', 1, 'project_activity_added_team_member', 'Sivaneswaran S', '2020-03-26 17:29:31'),
(491, 84, 1, 0, 'Admin tts', 1, 'project_activity_created', '', '2020-03-26 17:29:38'),
(492, 84, 1, 0, 'Admin tts', 1, 'project_activity_added_team_contact', 'Imran Ahmed Khan ', '2020-03-26 17:29:38'),
(493, 85, 1, 0, 'Admin tts', 1, 'project_activity_added_team_member', 'Sivaneswaran S', '2020-03-26 17:31:02'),
(494, 85, 1, 0, 'Admin tts', 1, 'project_activity_created', '', '2020-03-26 17:31:08'),
(495, 85, 1, 0, 'Admin tts', 1, 'project_activity_added_team_contact', 'R Satish Kumar ', '2020-03-26 17:31:09'),
(496, 86, 1, 0, 'Admin tts', 1, 'project_activity_added_team_member', 'Sivaneswaran S', '2020-03-26 17:35:24'),
(497, 86, 1, 0, 'Admin tts', 1, 'project_activity_created', '', '2020-03-26 17:35:31'),
(498, 86, 1, 0, 'Admin tts', 1, 'project_activity_added_team_contact', 'Jaydeep  S. Patel ', '2020-03-26 17:35:31'),
(499, 87, 1, 0, 'Admin tts', 1, 'project_activity_added_team_member', 'Sivaneswaran S', '2020-03-26 17:36:55'),
(500, 87, 1, 0, 'Admin tts', 1, 'project_activity_created', '', '2020-03-26 17:37:02'),
(501, 87, 1, 0, 'Admin tts', 1, 'project_activity_added_team_contact', 'NANDLAL SHARMA ', '2020-03-26 17:37:02'),
(502, 88, 1, 0, 'Admin tts', 1, 'project_activity_added_team_member', 'Sivaneswaran S', '2020-03-26 17:39:39'),
(503, 88, 1, 0, 'Admin tts', 1, 'project_activity_created', '', '2020-03-26 17:39:46'),
(504, 88, 1, 0, 'Admin tts', 1, 'project_activity_added_team_contact', 'chinthana senevirathne ', '2020-03-26 17:39:46'),
(505, 24, 1, 0, 'Admin tts', 1, 'project_activity_updated', '', '2020-03-26 20:33:19'),
(506, 21, 1, 0, 'Admin tts', 1, 'project_activity_updated', '', '2020-03-26 20:34:00'),
(507, 26, 1, 0, 'Admin tts', 1, 'project_activity_updated', '', '2020-03-26 20:34:18'),
(508, 27, 1, 0, 'Admin tts', 1, 'project_activity_updated', '', '2020-03-26 20:34:36'),
(509, 41, 1, 0, 'Admin tts', 1, 'project_activity_updated', '', '2020-03-26 20:34:56'),
(510, 42, 1, 0, 'Admin tts', 1, 'project_activity_updated', '', '2020-03-26 20:35:16'),
(511, 45, 1, 0, 'Admin tts', 1, 'project_activity_updated', '', '2020-03-26 20:35:52'),
(512, 23, 1, 0, 'Admin tts', 1, 'project_activity_updated', '', '2020-03-26 20:36:18');
INSERT INTO `tblproject_activity` (`id`, `project_id`, `staff_id`, `contact_id`, `fullname`, `visible_to_customer`, `description_key`, `additional_data`, `dateadded`) VALUES
(513, 29, 1, 0, 'Admin tts', 1, 'project_activity_updated', '', '2020-03-26 20:36:36'),
(514, 30, 1, 0, 'Admin tts', 1, 'project_activity_updated', '', '2020-03-26 20:36:55'),
(515, 31, 1, 0, 'Admin tts', 1, 'project_activity_updated', '', '2020-03-26 20:37:17'),
(516, 33, 1, 0, 'Admin tts', 1, 'project_activity_updated', '', '2020-03-26 20:37:35'),
(517, 25, 1, 0, 'Admin tts', 1, 'project_activity_updated', '', '2020-03-26 20:39:22'),
(518, 20, 1, 0, 'Admin tts', 1, 'project_activity_updated', '', '2020-03-27 09:30:24'),
(519, 20, 1, 0, 'Admin tts', 1, 'project_status_updated', '<b><lang>project_status_</lang></b>', '2020-03-27 09:30:26'),
(520, 55, 1, 0, 'Admin tts', 1, 'project_activity_updated', '', '2020-03-27 09:33:45'),
(521, 54, 1, 0, 'Admin tts', 1, 'project_activity_updated', '', '2020-03-27 09:34:28'),
(522, 56, 1, 0, 'Admin tts', 1, 'project_activity_updated', '', '2020-03-27 09:47:26'),
(523, 56, 1, 0, 'Admin tts', 1, 'project_status_updated', '<b><lang>project_status_1</lang></b>', '2020-03-27 09:47:27'),
(524, 57, 1, 0, 'Admin tts', 1, 'project_activity_updated', '', '2020-03-27 10:05:29'),
(525, 57, 1, 0, 'Admin tts', 1, 'project_status_updated', '<b><lang>project_status_1</lang></b>', '2020-03-27 10:05:30'),
(526, 34, 1, 0, 'Admin tts', 1, 'project_activity_updated', '', '2020-03-27 10:06:31'),
(527, 34, 1, 0, 'Admin tts', 1, 'project_status_updated', '<b><lang>project_status_1</lang></b>', '2020-03-27 10:06:32'),
(528, 35, 1, 0, 'Admin tts', 1, 'project_activity_updated', '', '2020-03-27 10:07:08'),
(529, 35, 1, 0, 'Admin tts', 1, 'project_status_updated', '<b><lang>project_status_1</lang></b>', '2020-03-27 10:07:09'),
(530, 58, 1, 0, 'Admin tts', 1, 'project_activity_updated', '', '2020-03-27 10:07:53'),
(531, 37, 1, 0, 'Admin tts', 1, 'project_activity_updated', '', '2020-03-27 10:08:32'),
(532, 39, 1, 0, 'Admin tts', 1, 'project_activity_updated', '', '2020-03-27 10:09:05'),
(533, 40, 1, 0, 'Admin tts', 1, 'project_activity_updated', '', '2020-03-27 10:09:38'),
(534, 61, 1, 0, 'Admin tts', 1, 'project_activity_updated', '', '2020-03-27 10:30:34'),
(535, 46, 1, 0, 'Admin tts', 1, 'project_activity_updated', '', '2020-03-27 10:37:05'),
(536, 46, 1, 0, 'Admin tts', 1, 'project_status_updated', '<b><lang>project_status_1</lang></b>', '2020-03-27 10:37:07'),
(537, 49, 1, 0, 'Admin tts', 1, 'project_activity_updated', '', '2020-03-27 10:38:12'),
(538, 49, 1, 0, 'Admin tts', 1, 'project_status_updated', '<b><lang>project_status_1</lang></b>', '2020-03-27 10:38:13'),
(539, 50, 1, 0, 'Admin tts', 1, 'project_activity_updated', '', '2020-03-27 10:38:43'),
(540, 50, 1, 0, 'Admin tts', 1, 'project_status_updated', '<b><lang>project_status_1</lang></b>', '2020-03-27 10:38:44'),
(541, 51, 1, 0, 'Admin tts', 1, 'project_activity_updated', '', '2020-03-27 10:39:10'),
(542, 64, 1, 0, 'Admin tts', 1, 'project_activity_updated', '', '2020-03-27 10:39:33'),
(543, 65, 1, 0, 'Admin tts', 1, 'project_activity_updated', '', '2020-03-27 10:40:25'),
(544, 66, 1, 0, 'Admin tts', 1, 'project_activity_updated', '', '2020-03-27 10:40:54'),
(545, 68, 1, 0, 'Admin tts', 1, 'project_activity_updated', '', '2020-03-27 10:41:21'),
(546, 69, 1, 0, 'Admin tts', 1, 'project_activity_updated', '', '2020-03-27 10:41:51'),
(547, 70, 1, 0, 'Admin tts', 1, 'project_activity_updated', '', '2020-03-27 10:42:17'),
(548, 72, 1, 0, 'Admin tts', 1, 'project_activity_updated', '', '2020-03-27 10:43:08'),
(549, 73, 1, 0, 'Admin tts', 1, 'project_activity_updated', '', '2020-03-27 10:43:42'),
(550, 74, 1, 0, 'Admin tts', 1, 'project_activity_updated', '', '2020-03-27 10:47:59'),
(551, 76, 1, 0, 'Admin tts', 1, 'project_activity_updated', '', '2020-03-27 10:48:35'),
(552, 77, 1, 0, 'Admin tts', 1, 'project_activity_updated', '', '2020-03-27 10:49:04'),
(553, 78, 1, 0, 'Admin tts', 1, 'project_activity_updated', '', '2020-03-27 10:50:01'),
(554, 79, 1, 0, 'Admin tts', 1, 'project_activity_updated', '', '2020-03-27 10:50:30'),
(555, 80, 1, 0, 'Admin tts', 1, 'project_activity_updated', '', '2020-03-27 10:51:24'),
(556, 81, 1, 0, 'Admin tts', 1, 'project_activity_updated', '', '2020-03-27 10:52:04'),
(557, 82, 1, 0, 'Admin tts', 1, 'project_activity_updated', '', '2020-03-27 10:52:38'),
(558, 83, 1, 0, 'Admin tts', 1, 'project_activity_updated', '', '2020-03-27 10:53:21'),
(559, 84, 1, 0, 'Admin tts', 1, 'project_activity_updated', '', '2020-03-27 10:53:59'),
(560, 85, 1, 0, 'Admin tts', 1, 'project_activity_updated', '', '2020-03-27 10:55:21'),
(561, 86, 1, 0, 'Admin tts', 1, 'project_activity_updated', '', '2020-03-27 10:56:10'),
(562, 87, 1, 0, 'Admin tts', 1, 'project_activity_updated', '', '2020-03-27 10:57:08'),
(563, 88, 1, 0, 'Admin tts', 1, 'project_activity_updated', '', '2020-03-27 10:57:47'),
(564, 22, 1, 0, 'Admin tts', 1, 'project_activity_updated', '', '2020-03-27 10:58:17'),
(565, 22, 1, 0, 'Admin tts', 1, 'project_status_updated', '<b><lang>project_status_1</lang></b>', '2020-03-27 10:58:18'),
(566, 16, 1, 0, 'Admin tts', 1, 'project_activity_updated', '', '2020-03-27 10:58:49'),
(567, 17, 1, 0, 'Admin tts', 1, 'project_activity_updated', '', '2020-03-27 10:59:26'),
(568, 17, 1, 0, 'Admin tts', 1, 'project_status_updated', '<b><lang>project_status_1</lang></b>', '2020-03-27 10:59:27'),
(569, 10, 1, 0, 'Admin tts', 1, 'project_stage_updated', '<b><lang>project-status-1</lang></b>', '2020-03-27 17:29:54'),
(570, 10, 1, 0, 'Admin tts', 1, 'project_stage_updated', '<b><lang>project-status-0</lang></b>', '2020-03-27 17:30:00'),
(571, 10, 1, 0, 'Admin tts', 1, 'project_stage_updated', '<b><lang>project-status-2</lang></b>', '2020-03-27 17:30:06'),
(572, 10, 1, 0, 'Admin tts', 1, 'project_stage_updated', '<b><lang>project-status-0</lang></b>', '2020-03-27 17:30:11'),
(573, 18, 1, 0, 'Admin tts', 0, 'project_activity_new_task_assignee', 'when we can discuss - Sivaneswaran S', '2020-03-28 22:24:44'),
(574, 18, 1, 0, 'Admin tts', 0, 'project_activity_new_task_comment', 'when we can discuss', '2020-03-28 22:25:05'),
(575, 89, 1, 0, 'Admin tts', 1, 'project_activity_added_team_member', 'James G', '2020-03-29 10:32:27'),
(576, 89, 1, 0, 'Admin tts', 1, 'project_activity_created', '', '2020-03-29 10:32:35'),
(577, 89, 1, 0, 'Admin tts', 1, 'project_activity_added_team_contact', 'Sundara Kumar person', '2020-03-29 10:32:35'),
(578, 89, 1, 0, 'Admin tts', 1, 'project_activity_added_team_contact', 'Arjundurai Rajasankar', '2020-03-29 10:32:36'),
(579, 13, 1, 0, 'Admin tts', 1, 'project_activity_updated', '', '2020-03-29 12:21:50'),
(580, 13, 1, 0, 'Admin tts', 1, 'project_activity_added_team_contact', 'Anant Nayak ', '2020-03-29 20:59:29'),
(581, 13, 1, 0, 'Admin tts', 1, 'project_activity_removed_team_contact', 'Naeem Shahzad ', '2020-03-29 20:59:40'),
(582, 13, 1, 0, 'Admin tts', 1, 'project_activity_added_team_contact', 'Naeem Shahzad ', '2020-03-29 21:00:19'),
(583, 14, 1, 0, 'Admin tts', 0, 'project_activity_new_task_assignee', 'Activity against Organization - Admin tts', '2020-03-29 21:00:42'),
(584, 18, 1, 0, 'Admin tts', 1, 'project_activity_updated', '', '2020-03-29 21:04:06'),
(585, 18, 1, 0, 'Admin tts', 1, 'project_status_updated', '<b><lang>project_status_</lang></b>', '2020-03-29 21:04:08'),
(586, 18, 1, 0, 'Admin tts', 1, 'project_activity_updated', '', '2020-03-29 21:04:08'),
(587, 18, 1, 0, 'Admin tts', 1, 'project_activity_added_team_contact', 'Shanmugam ', '2020-03-30 12:39:17'),
(588, 18, 1, 0, 'Admin tts', 1, 'project_activity_added_team_contact', 'Ramesh Kumar ', '2020-03-30 12:39:18'),
(589, 18, 1, 0, 'Admin tts', 1, 'project_activity_added_team_contact', 'Sarath ', '2020-03-30 12:39:18'),
(590, 18, 1, 0, 'Admin tts', 1, 'project_activity_added_team_contact', 'Stojanovic Goran ', '2020-03-30 12:39:18'),
(591, 18, 1, 0, 'Admin tts', 1, 'project_activity_removed_team_contact', 'Ramesh Kumar ', '2020-03-30 12:40:09'),
(592, 18, 1, 0, 'Admin tts', 1, 'project_activity_added_team_contact', 'Hema Latha ', '2020-03-30 12:41:29'),
(593, 18, 1, 0, 'Admin tts', 1, 'project_stage_updated', '<b><lang>project-status-1</lang></b>', '2020-03-30 13:20:02'),
(594, 10, 1, 0, 'Admin tts', 1, 'project_stage_updated', '<b><lang>project-status-1</lang></b>', '2020-04-02 11:15:32'),
(595, 10, 1, 0, 'Admin tts', 1, 'project_stage_updated', '<b><lang>project-status-0</lang></b>', '2020-04-02 11:16:02'),
(596, 10, 1, 0, 'Admin tts', 1, 'project_activity_added_team_contact', 'test c ', '2020-04-02 11:18:51'),
(597, 10, 1, 0, 'Admin tts', 1, 'project_activity_task_marked_complete', 'intro E-mail', '2020-04-02 11:27:35'),
(598, 90, 1, 0, 'Admin tts', 1, 'project_activity_added_team_member', 'James G', '2020-04-02 16:20:12'),
(599, 90, 1, 0, 'Admin tts', 1, 'project_activity_created', '', '2020-04-02 16:20:18'),
(600, 90, 1, 0, 'Admin tts', 1, 'project_activity_added_team_contact', 'Customer Name', '2020-04-02 16:20:19'),
(601, 90, 1, 0, 'Admin tts', 1, 'project_activity_added_team_contact', 'Sundara Kumar person', '2020-04-02 16:20:19'),
(602, 90, 1, 0, 'Admin tts', 1, 'project_activity_added_team_contact', 'Arjundurai Rajasankar', '2020-04-02 16:20:19'),
(603, 90, 1, 0, 'Admin tts', 1, 'project_activity_new_task_assignee', 'Visit tts - James G', '2020-04-02 16:53:27'),
(615, 19, 1, 0, 'Admin tts', 1, 'project_status_updated', '<b><lang>project_status_6</lang></b>', '2020-04-03 15:03:44'),
(616, 19, 1, 0, 'Admin tts', 1, 'project_status_updated', '<b><lang>project_status_5</lang></b>', '2020-04-03 15:03:47'),
(617, 92, 1, 0, 'Admin tts', 1, 'project_activity_added_team_member', 'Sivaneswaran S', '2020-04-04 11:13:39'),
(618, 92, 1, 0, 'Admin tts', 1, 'project_activity_created', '', '2020-04-04 11:13:46'),
(619, 92, 1, 0, 'Admin tts', 1, 'project_activity_added_team_contact', 'Sajith Krishna  ', '2020-04-04 11:13:46'),
(620, 92, 1, 0, 'Admin tts', 1, 'project_activity_new_task_assignee', 'Call - Sivaneswaran S', '2020-04-04 11:16:54'),
(621, 92, 1, 0, 'Admin tts', 1, 'project_activity_task_marked_complete', 'Call', '2020-04-04 11:22:16'),
(622, 92, 1, 0, 'Admin tts', 1, 'project_activity_new_task_assignee', 'Call - Sivaneswaran S', '2020-04-04 11:22:28'),
(623, 92, 1, 0, 'Admin tts', 1, 'project_activity_added_team_contact', 'Arjun krishna ', '2020-04-04 11:31:07'),
(624, 92, 1, 0, 'Admin tts', 0, 'project_activity_uploaded_file', 'Proposed Toilet Options.pdf', '2020-04-04 11:39:57'),
(625, 92, 1, 0, 'Admin tts', 1, 'project_activity_uploaded_file', 'Proposed Toilet Options (1).pdf', '2020-04-04 11:42:34'),
(626, 92, 1, 0, 'Admin tts', 1, 'project_activity_updated', '', '2020-04-04 11:47:29'),
(627, 92, 1, 0, 'Admin tts', 1, 'project_activity_updated', '', '2020-04-04 11:47:29'),
(628, 92, 1, 0, 'Admin tts', 1, 'project_status_updated', '<b><lang>project_status_</lang></b>', '2020-04-04 11:47:30'),
(629, 92, 1, 0, 'Admin tts', 1, 'project_activity_updated', '', '2020-04-04 11:47:31'),
(630, 92, 1, 0, 'Admin tts', 1, 'project_activity_updated', '', '2020-04-04 11:47:31'),
(631, 92, 1, 0, 'Admin tts', 1, 'project_status_updated', '<b><lang>project_status_</lang></b>', '2020-04-04 11:47:32'),
(632, 21, 1, 0, 'Admin tts', 1, 'project_activity_updated', '', '2020-04-06 16:31:38'),
(633, 21, 1, 0, 'Admin tts', 1, 'project_status_updated', '<b><lang>project_status_3</lang></b>', '2020-04-06 16:31:40'),
(634, 21, 1, 0, 'Admin tts', 1, 'project_activity_updated', '', '2020-04-06 16:31:51'),
(635, 21, 1, 0, 'Admin tts', 1, 'project_status_updated', '<b><lang>project_status_2</lang></b>', '2020-04-06 16:31:52'),
(636, 21, 1, 0, 'Admin tts', 1, 'project_activity_updated', '', '2020-04-06 16:32:15'),
(637, 93, 1, 0, 'Admin tts', 1, 'project_activity_added_team_member', 'Sivaneswaran S', '2020-04-07 12:45:15'),
(638, 93, 1, 0, 'Admin tts', 1, 'project_activity_created', '', '2020-04-07 12:45:22'),
(639, 93, 1, 0, 'Admin tts', 1, 'project_activity_added_team_contact', 'Ramana Murthy - CLM & IT Head ', '2020-04-07 12:45:22'),
(640, 93, 1, 0, 'Admin tts', 0, 'project_activity_new_task_assignee', 'Call - Sivaneswaran S', '2020-04-07 12:55:08'),
(641, 94, 1, 0, 'Admin tts', 1, 'project_activity_added_team_member', 'Sivaneswaran S', '2020-04-07 14:27:02'),
(642, 94, 1, 0, 'Admin tts', 1, 'project_activity_created', '', '2020-04-07 14:27:09'),
(643, 94, 1, 0, 'Admin tts', 1, 'project_activity_added_team_contact', 'Amrut Dash ', '2020-04-07 14:27:09'),
(644, 94, 1, 0, 'Admin tts', 1, 'project_activity_updated', '', '2020-04-07 14:27:39'),
(645, 94, 1, 0, 'Admin tts', 1, 'project_status_updated', '<b><lang>project_status_</lang></b>', '2020-04-07 14:27:40'),
(646, 94, 1, 0, 'Admin tts', 1, 'project_activity_updated', '', '2020-04-07 14:27:40'),
(647, 94, 1, 0, 'Admin tts', 1, 'project_activity_updated', '', '2020-04-07 14:27:41'),
(648, 94, 1, 0, 'Admin tts', 1, 'project_status_updated', '<b><lang>project_status_</lang></b>', '2020-04-07 14:27:42'),
(649, 94, 1, 0, 'Admin tts', 1, 'project_activity_updated', '', '2020-04-07 14:27:42'),
(650, 94, 1, 0, 'Admin tts', 1, 'project_activity_updated', '', '2020-04-07 14:27:42'),
(651, 94, 1, 0, 'Admin tts', 1, 'project_status_updated', '<b><lang>project_status_</lang></b>', '2020-04-07 14:27:43'),
(652, 94, 1, 0, 'Admin tts', 1, 'project_activity_updated', '', '2020-04-07 14:27:43'),
(653, 94, 1, 0, 'Admin tts', 0, 'project_activity_new_task_assignee', 'Call - Sivaneswaran S', '2020-04-07 14:32:34'),
(654, 94, 1, 0, 'Admin tts', 0, 'project_activity_new_task_assignee', 'E-mail - Admin tts', '2020-04-07 14:33:51'),
(655, 94, 1, 0, 'Admin tts', 0, 'project_activity_new_task_assignee', 'E-mail - Admin tts', '2020-04-07 14:34:39'),
(656, 94, 1, 0, 'Admin tts', 0, 'project_activity_new_task_comment', 'Call', '2020-04-07 14:35:55'),
(657, 94, 1, 0, 'Admin tts', 0, 'project_activity_task_marked_complete', 'Call', '2020-04-07 14:36:25'),
(658, 7, 1, 0, 'Admin tts', 1, 'project_activity_added_team_member', 'Sivaneswaran S', '2020-04-07 14:53:00'),
(659, 10, 1, 0, 'Admin tts', 1, 'project_activity_new_task_comment', 'E-mail', '2020-04-08 12:57:12'),
(660, 3, 1, 0, 'Admin tts', 1, 'project_activity_new_task_comment', 'call 12 02 2020', '2020-04-08 13:27:10'),
(661, 3, 1, 0, 'Admin tts', 1, 'project_activity_task_timesheet_deleted', 'call 12 02 2020<br /><seconds>26</seconds>', '2020-04-08 13:44:21'),
(662, 50, 1, 0, 'Admin tts', 1, 'project_activity_added_team_member', 'William G', '2020-04-08 14:12:02'),
(663, 95, 1, 0, 'Admin tts', 1, 'project_activity_added_team_member', 'Andrew G', '2020-04-08 16:47:53'),
(664, 95, 1, 0, 'Admin tts', 1, 'project_activity_created', '', '2020-04-08 16:48:00'),
(665, 95, 1, 0, 'Admin tts', 0, 'project_activity_new_task_assignee', 'Online Demo - James G', '2020-04-08 17:57:25'),
(666, 95, 1, 0, 'Admin tts', 1, 'project_activity_updated', '', '2020-04-09 14:11:48'),
(667, 95, 1, 0, 'Admin tts', 1, 'project_status_updated', '<b><lang>project_status_1</lang></b>', '2020-04-09 14:11:49'),
(668, 95, 1, 0, 'Admin tts', 1, 'project_status_updated', '<b><lang>project_status_2</lang></b>', '2020-04-09 14:12:01'),
(669, 96, 1, 0, 'Admin tts', 1, 'project_activity_created', '', '2020-05-02 11:54:36'),
(670, 96, 1, 0, 'Admin tts', 0, 'project_activity_new_task_assignee', 'Call - Admin tts', '2020-05-02 12:36:06'),
(671, 96, 1, 0, 'Admin tts', 0, 'project_activity_new_task_assignee', 'Call - Admin tts', '2020-05-02 12:59:58'),
(672, 96, 1, 0, 'Admin tts', 0, 'project_activity_task_marked_complete', 'Call', '2020-05-02 13:02:15'),
(673, 96, 1, 0, 'Admin tts', 0, 'project_activity_new_task_assignee', 'Call - Admin tts', '2020-05-02 13:02:15'),
(674, 18, 1, 0, 'Admin tts', 0, 'project_activity_new_task_assignee', 'Call - Sivaneswaran S', '2020-05-05 14:09:13'),
(675, 14, 1, 0, 'Admin tts', 0, 'project_activity_new_task_assignee', 'Visit - Max G', '2020-05-05 14:10:06'),
(676, 14, 1, 0, 'Admin tts', 0, 'project_activity_new_task_assignee', 'Visit - Admin tts', '2020-05-05 14:13:49'),
(677, 6, 1, 0, 'Admin tts', 1, 'project_activity_new_task_assignee', 'Visit - Admin tts', '2020-05-05 14:19:10'),
(678, 7, 1, 0, 'Admin tts', 1, 'project_activity_new_task_assignee', 'Direct Visit - Max G', '2020-05-05 14:19:47'),
(679, 21, 1, 0, 'Admin tts', 0, 'project_activity_new_task_assignee', 'Cold Call - Richard G', '2020-05-05 14:20:25'),
(680, 64, 1, 0, 'Admin tts', 0, 'project_activity_new_task_assignee', 'Trial Account - Andrew G', '2020-05-05 14:21:38'),
(681, 57, 1, 0, 'Admin tts', 0, 'project_activity_new_task_assignee', 'Transit  - Andrew G', '2020-05-05 14:22:32'),
(682, 21, 1, 0, 'Admin tts', 0, 'project_activity_new_task_assignee', 'Transit  - Admin tts', '2020-05-05 14:22:56'),
(683, 93, 1, 0, 'Admin tts', 0, 'project_activity_new_task_assignee', 'Cold Call - Max G', '2020-05-05 14:24:30'),
(684, 5, 1, 0, 'Admin tts', 1, 'project_activity_new_task_assignee', 'Proposal - Max G', '2020-05-05 14:25:02'),
(685, 30, 1, 0, 'Admin tts', 0, 'project_activity_new_task_assignee', 'Online Demo - James G', '2020-05-05 14:25:37'),
(686, 14, 1, 0, 'Admin tts', 0, 'project_activity_task_marked_complete', 'Visit', '2020-05-05 14:26:06'),
(687, 23, 1, 0, 'Admin tts', 0, 'project_activity_new_task_assignee', 'Call - Max G', '2020-05-05 14:27:04'),
(688, 37, 1, 0, 'Admin tts', 0, 'project_activity_new_task_assignee', 'E-mail - James G', '2020-05-05 14:28:04'),
(689, 97, 1, 0, 'Admin tts', 1, 'project_activity_added_team_member', 'James G', '2020-05-05 15:27:00'),
(690, 97, 1, 0, 'Admin tts', 1, 'project_activity_created', '', '2020-05-05 15:27:07'),
(691, 97, 1, 0, 'Admin tts', 1, 'project_activity_added_team_contact', 'Amit Kumar Singh ', '2020-05-05 15:27:07'),
(692, 97, 1, 0, 'Admin tts', 1, 'project_activity_added_team_contact', 'Anant Nayak ', '2020-05-05 15:28:08'),
(693, 97, 1, 0, 'Admin tts', 0, 'project_activity_new_task_assignee', 'Direct Visit - James G', '2020-05-05 15:29:00'),
(694, 8, 1, 0, 'Admin tts', 1, 'project_status_updated', '<b><lang>project_status_5</lang></b>', '2020-05-05 15:32:12'),
(695, 8, 1, 0, 'Admin tts', 1, 'project_status_updated', '<b><lang>project_status_6</lang></b>', '2020-05-05 15:32:19'),
(696, 98, 1, 0, 'Admin tts', 1, 'project_activity_added_team_member', 'James G', '2020-05-05 15:40:20'),
(697, 98, 1, 0, 'Admin tts', 1, 'project_activity_created', '', '2020-05-05 15:40:27'),
(698, 98, 1, 0, 'Admin tts', 1, 'project_activity_added_team_contact', 'Arun ', '2020-05-05 15:40:27'),
(699, 98, 1, 0, 'Admin tts', 1, 'project_activity_added_team_contact', 'Ranga Rao ', '2020-05-05 15:41:25'),
(700, 98, 1, 0, 'Admin tts', 0, 'project_activity_uploaded_file', 'Day Report.pdf', '2020-05-05 15:42:09'),
(701, 98, 1, 0, 'Admin tts', 0, 'project_activity_new_task_assignee', 'Call - Admin tts', '2020-05-05 15:46:52'),
(702, 98, 1, 0, 'Admin tts', 0, 'project_activity_task_marked_complete', 'Call', '2020-05-05 15:48:03'),
(703, 99, 1, 0, 'Admin tts', 1, 'project_activity_added_team_member', 'James G', '2020-05-19 13:31:26'),
(704, 99, 1, 0, 'Admin tts', 1, 'project_activity_created', '', '2020-05-19 13:31:33'),
(705, 99, 1, 0, 'Admin tts', 1, 'project_activity_added_team_contact', 'Hitesh ', '2020-05-19 13:31:34'),
(706, 100, 1, 0, 'Admin tts', 1, 'project_activity_added_team_member', 'James G', '2020-05-19 13:33:11'),
(707, 100, 1, 0, 'Admin tts', 1, 'project_activity_created', '', '2020-05-19 13:33:18'),
(708, 100, 1, 0, 'Admin tts', 1, 'project_activity_added_team_contact', 'Hitesh ', '2020-05-19 13:33:18'),
(709, 101, 1, 0, 'Admin tts', 1, 'project_activity_added_team_member', 'James G', '2020-05-19 15:30:15'),
(710, 101, 1, 0, 'Admin tts', 1, 'project_activity_created', '', '2020-05-19 15:30:22'),
(711, 101, 1, 0, 'Admin tts', 1, 'project_activity_added_team_contact', 'A K Sharma ', '2020-05-19 15:30:22'),
(712, 99, 1, 0, 'Admin tts', 0, 'project_activity_new_task_assignee', 'Visit - James G', '2020-05-19 15:32:24'),
(713, 14, 1, 0, 'Admin tts', 1, 'project_status_updated', '<b><lang>project_status_7</lang></b>', '2020-05-19 15:35:20'),
(714, 8, 1, 0, 'Admin tts', 1, 'project_status_updated', '<b><lang>project_status_7</lang></b>', '2020-05-19 15:35:26'),
(715, 38, 1, 0, 'Admin tts', 1, 'project_status_updated', '<b><lang>project_status_3</lang></b>', '2020-05-19 16:01:05'),
(716, 38, 1, 0, 'Admin tts', 1, 'project_marked_as_finished', '', '2020-05-19 16:01:07'),
(717, 9, 1, 0, 'Admin tts', 1, 'project_status_updated', '<b><lang>project_status_7</lang></b>', '2020-05-19 16:01:11'),
(718, 9, 1, 0, 'Admin tts', 1, 'project_status_updated', '<b><lang>project_status_6</lang></b>', '2020-05-19 16:01:14'),
(719, 9, 1, 0, 'Admin tts', 1, 'project_status_updated', '<b><lang>project_status_5</lang></b>', '2020-05-19 16:01:21'),
(720, 8, 1, 0, 'Admin tts', 1, 'project_status_updated', '<b><lang>project_status_8</lang></b>', '2020-05-19 16:01:24'),
(721, 8, 1, 0, 'Admin tts', 1, 'project_status_updated', '<b><lang>project_status_7</lang></b>', '2020-05-19 16:01:25'),
(722, 14, 1, 0, 'Admin tts', 1, 'project_status_updated', '<b><lang>project_status_6</lang></b>', '2020-05-19 16:01:28'),
(723, 18, 1, 0, 'Admin tts', 1, 'project_status_updated', '<b><lang>project_status_7</lang></b>', '2020-05-19 16:01:28'),
(724, 3, 1, 0, 'Admin tts', 1, 'project_status_updated', '<b><lang>project_status_8</lang></b>', '2020-05-19 16:01:33'),
(725, 100, 1, 0, 'Admin tts', 1, 'project_activity_updated', '', '2020-05-29 17:25:42'),
(726, 100, 1, 0, 'Admin tts', 0, 'project_activity_new_task_assignee', 'E-mail - Admin tts', '2020-05-29 17:26:26'),
(727, 100, 1, 0, 'Admin tts', 1, 'project_stage_updated', '<b><lang>project-status-1</lang></b>', '2020-05-29 17:27:28'),
(728, 100, 1, 0, 'Admin tts', 0, 'project_activity_new_task_assignee', 'Visit - James G', '2020-05-29 17:29:21'),
(729, 100, 1, 0, 'Admin tts', 0, 'project_activity_new_task_comment', 'Visit', '2020-05-29 17:29:35'),
(730, 100, 1, 0, 'Admin tts', 0, 'project_activity_task_marked_complete', 'Visit', '2020-05-29 17:31:47'),
(731, 100, 1, 0, 'Admin tts', 0, 'project_activity_task_marked_complete', 'E-mail', '2020-05-29 17:31:54'),
(732, 102, 1, 0, 'Admin tts', 1, 'project_activity_added_team_member', 'James G', '2020-05-30 08:18:35'),
(733, 102, 1, 0, 'Admin tts', 1, 'project_activity_created', '', '2020-05-30 08:18:42'),
(734, 102, 1, 0, 'Admin tts', 1, 'project_activity_added_team_contact', 'Sundara Kumar person', '2020-05-30 08:18:43'),
(735, 102, 1, 0, 'Admin tts', 1, 'project_activity_added_team_contact', 'Pradeep ', '2020-05-30 08:18:43'),
(736, 102, 1, 0, 'Admin tts', 1, 'project_activity_new_task_assignee', 'Negotiation - James G', '2020-05-30 08:21:31'),
(737, 102, 1, 0, 'Admin tts', 1, 'project_activity_task_marked_complete', 'Negotiation', '2020-05-30 08:21:52'),
(738, 102, 1, 0, 'Admin tts', 1, 'project_status_updated', '<b><lang>project_status_6</lang></b>', '2020-05-30 08:29:24'),
(739, 100, 1, 0, 'Admin tts', 0, 'project_activity_uploaded_file', '1.jpg', '2020-05-30 08:56:03'),
(740, 99, 1, 0, 'Admin tts', 1, 'project_status_updated', '<b><lang>project_status_5</lang></b>', '2020-05-31 16:51:14'),
(741, 102, 1, 0, 'Admin tts', 1, 'project_activity_new_task_assignee', 'E-mail - Admin tts', '2020-06-01 14:54:19'),
(742, 102, 1, 0, 'Admin tts', 1, 'project_activity_updated', '', '2020-06-01 14:55:34'),
(743, 102, 1, 0, 'Admin tts', 1, 'project_activity_updated', '', '2020-06-01 14:55:34'),
(744, 102, 1, 0, 'Admin tts', 1, 'project_status_updated', '<b><lang>project_status_</lang></b>', '2020-06-01 14:55:35'),
(745, 8, 1, 0, 'Admin tts', 1, 'project_status_updated', '<b><lang>project_status_8</lang></b>', '2020-06-03 23:11:35'),
(746, 7, 1, 0, 'Admin tts', 1, 'project_activity_updated', '', '2020-06-07 18:12:41'),
(747, 6, 1, 0, 'Admin tts', 1, 'project_activity_updated', '', '2020-06-08 17:13:55'),
(748, 6, 1, 0, 'Admin tts', 1, 'project_status_updated', '<b><lang>project_status_</lang></b>', '2020-06-08 17:13:56'),
(749, 6, 1, 0, 'Admin tts', 1, 'project_activity_updated', '', '2020-06-08 17:25:33'),
(750, 6, 1, 0, 'Admin tts', 1, 'project_status_updated', '<b><lang>project_status_</lang></b>', '2020-06-08 17:25:34'),
(751, 6, 1, 0, 'Admin tts', 1, 'project_activity_updated', '', '2020-06-08 17:30:06'),
(752, 6, 1, 0, 'Admin tts', 1, 'project_status_updated', '<b><lang>project_status_</lang></b>', '2020-06-08 17:30:07'),
(753, 100, 1, 0, 'Admin tts', 1, 'project_activity_updated', '', '2020-06-09 12:20:49'),
(754, 100, 1, 0, 'Admin tts', 1, 'project_status_updated', '<b><lang>project_status_6</lang></b>', '2020-06-09 12:20:50'),
(755, 101, 1, 0, 'Admin tts', 1, 'project_activity_marked_all_tasks_as_complete', '', '2020-06-09 12:27:28'),
(756, 101, 1, 0, 'Admin tts', 1, 'project_activity_updated', '', '2020-06-09 12:27:28'),
(757, 101, 1, 0, 'Admin tts', 1, 'project_status_updated', '<b><lang>project_status_3</lang></b>', '2020-06-09 12:27:29'),
(758, 100, 1, 0, 'Admin tts', 0, 'project_activity_new_task_assignee', 'E-mail - James G', '2020-06-09 12:40:26'),
(759, 100, 1, 0, 'Admin tts', 0, 'project_activity_task_deleted', 'E-mail', '2020-06-09 12:41:02'),
(760, 100, 1, 0, 'Admin tts', 0, 'project_activity_new_task_assignee', 'E-mail - Admin tts', '2020-06-09 12:43:13'),
(761, 99, 1, 0, 'Admin tts', 0, 'project_activity_new_task_assignee', 'Call - James G', '2020-06-09 12:47:41'),
(762, 100, 4, 0, 'James G', 0, 'project_activity_new_task_assignee', 'Direct Visit - James G', '2020-06-09 13:09:32'),
(763, 99, 4, 0, 'James G', 0, 'project_activity_new_task_assignee', 'Cold Call - James G', '2020-06-09 13:14:30'),
(764, 100, 4, 0, 'James G', 0, 'project_activity_new_task_assignee', 'Proposal - James G', '2020-06-09 13:15:02'),
(765, 101, 4, 0, 'James G', 0, 'project_activity_new_task_assignee', 'Trial Account - James G', '2020-06-09 13:16:36'),
(766, 1, 1, 0, 'Admin tts', 1, 'project_activity_new_task_assignee', 'Call - Admin tts', '2020-06-09 13:17:07'),
(767, 1, 1, 0, 'Admin tts', 1, 'project_activity_task_marked_complete', 'Call', '2020-06-09 13:17:12'),
(768, 100, 4, 0, 'James G', 0, 'project_activity_new_task_assignee', 'Training - James G', '2020-06-09 13:21:58'),
(769, 3, 1, 0, 'Admin tts', 0, 'project_activity_new_task_assignee', 'Call - William G', '2020-06-09 13:21:58'),
(770, 3, 1, 0, 'Admin tts', 0, 'project_activity_task_marked_complete', 'Call', '2020-06-09 13:22:01'),
(771, 99, 4, 0, 'James G', 0, 'project_activity_new_task_assignee', 'Pilot  - James G', '2020-06-09 13:22:32'),
(772, 14, 1, 0, 'Admin tts', 0, 'project_activity_new_task_assignee', 'Call - Admin tts', '2020-06-09 13:24:50'),
(773, 14, 1, 0, 'Admin tts', 0, 'project_activity_task_marked_complete', 'Call', '2020-06-09 13:24:54'),
(774, 100, 1, 0, 'Admin tts', 0, 'project_activity_new_task_assignee', 'Online Demo - James G', '2020-06-09 13:41:10'),
(775, 6, 1, 0, 'Admin tts', 1, 'project_activity_new_task_assignee', 'Call - William G', '2020-06-09 14:08:18'),
(776, 6, 1, 0, 'Admin tts', 1, 'project_activity_task_marked_complete', 'Call', '2020-06-09 14:08:21'),
(777, 7, 1, 0, 'Admin tts', 0, 'project_activity_new_task_assignee', 'Call - Admin tts', '2020-06-09 14:09:44'),
(778, 7, 1, 0, 'Admin tts', 0, 'project_activity_task_marked_complete', 'Call', '2020-06-09 14:09:52'),
(779, 28, 1, 0, 'Admin tts', 1, 'project_status_updated', '<b><lang>project_status_6</lang></b>', '2020-06-09 14:19:40'),
(780, 100, 1, 0, 'Admin tts', 0, 'project_activity_task_marked_complete', 'Direct Visit', '2020-06-09 14:24:32'),
(781, 100, 1, 0, 'Admin tts', 0, 'project_activity_task_unmarked_complete', 'Direct Visit', '2020-06-09 14:24:41'),
(782, 6, 1, 0, 'Admin tts', 1, 'project_activity_task_unmarked_complete', 'Activities 0228', '2020-06-09 14:41:40'),
(783, 6, 1, 0, 'Admin tts', 1, 'project_activity_task_marked_complete', 'Activities 0228', '2020-06-09 14:41:42'),
(784, 9, 1, 0, 'Admin tts', 1, 'project_activity_task_marked_complete', 'call and convice', '2020-06-09 15:40:53'),
(785, 9, 1, 0, 'Admin tts', 0, 'project_activity_new_task_assignee', 'Visit - James G', '2020-06-09 15:42:23'),
(786, 9, 1, 0, 'Admin tts', 1, 'project_activity_updated', '', '2020-06-09 15:43:19'),
(787, 9, 1, 0, 'Admin tts', 1, 'project_status_updated', '<b><lang>project_status_</lang></b>', '2020-06-09 15:43:20'),
(788, 9, 1, 0, 'Admin tts', 1, 'project_activity_updated', '', '2020-06-09 15:43:21'),
(789, 9, 1, 0, 'Admin tts', 1, 'project_activity_updated', '', '2020-06-09 15:43:21'),
(790, 9, 1, 0, 'Admin tts', 1, 'project_status_updated', '<b><lang>project_status_</lang></b>', '2020-06-09 15:43:22'),
(791, 9, 1, 0, 'Admin tts', 1, 'project_activity_updated', '', '2020-06-09 15:43:22'),
(792, 9, 1, 0, 'Admin tts', 1, 'project_activity_added_team_contact', 'Sundara Kumar ', '2020-06-09 15:43:59'),
(793, 9, 1, 0, 'Admin tts', 1, 'project_status_updated', '<b><lang>project_status_6</lang></b>', '2020-06-09 15:46:04'),
(794, 10, 1, 0, 'Admin tts', 1, 'project_activity_task_marked_complete', 'E-mail', '2020-06-11 22:18:43'),
(795, 5, 1, 0, 'Admin tts', 1, 'project_activity_updated', '', '2020-06-18 19:23:03'),
(796, 5, 1, 0, 'Admin tts', 1, 'project_status_updated', '<b><lang>project_status_</lang></b>', '2020-06-18 19:23:04'),
(797, 5, 1, 0, 'Admin tts', 1, 'project_activity_updated', '', '2020-06-18 19:23:04'),
(798, 5, 1, 0, 'Admin tts', 1, 'project_activity_updated', '', '2020-06-18 19:23:08'),
(799, 5, 1, 0, 'Admin tts', 1, 'project_status_updated', '<b><lang>project_status_</lang></b>', '2020-06-18 19:23:09'),
(800, 5, 1, 0, 'Admin tts', 1, 'project_activity_updated', '', '2020-06-18 19:23:09'),
(801, 18, 1, 0, 'Admin tts', 0, 'project_activity_new_task_assignee', 'Call - William G', '2020-06-22 11:50:32'),
(802, 100, 1, 0, 'Admin tts', 0, 'project_activity_task_marked_complete', 'Direct Visit', '2020-06-27 09:23:44'),
(803, 100, 1, 0, 'Admin tts', 0, 'project_activity_new_task_comment', 'E-mail', '2020-06-27 09:24:25'),
(804, 100, 1, 0, 'Admin tts', 0, 'project_activity_new_task_comment', 'E-mail', '2020-06-27 09:26:29'),
(805, 100, 1, 0, 'Admin tts', 0, 'project_activity_new_task_assignee', 'E-mail - James G', '2020-06-27 09:26:50'),
(806, 100, 1, 0, 'Admin tts', 0, 'project_activity_task_marked_complete', 'E-mail', '2020-06-27 09:28:02'),
(807, 100, 1, 0, 'Admin tts', 0, 'project_activity_task_marked_complete', 'Online Demo', '2020-06-27 09:28:48'),
(808, 100, 1, 0, 'Admin tts', 1, 'project_status_updated', '<b><lang>project_status_3</lang></b>', '2020-06-27 09:33:42'),
(809, 100, 1, 0, 'Admin tts', 1, 'project_activity_marked_all_tasks_as_complete', '', '2020-06-27 09:33:42'),
(810, 28, 1, 0, 'Admin tts', 1, 'project_status_updated', '<b><lang>project_status_7</lang></b>', '2020-06-27 10:52:54'),
(811, 14, 1, 0, 'Admin tts', 1, 'project_status_updated', '<b><lang>project_status_7</lang></b>', '2020-07-10 15:18:06'),
(812, 103, 1, 0, 'Admin tts', 1, 'project_activity_created', '', '2020-07-13 22:41:16'),
(813, 103, 1, 0, 'Admin tts', 1, 'project_activity_added_team_contact', 'Arjun ', '2020-07-13 22:41:16'),
(814, 10, 1, 0, 'Admin tts', 1, 'project_activity_task_assignee_removed', 'E-mail - Sivaneswaran S', '2020-07-14 17:07:33'),
(815, 7, 1, 0, 'Admin tts', 1, 'project_activity_updated', '', '2020-07-16 09:51:43'),
(816, 7, 1, 0, 'Admin tts', 1, 'project_activity_updated', '', '2020-07-16 09:51:52'),
(817, 7, 1, 0, 'Admin tts', 1, 'project_activity_updated', '', '2020-07-16 09:51:59'),
(818, 7, 1, 0, 'Admin tts', 1, 'project_stage_updated', '<b><lang>project-status-1</lang></b>', '2020-07-16 09:52:10'),
(819, 7, 1, 0, 'Admin tts', 1, 'project_stage_updated', '<b><lang>project-status-0</lang></b>', '2020-07-16 09:52:24'),
(820, 7, 1, 0, 'Admin tts', 1, 'project_stage_updated', '<b><lang>project-status-2</lang></b>', '2020-07-16 09:54:04'),
(821, 7, 1, 0, 'Admin tts', 1, 'project_stage_updated', '<b><lang>project-status-0</lang></b>', '2020-07-16 09:56:39'),
(822, 7, 1, 0, 'Admin tts', 1, 'project_stage_updated', '<b><lang>project-status-1</lang></b>', '2020-07-16 09:56:47'),
(823, 7, 1, 0, 'Admin tts', 1, 'project_stage_updated', '<b><lang>project-status-0</lang></b>', '2020-07-24 09:36:21'),
(824, 7, 1, 0, 'Admin tts', 1, 'project_stage_updated', '<b><lang>project-status-2</lang></b>', '2020-07-24 09:36:37'),
(825, 5, 1, 0, 'Admin tts', 1, 'project_stage_updated', '<b><lang>project-status-1</lang></b>', '2020-07-24 15:57:58'),
(826, 5, 1, 0, 'Admin tts', 1, 'project_activity_updated', '', '2020-07-24 15:58:30'),
(827, 4, 1, 0, 'Admin tts', 1, 'project_stage_updated', '<b><lang>project-status-2</lang></b>', '2020-07-24 16:00:30'),
(828, 10, 1, 0, 'Admin tts', 1, 'project_activity_task_assignee_removed', 'intro E-mail - Sivaneswaran S', '2020-07-31 17:43:23'),
(829, 10, 1, 0, 'Admin tts', 1, 'project_activity_new_task_assignee', 'intro E-mail - Sivaneswaran S', '2020-07-31 17:43:45'),
(830, 10, 1, 0, 'Admin tts', 1, 'project_activity_new_task_assignee', 'E-mail - Sivaneswaran S', '2020-07-31 17:45:36'),
(831, 9, 1, 0, 'Admin tts', 1, 'project_activity_new_task_assignee', 'call and convice - Sivaneswaran S', '2020-07-31 17:46:03'),
(832, 9, 1, 0, 'Admin tts', 1, 'project_activity_new_task_assignee', 'Call - Sivaneswaran S', '2020-07-31 17:46:16'),
(833, 9, 1, 0, 'Admin tts', 1, 'project_activity_new_task_assignee', 'Email - Andrew G', '2020-07-31 17:46:29'),
(834, 94, 1, 0, 'Admin tts', 0, 'project_activity_new_task_assignee', 'E-mail - Sivaneswaran S', '2020-07-31 17:47:04'),
(835, 14, 1, 0, 'Admin tts', 0, 'project_activity_new_task_assignee', 'Activity against Organization - Sivaneswaran S', '2020-07-31 17:47:22'),
(836, 96, 1, 0, 'Admin tts', 0, 'project_activity_new_task_assignee', 'Call - Seetha, 1st Line Manager G', '2020-07-31 17:47:42'),
(837, 96, 1, 0, 'Admin tts', 0, 'project_activity_new_task_assignee', 'Call - Seetha, 1st Line Manager G', '2020-07-31 17:47:55'),
(838, 48, 1, 0, 'Admin tts', 1, 'project_status_updated', '<b><lang>project_status_6</lang></b>', '2020-08-01 17:41:49'),
(839, 67, 1, 0, 'Admin tts', 1, 'project_status_updated', '<b><lang>project_status_6</lang></b>', '2020-08-01 17:41:52'),
(840, 100, 1, 0, 'Admin tts', 0, 'project_activity_new_task_assignee', 'to close deal - James G', '2020-08-01 17:44:14'),
(841, 99, 1, 0, 'Admin Login', 1, 'project_stage_updated', '<b><lang>project-status-1</lang></b>', '2020-08-01 21:24:15'),
(842, 99, 1, 0, 'Admin Login', 1, 'project_stage_updated', '<b><lang>project-status-0</lang></b>', '2020-08-01 21:28:36'),
(843, 9, 1, 0, 'Admin Login', 1, 'project_stage_updated', '<b><lang>project-status-1</lang></b>', '2020-08-02 15:44:13'),
(844, 48, 1, 0, 'Admin Login', 1, 'project_stage_updated', '<b><lang>project-status-1</lang></b>', '2020-08-02 15:44:27'),
(845, 32, 1, 0, 'Admin Login', 1, 'project_stage_updated', '<b><lang>project-status-1</lang></b>', '2020-08-02 15:45:05'),
(846, 22, 1, 0, 'Admin Login', 1, 'project_stage_updated', '<b><lang>project-status-2</lang></b>', '2020-08-02 15:45:25'),
(847, 34, 1, 0, 'Admin Login', 1, 'project_stage_updated', '<b><lang>project-status-2</lang></b>', '2020-08-02 15:45:40'),
(848, 1, 1, 0, 'Admin Login', 1, 'project_activity_task_marked_complete', 'Call', '2020-08-03 10:08:16'),
(849, 1, 1, 0, 'Admin Login', 1, 'project_activity_task_unmarked_complete', 'Call', '2020-08-03 10:08:27');

-- --------------------------------------------------------

--
-- Table structure for table `tblproject_contacts`
--

CREATE TABLE `tblproject_contacts` (
  `id` int(11) NOT NULL,
  `project_id` int(11) NOT NULL,
  `contacts_id` int(11) NOT NULL
) ENGINE=InnoDB DEFAULT CHARSET=utf8;

--
-- Dumping data for table `tblproject_contacts`
--

INSERT INTO `tblproject_contacts` (`id`, `project_id`, `contacts_id`) VALUES
(1, 2, 2),
(2, 5, 1),
(3, 6, 1),
(4, 6, 2),
(5, 6, 3),
(6, 6, 4),
(7, 7, 1),
(8, 7, 2),
(9, 7, 3),
(10, 7, 4),
(11, 7, 5),
(13, 9, 7),
(14, 10, 8),
(15, 2, 1),
(16, 2, 3),
(17, 2, 4),
(18, 2, 5),
(19, 2, 6),
(20, 2, 7),
(21, 2, 8),
(22, 11, 9),
(23, 12, 10),
(25, 14, 12),
(26, 14, 13),
(27, 15, 13),
(28, 16, 15),
(29, 17, 3),
(30, 18, 16),
(31, 19, 17),
(33, 20, 18),
(34, 21, 8),
(35, 21, 19),
(36, 18, 20),
(37, 18, 23),
(38, 22, 25),
(39, 23, 7),
(40, 24, 9),
(41, 25, 10),
(42, 25, 26),
(43, 26, 27),
(44, 27, 28),
(45, 28, 8),
(46, 29, 7),
(47, 29, 29),
(48, 30, 30),
(49, 31, 9),
(50, 32, 8),
(51, 33, 32),
(52, 34, 33),
(53, 35, 34),
(54, 36, 35),
(55, 37, 36),
(56, 38, 37),
(57, 39, 38),
(58, 40, 39),
(59, 41, 40),
(60, 42, 41),
(61, 43, 42),
(62, 44, 43),
(63, 45, 44),
(64, 46, 45),
(65, 47, 46),
(66, 48, 47),
(67, 49, 48),
(68, 50, 49),
(69, 51, 50),
(70, 52, 51),
(71, 53, 52),
(72, 54, 53),
(73, 55, 54),
(74, 56, 55),
(75, 57, 57),
(76, 58, 58),
(77, 59, 59),
(78, 60, 60),
(79, 61, 61),
(80, 62, 62),
(81, 63, 63),
(82, 64, 64),
(83, 65, 65),
(84, 66, 66),
(85, 67, 67),
(86, 68, 68),
(87, 69, 69),
(88, 70, 70),
(89, 71, 71),
(90, 72, 72),
(91, 73, 73),
(92, 74, 74),
(93, 75, 75),
(94, 76, 76),
(95, 77, 77),
(96, 78, 78),
(97, 79, 79),
(98, 80, 80),
(99, 81, 81),
(100, 82, 82),
(101, 83, 83),
(102, 84, 84),
(103, 85, 85),
(104, 86, 86),
(105, 87, 87),
(106, 88, 88),
(107, 89, 2),
(108, 89, 3),
(109, 13, 12),
(110, 13, 11),
(111, 18, 21),
(113, 18, 25),
(114, 18, 26),
(115, 18, 89),
(116, 18, 91),
(117, 10, 92),
(118, 90, 1),
(119, 90, 2),
(120, 90, 3),
(121, 91, 93),
(122, 91, 91),
(123, 91, 92),
(124, 92, 94),
(125, 92, 95),
(126, 93, 96),
(127, 94, 97),
(128, 97, 99),
(129, 97, 12),
(130, 98, 101),
(131, 98, 100),
(132, 99, 102),
(133, 100, 102),
(134, 101, 103),
(135, 102, 2),
(136, 102, 105),
(137, 9, 20),
(138, 103, 106);

-- --------------------------------------------------------

--
-- Table structure for table `tblproject_files`
--

CREATE TABLE `tblproject_files` (
  `id` int(11) NOT NULL,
  `file_name` varchar(191) NOT NULL,
  `subject` varchar(191) DEFAULT NULL,
  `description` text DEFAULT NULL,
  `filetype` varchar(50) DEFAULT NULL,
  `dateadded` datetime NOT NULL,
  `last_activity` datetime DEFAULT NULL,
  `project_id` int(11) NOT NULL,
  `visible_to_customer` tinyint(1) DEFAULT 0,
  `staffid` int(11) NOT NULL,
  `contact_id` int(11) NOT NULL DEFAULT 0,
  `external` varchar(40) DEFAULT NULL,
  `external_link` text DEFAULT NULL,
  `thumbnail_link` text DEFAULT NULL
) ENGINE=InnoDB DEFAULT CHARSET=utf8;

--
-- Dumping data for table `tblproject_files`
--

INSERT INTO `tblproject_files` (`id`, `file_name`, `subject`, `description`, `filetype`, `dateadded`, `last_activity`, `project_id`, `visible_to_customer`, `staffid`, `contact_id`, `external`, `external_link`, `thumbnail_link`) VALUES
(1, 'katie-harp-pinterest-marketing-1252065-unsplash.5caac16c531ee4.31622569-0x1118.390625.jpg', 'katie-harp-pinterest-marketing-1252065-unsplash.5caac16c531ee4.31622569-0x1118.390625.jpg', NULL, 'image/jpeg', '2020-02-12 17:38:29', NULL, 4, 0, 1, 0, NULL, NULL, NULL),
(2, 'unnamed.jpg', 'unnamed.jpg', NULL, 'image/jpeg', '2020-02-12 17:38:48', NULL, 4, 0, 1, 0, NULL, NULL, NULL),
(3, 'dealforce_deal_page.png', 'dealforce_deal_page.png', NULL, 'image/png', '2020-03-26 09:48:07', NULL, 18, 0, 1, 0, NULL, NULL, NULL),
(4, 'Proposed Toilet Options.pdf', 'Proposed Toilet Options.pdf', NULL, 'application/pdf', '2020-04-04 11:39:57', NULL, 92, 0, 1, 0, NULL, NULL, NULL),
(5, 'Proposed Toilet Options (1).pdf', 'Proposed Toilet Options (1).pdf', NULL, 'application/pdf', '2020-04-04 11:42:34', NULL, 92, 1, 1, 0, NULL, NULL, NULL),
(6, 'Day Report.pdf', 'Day Report.pdf', NULL, 'application/pdf', '2020-05-05 15:42:09', NULL, 98, 1, 1, 0, NULL, NULL, NULL),
(7, '1.jpg', '1.jpg', NULL, 'image/jpeg', '2020-05-30 08:56:03', NULL, 100, 0, 1, 0, NULL, NULL, NULL);

-- --------------------------------------------------------

--
-- Table structure for table `tblproject_members`
--

CREATE TABLE `tblproject_members` (
  `id` int(11) NOT NULL,
  `project_id` int(11) NOT NULL,
  `staff_id` int(11) NOT NULL
) ENGINE=InnoDB DEFAULT CHARSET=utf8;

--
-- Dumping data for table `tblproject_members`
--

INSERT INTO `tblproject_members` (`id`, `project_id`, `staff_id`) VALUES
(1, 1, 1),
(4, 4, 1),
(10, 5, 1),
(11, 6, 1),
(12, 7, 1),
(17, 9, 8),
(18, 11, 8),
(19, 12, 8),
(20, 13, 4),
(21, 14, 8),
(22, 15, 4),
(23, 16, 4),
(24, 18, 8),
(25, 20, 4),
(26, 22, 8),
(27, 24, 8),
(28, 25, 8),
(29, 26, 8),
(30, 27, 8),
(31, 28, 8),
(32, 29, 8),
(33, 30, 8),
(34, 31, 8),
(35, 32, 8),
(36, 33, 8),
(37, 34, 8),
(38, 35, 8),
(39, 36, 8),
(40, 37, 8),
(41, 38, 8),
(42, 39, 8),
(43, 40, 8),
(44, 41, 8),
(45, 42, 8),
(46, 43, 8),
(47, 44, 8),
(48, 45, 8),
(49, 46, 8),
(50, 47, 8),
(51, 48, 8),
(52, 49, 8),
(53, 50, 8),
(54, 51, 8),
(55, 52, 8),
(56, 53, 8),
(57, 54, 8),
(58, 55, 8),
(59, 56, 8),
(60, 57, 8),
(61, 58, 8),
(62, 59, 8),
(63, 60, 8),
(64, 61, 8),
(66, 63, 8),
(67, 64, 8),
(68, 65, 8),
(69, 66, 8),
(70, 67, 8),
(71, 68, 8),
(72, 69, 8),
(73, 70, 8),
(74, 71, 8),
(75, 72, 8),
(76, 73, 8),
(77, 74, 8),
(78, 75, 8),
(79, 76, 8),
(80, 77, 8),
(81, 78, 8),
(82, 79, 8),
(83, 80, 8),
(84, 81, 8),
(85, 82, 8),
(86, 83, 8),
(87, 84, 8),
(88, 85, 8),
(89, 86, 8),
(90, 87, 8),
(91, 88, 8),
(92, 89, 4),
(93, 90, 4),
(95, 92, 8),
(96, 93, 8),
(97, 94, 8),
(98, 7, 8),
(99, 50, 5),
(100, 95, 6),
(101, 97, 4),
(102, 98, 4),
(103, 99, 4),
(104, 100, 4),
(105, 101, 4),
(106, 102, 4);

-- --------------------------------------------------------

--
-- Table structure for table `tblproject_notes`
--

CREATE TABLE `tblproject_notes` (
  `id` int(11) NOT NULL,
  `project_id` int(11) NOT NULL,
  `content` text NOT NULL,
  `staff_id` int(11) NOT NULL
) ENGINE=InnoDB DEFAULT CHARSET=utf8;

--
-- Dumping data for table `tblproject_notes`
--

INSERT INTO `tblproject_notes` (`id`, `project_id`, `content`, `staff_id`) VALUES
(1, 4, 'wer', 1),
(2, 18, 'This lead is taken from pipedrive.', 1),
(3, 98, 'This deal is hot.', 1),
(4, 6, 'Hello', 1),
(5, 100, 'This deal can be closed this month', 1),
(6, 7, 'dgf', 1);

-- --------------------------------------------------------

--
-- Table structure for table `tblproject_settings`
--

CREATE TABLE `tblproject_settings` (
  `id` int(11) NOT NULL,
  `project_id` int(11) NOT NULL,
  `name` varchar(100) NOT NULL,
  `value` text DEFAULT NULL
) ENGINE=InnoDB DEFAULT CHARSET=utf8;

--
-- Dumping data for table `tblproject_settings`
--

INSERT INTO `tblproject_settings` (`id`, `project_id`, `name`, `value`) VALUES
(1, 1, 'available_features', 'a:6:{s:13:\"project_tasks\";i:1;s:16:\"project_overview\";i:1;s:13:\"project_files\";i:1;s:13:\"project_gantt\";i:1;s:13:\"project_notes\";i:1;s:16:\"project_activity\";i:1;}'),
(2, 1, 'view_tasks', '1'),
(3, 1, 'create_tasks', '1'),
(4, 1, 'edit_tasks', '1'),
(5, 1, 'comment_on_tasks', '1'),
(6, 1, 'view_task_comments', '1'),
(7, 1, 'view_task_attachments', '1'),
(8, 1, 'view_task_checklist_items', '1'),
(9, 1, 'upload_on_tasks', '1'),
(10, 1, 'view_task_total_logged_time', '1'),
(11, 1, 'view_finance_overview', '1'),
(12, 1, 'upload_files', '1'),
(13, 1, 'open_discussions', '1'),
(14, 1, 'view_milestones', '1'),
(15, 1, 'view_gantt', '1'),
(16, 1, 'view_timesheets', '1'),
(17, 1, 'view_activity_log', '1'),
(18, 1, 'view_team_members', '1'),
(19, 1, 'hide_tasks_on_main_tasks_table', '0'),
(39, 3, 'available_features', '0'),
(40, 3, 'view_tasks', '0'),
(41, 3, 'create_tasks', '0'),
(42, 3, 'edit_tasks', '0'),
(43, 3, 'comment_on_tasks', '0'),
(44, 3, 'view_task_comments', '0'),
(45, 3, 'view_task_attachments', '0'),
(46, 3, 'view_task_checklist_items', '0'),
(47, 3, 'upload_on_tasks', '0'),
(48, 3, 'view_task_total_logged_time', '0'),
(49, 3, 'view_finance_overview', '0'),
(50, 3, 'upload_files', '0'),
(51, 3, 'open_discussions', '0'),
(52, 3, 'view_milestones', '0'),
(53, 3, 'view_gantt', '0'),
(54, 3, 'view_timesheets', '0'),
(55, 3, 'view_activity_log', '0'),
(56, 3, 'view_team_members', '0'),
(57, 3, 'hide_tasks_on_main_tasks_table', '0'),
(58, 4, 'available_features', 'a:6:{s:13:\"project_tasks\";i:1;s:16:\"project_overview\";i:1;s:13:\"project_files\";i:1;s:13:\"project_gantt\";i:1;s:13:\"project_notes\";i:1;s:16:\"project_activity\";i:1;}'),
(59, 4, 'view_tasks', '1'),
(60, 4, 'create_tasks', '1'),
(61, 4, 'edit_tasks', '1'),
(62, 4, 'comment_on_tasks', '1'),
(63, 4, 'view_task_comments', '1'),
(64, 4, 'view_task_attachments', '1'),
(65, 4, 'view_task_checklist_items', '1'),
(66, 4, 'upload_on_tasks', '1'),
(67, 4, 'view_task_total_logged_time', '1'),
(68, 4, 'view_finance_overview', '1'),
(69, 4, 'upload_files', '1'),
(70, 4, 'open_discussions', '1'),
(71, 4, 'view_milestones', '1'),
(72, 4, 'view_gantt', '1'),
(73, 4, 'view_timesheets', '1'),
(74, 4, 'view_activity_log', '1'),
(75, 4, 'view_team_members', '1'),
(76, 4, 'hide_tasks_on_main_tasks_table', '0'),
(77, 5, 'available_features', '0'),
(78, 5, 'view_tasks', '0'),
(79, 5, 'create_tasks', '0'),
(80, 5, 'edit_tasks', '0'),
(81, 5, 'comment_on_tasks', '0'),
(82, 5, 'view_task_comments', '0'),
(83, 5, 'view_task_attachments', '0'),
(84, 5, 'view_task_checklist_items', '0'),
(85, 5, 'upload_on_tasks', '0'),
(86, 5, 'view_task_total_logged_time', '0'),
(87, 5, 'view_finance_overview', '0'),
(88, 5, 'upload_files', '0'),
(89, 5, 'open_discussions', '0'),
(90, 5, 'view_milestones', '0'),
(91, 5, 'view_gantt', '0'),
(92, 5, 'view_timesheets', '0'),
(93, 5, 'view_activity_log', '0'),
(94, 5, 'view_team_members', '0'),
(95, 5, 'hide_tasks_on_main_tasks_table', '0'),
(96, 6, 'available_features', 'a:6:{s:13:\"project_tasks\";i:1;s:16:\"project_overview\";i:1;s:13:\"project_files\";i:1;s:13:\"project_gantt\";i:1;s:13:\"project_notes\";i:1;s:16:\"project_activity\";i:1;}'),
(97, 6, 'view_tasks', '1'),
(98, 6, 'create_tasks', '1'),
(99, 6, 'edit_tasks', '1'),
(100, 6, 'comment_on_tasks', '1'),
(101, 6, 'view_task_comments', '1'),
(102, 6, 'view_task_attachments', '1'),
(103, 6, 'view_task_checklist_items', '1'),
(104, 6, 'upload_on_tasks', '1'),
(105, 6, 'view_task_total_logged_time', '1'),
(106, 6, 'upload_files', '1'),
(107, 6, 'view_gantt', '1'),
(108, 6, 'view_activity_log', '1'),
(109, 6, 'view_team_members', '1'),
(110, 6, 'hide_tasks_on_main_tasks_table', '0'),
(111, 7, 'available_features', '0'),
(112, 7, 'view_tasks', '0'),
(113, 7, 'create_tasks', '0'),
(114, 7, 'edit_tasks', '0'),
(115, 7, 'comment_on_tasks', '0'),
(116, 7, 'view_task_comments', '0'),
(117, 7, 'view_task_attachments', '0'),
(118, 7, 'view_task_checklist_items', '0'),
(119, 7, 'upload_on_tasks', '0'),
(120, 7, 'view_task_total_logged_time', '0'),
(121, 7, 'upload_files', '0'),
(122, 7, 'view_gantt', '0'),
(123, 7, 'view_activity_log', '0'),
(124, 7, 'view_team_members', '0'),
(125, 7, 'hide_tasks_on_main_tasks_table', '0'),
(126, 8, 'available_features', '0'),
(127, 8, 'view_tasks', '0'),
(128, 8, 'create_tasks', '0'),
(129, 8, 'edit_tasks', '0'),
(130, 8, 'comment_on_tasks', '0'),
(131, 8, 'view_task_comments', '0'),
(132, 8, 'view_task_attachments', '0'),
(133, 8, 'view_task_checklist_items', '0'),
(134, 8, 'upload_on_tasks', '0'),
(135, 8, 'view_task_total_logged_time', '0'),
(136, 8, 'upload_files', '0'),
(137, 8, 'view_gantt', '0'),
(138, 8, 'view_activity_log', '0'),
(139, 8, 'view_team_members', '0'),
(140, 8, 'hide_tasks_on_main_tasks_table', '0'),
(141, 9, 'available_features', '0'),
(142, 9, 'view_tasks', '0'),
(143, 9, 'create_tasks', '0'),
(144, 9, 'edit_tasks', '0'),
(145, 9, 'comment_on_tasks', '0'),
(146, 9, 'view_task_comments', '0'),
(147, 9, 'view_task_attachments', '0'),
(148, 9, 'view_task_checklist_items', '0'),
(149, 9, 'upload_on_tasks', '0'),
(150, 9, 'view_task_total_logged_time', '0'),
(151, 9, 'upload_files', '0'),
(152, 9, 'view_gantt', '0'),
(153, 9, 'view_activity_log', '0'),
(154, 9, 'view_team_members', '0'),
(155, 9, 'hide_tasks_on_main_tasks_table', '0'),
(156, 10, 'available_features', 'a:6:{s:13:\"project_tasks\";i:1;s:16:\"project_overview\";i:1;s:13:\"project_files\";i:1;s:13:\"project_gantt\";i:1;s:13:\"project_notes\";i:1;s:16:\"project_activity\";i:1;}'),
(157, 10, 'view_tasks', '1'),
(158, 10, 'create_tasks', '1'),
(159, 10, 'edit_tasks', '1'),
(160, 10, 'comment_on_tasks', '1'),
(161, 10, 'view_task_comments', '1'),
(162, 10, 'view_task_attachments', '1'),
(163, 10, 'view_task_checklist_items', '1'),
(164, 10, 'upload_on_tasks', '1'),
(165, 10, 'view_task_total_logged_time', '1'),
(166, 10, 'upload_files', '1'),
(167, 10, 'view_gantt', '1'),
(168, 10, 'view_activity_log', '1'),
(169, 10, 'view_team_members', '1'),
(170, 10, 'hide_tasks_on_main_tasks_table', '0'),
(171, 11, 'available_features', '0'),
(172, 11, 'view_tasks', '0'),
(173, 11, 'create_tasks', '0'),
(174, 11, 'edit_tasks', '0'),
(175, 11, 'comment_on_tasks', '0'),
(176, 11, 'view_task_comments', '0'),
(177, 11, 'view_task_attachments', '0'),
(178, 11, 'view_task_checklist_items', '0'),
(179, 11, 'upload_on_tasks', '0'),
(180, 11, 'view_task_total_logged_time', '0'),
(181, 11, 'upload_files', '0'),
(182, 11, 'view_gantt', '0'),
(183, 11, 'view_activity_log', '0'),
(184, 11, 'view_team_members', '0'),
(185, 11, 'hide_tasks_on_main_tasks_table', '0'),
(186, 12, 'available_features', 'a:6:{s:16:\"project_overview\";i:1;s:13:\"project_tasks\";i:0;s:13:\"project_files\";i:0;s:13:\"project_gantt\";i:0;s:13:\"project_notes\";i:0;s:16:\"project_activity\";i:0;}'),
(187, 12, 'view_tasks', '0'),
(188, 12, 'create_tasks', '0'),
(189, 12, 'edit_tasks', '0'),
(190, 12, 'comment_on_tasks', '0'),
(191, 12, 'view_task_comments', '0'),
(192, 12, 'view_task_attachments', '0'),
(193, 12, 'view_task_checklist_items', '0'),
(194, 12, 'upload_on_tasks', '0'),
(195, 12, 'view_task_total_logged_time', '0'),
(196, 12, 'upload_files', '0'),
(197, 12, 'view_gantt', '0'),
(198, 12, 'view_activity_log', '0'),
(199, 12, 'view_team_members', '0'),
(200, 12, 'hide_tasks_on_main_tasks_table', '0'),
(201, 13, 'available_features', 'a:6:{s:13:\"project_tasks\";i:1;s:16:\"project_overview\";i:1;s:13:\"project_files\";i:1;s:13:\"project_gantt\";i:1;s:13:\"project_notes\";i:1;s:16:\"project_activity\";i:1;}'),
(202, 13, 'view_tasks', '0'),
(203, 13, 'create_tasks', '0'),
(204, 13, 'edit_tasks', '0'),
(205, 13, 'comment_on_tasks', '0'),
(206, 13, 'view_task_comments', '0'),
(207, 13, 'view_task_attachments', '0'),
(208, 13, 'view_task_checklist_items', '0'),
(209, 13, 'upload_on_tasks', '0'),
(210, 13, 'view_task_total_logged_time', '0'),
(211, 13, 'upload_files', '0'),
(212, 13, 'view_gantt', '0'),
(213, 13, 'view_activity_log', '0'),
(214, 13, 'view_team_members', '0'),
(215, 13, 'hide_tasks_on_main_tasks_table', '0'),
(216, 14, 'available_features', 'a:6:{s:13:\"project_tasks\";i:1;s:16:\"project_overview\";i:1;s:13:\"project_files\";i:1;s:13:\"project_gantt\";i:1;s:13:\"project_notes\";i:1;s:16:\"project_activity\";i:1;}'),
(217, 14, 'view_tasks', '0'),
(218, 14, 'create_tasks', '0'),
(219, 14, 'edit_tasks', '0'),
(220, 14, 'comment_on_tasks', '0'),
(221, 14, 'view_task_comments', '0'),
(222, 14, 'view_task_attachments', '0'),
(223, 14, 'view_task_checklist_items', '0'),
(224, 14, 'upload_on_tasks', '0'),
(225, 14, 'view_task_total_logged_time', '0'),
(226, 14, 'upload_files', '0'),
(227, 14, 'view_gantt', '0'),
(228, 14, 'view_activity_log', '0'),
(229, 14, 'view_team_members', '0'),
(230, 14, 'hide_tasks_on_main_tasks_table', '0'),
(231, 15, 'available_features', 'a:6:{s:13:\"project_tasks\";i:1;s:16:\"project_overview\";i:1;s:13:\"project_files\";i:1;s:13:\"project_gantt\";i:1;s:13:\"project_notes\";i:1;s:16:\"project_activity\";i:1;}'),
(232, 15, 'view_tasks', '0'),
(233, 15, 'create_tasks', '0'),
(234, 15, 'edit_tasks', '0'),
(235, 15, 'comment_on_tasks', '0'),
(236, 15, 'view_task_comments', '0'),
(237, 15, 'view_task_attachments', '0'),
(238, 15, 'view_task_checklist_items', '0'),
(239, 15, 'upload_on_tasks', '0'),
(240, 15, 'view_task_total_logged_time', '0'),
(241, 15, 'upload_files', '0'),
(242, 15, 'view_gantt', '0'),
(243, 15, 'view_activity_log', '0'),
(244, 15, 'view_team_members', '0'),
(245, 15, 'hide_tasks_on_main_tasks_table', '0'),
(246, 16, 'available_features', 'a:6:{s:13:\"project_tasks\";i:1;s:16:\"project_overview\";i:1;s:13:\"project_files\";i:1;s:13:\"project_gantt\";i:1;s:13:\"project_notes\";i:1;s:16:\"project_activity\";i:1;}'),
(247, 16, 'view_tasks', '0'),
(248, 16, 'create_tasks', '0'),
(249, 16, 'edit_tasks', '0'),
(250, 16, 'comment_on_tasks', '0'),
(251, 16, 'view_task_comments', '0'),
(252, 16, 'view_task_attachments', '0'),
(253, 16, 'view_task_checklist_items', '0'),
(254, 16, 'upload_on_tasks', '0'),
(255, 16, 'view_task_total_logged_time', '0'),
(256, 16, 'upload_files', '0'),
(257, 16, 'view_gantt', '0'),
(258, 16, 'view_activity_log', '0'),
(259, 16, 'view_team_members', '0'),
(260, 16, 'hide_tasks_on_main_tasks_table', '0'),
(261, 17, 'available_features', 'a:6:{s:13:\"project_tasks\";i:1;s:16:\"project_overview\";i:1;s:13:\"project_files\";i:1;s:13:\"project_gantt\";i:1;s:13:\"project_notes\";i:1;s:16:\"project_activity\";i:1;}'),
(262, 17, 'view_tasks', '0'),
(263, 17, 'create_tasks', '0'),
(264, 17, 'edit_tasks', '0'),
(265, 17, 'comment_on_tasks', '0'),
(266, 17, 'view_task_comments', '0'),
(267, 17, 'view_task_attachments', '0'),
(268, 17, 'view_task_checklist_items', '0'),
(269, 17, 'upload_on_tasks', '0'),
(270, 17, 'view_task_total_logged_time', '0'),
(271, 17, 'upload_files', '0'),
(272, 17, 'view_gantt', '0'),
(273, 17, 'view_activity_log', '0'),
(274, 17, 'view_team_members', '0'),
(275, 17, 'hide_tasks_on_main_tasks_table', '0'),
(276, 18, 'available_features', '0'),
(277, 18, 'view_tasks', '0'),
(278, 18, 'create_tasks', '0'),
(279, 18, 'edit_tasks', '0'),
(280, 18, 'comment_on_tasks', '0'),
(281, 18, 'view_task_comments', '0'),
(282, 18, 'view_task_attachments', '0'),
(283, 18, 'view_task_checklist_items', '0'),
(284, 18, 'upload_on_tasks', '0'),
(285, 18, 'view_task_total_logged_time', '0'),
(286, 18, 'upload_files', '0'),
(287, 18, 'view_gantt', '0'),
(288, 18, 'view_activity_log', '0'),
(289, 18, 'view_team_members', '0'),
(290, 18, 'hide_tasks_on_main_tasks_table', '0'),
(291, 19, 'available_features', 'a:6:{s:16:\"project_overview\";i:1;s:13:\"project_tasks\";i:0;s:13:\"project_files\";i:0;s:13:\"project_gantt\";i:0;s:13:\"project_notes\";i:0;s:16:\"project_activity\";i:0;}'),
(292, 19, 'view_tasks', '0'),
(293, 19, 'create_tasks', '0'),
(294, 19, 'edit_tasks', '0'),
(295, 19, 'comment_on_tasks', '0'),
(296, 19, 'view_task_comments', '0'),
(297, 19, 'view_task_attachments', '0'),
(298, 19, 'view_task_checklist_items', '0'),
(299, 19, 'upload_on_tasks', '0'),
(300, 19, 'view_task_total_logged_time', '0'),
(301, 19, 'upload_files', '0'),
(302, 19, 'view_gantt', '0'),
(303, 19, 'view_activity_log', '0'),
(304, 19, 'view_team_members', '0'),
(305, 19, 'hide_tasks_on_main_tasks_table', '0'),
(306, 20, 'available_features', 'a:6:{s:13:\"project_tasks\";i:1;s:16:\"project_overview\";i:1;s:13:\"project_files\";i:1;s:13:\"project_gantt\";i:1;s:13:\"project_notes\";i:1;s:16:\"project_activity\";i:1;}'),
(307, 20, 'view_tasks', '0'),
(308, 20, 'create_tasks', '0'),
(309, 20, 'edit_tasks', '0'),
(310, 20, 'comment_on_tasks', '0'),
(311, 20, 'view_task_comments', '0'),
(312, 20, 'view_task_attachments', '0'),
(313, 20, 'view_task_checklist_items', '0'),
(314, 20, 'upload_on_tasks', '0'),
(315, 20, 'view_task_total_logged_time', '0'),
(316, 20, 'upload_files', '0'),
(317, 20, 'view_gantt', '0'),
(318, 20, 'view_activity_log', '0'),
(319, 20, 'view_team_members', '0'),
(320, 20, 'hide_tasks_on_main_tasks_table', '0'),
(321, 21, 'available_features', 'a:6:{s:13:\"project_tasks\";i:1;s:16:\"project_overview\";i:1;s:13:\"project_files\";i:1;s:13:\"project_gantt\";i:1;s:13:\"project_notes\";i:1;s:16:\"project_activity\";i:1;}'),
(322, 21, 'view_tasks', '0'),
(323, 21, 'create_tasks', '0'),
(324, 21, 'edit_tasks', '0'),
(325, 21, 'comment_on_tasks', '0'),
(326, 21, 'view_task_comments', '0'),
(327, 21, 'view_task_attachments', '0'),
(328, 21, 'view_task_checklist_items', '0'),
(329, 21, 'upload_on_tasks', '0'),
(330, 21, 'view_task_total_logged_time', '0'),
(331, 21, 'upload_files', '0'),
(332, 21, 'view_gantt', '0'),
(333, 21, 'view_activity_log', '0'),
(334, 21, 'view_team_members', '0'),
(335, 21, 'hide_tasks_on_main_tasks_table', '0'),
(336, 22, 'available_features', 'a:6:{s:13:\"project_tasks\";i:1;s:16:\"project_overview\";i:1;s:13:\"project_files\";i:1;s:13:\"project_gantt\";i:1;s:13:\"project_notes\";i:1;s:16:\"project_activity\";i:1;}'),
(337, 22, 'view_tasks', '0'),
(338, 22, 'create_tasks', '0'),
(339, 22, 'edit_tasks', '0'),
(340, 22, 'comment_on_tasks', '0'),
(341, 22, 'view_task_comments', '0'),
(342, 22, 'view_task_attachments', '0'),
(343, 22, 'view_task_checklist_items', '0'),
(344, 22, 'upload_on_tasks', '0'),
(345, 22, 'view_task_total_logged_time', '0'),
(346, 22, 'upload_files', '0'),
(347, 22, 'view_gantt', '0'),
(348, 22, 'view_activity_log', '0'),
(349, 22, 'view_team_members', '0'),
(350, 22, 'hide_tasks_on_main_tasks_table', '0'),
(351, 23, 'available_features', 'a:6:{s:13:\"project_tasks\";i:1;s:16:\"project_overview\";i:1;s:13:\"project_files\";i:1;s:13:\"project_gantt\";i:1;s:13:\"project_notes\";i:1;s:16:\"project_activity\";i:1;}'),
(352, 23, 'view_tasks', '0'),
(353, 23, 'create_tasks', '0'),
(354, 23, 'edit_tasks', '0'),
(355, 23, 'comment_on_tasks', '0'),
(356, 23, 'view_task_comments', '0'),
(357, 23, 'view_task_attachments', '0'),
(358, 23, 'view_task_checklist_items', '0'),
(359, 23, 'upload_on_tasks', '0'),
(360, 23, 'view_task_total_logged_time', '0'),
(361, 23, 'upload_files', '0'),
(362, 23, 'view_gantt', '0'),
(363, 23, 'view_activity_log', '0'),
(364, 23, 'view_team_members', '0'),
(365, 23, 'hide_tasks_on_main_tasks_table', '0'),
(366, 24, 'available_features', 'a:6:{s:13:\"project_tasks\";i:1;s:16:\"project_overview\";i:1;s:13:\"project_files\";i:1;s:13:\"project_gantt\";i:1;s:13:\"project_notes\";i:1;s:16:\"project_activity\";i:1;}'),
(367, 24, 'view_tasks', '0'),
(368, 24, 'create_tasks', '0'),
(369, 24, 'edit_tasks', '0'),
(370, 24, 'comment_on_tasks', '0'),
(371, 24, 'view_task_comments', '0'),
(372, 24, 'view_task_attachments', '0'),
(373, 24, 'view_task_checklist_items', '0'),
(374, 24, 'upload_on_tasks', '0'),
(375, 24, 'view_task_total_logged_time', '0'),
(376, 24, 'upload_files', '0'),
(377, 24, 'view_gantt', '0'),
(378, 24, 'view_activity_log', '0'),
(379, 24, 'view_team_members', '0'),
(380, 24, 'hide_tasks_on_main_tasks_table', '0'),
(381, 25, 'available_features', 'a:6:{s:13:\"project_tasks\";i:1;s:16:\"project_overview\";i:1;s:13:\"project_files\";i:1;s:13:\"project_gantt\";i:1;s:13:\"project_notes\";i:1;s:16:\"project_activity\";i:1;}'),
(382, 25, 'view_tasks', '0'),
(383, 25, 'create_tasks', '0'),
(384, 25, 'edit_tasks', '0'),
(385, 25, 'comment_on_tasks', '0'),
(386, 25, 'view_task_comments', '0'),
(387, 25, 'view_task_attachments', '0'),
(388, 25, 'view_task_checklist_items', '0'),
(389, 25, 'upload_on_tasks', '0'),
(390, 25, 'view_task_total_logged_time', '0'),
(391, 25, 'upload_files', '0'),
(392, 25, 'view_gantt', '0'),
(393, 25, 'view_activity_log', '0'),
(394, 25, 'view_team_members', '0'),
(395, 25, 'hide_tasks_on_main_tasks_table', '0'),
(396, 26, 'available_features', 'a:6:{s:13:\"project_tasks\";i:1;s:16:\"project_overview\";i:1;s:13:\"project_files\";i:1;s:13:\"project_gantt\";i:1;s:13:\"project_notes\";i:1;s:16:\"project_activity\";i:1;}'),
(397, 26, 'view_tasks', '0'),
(398, 26, 'create_tasks', '0'),
(399, 26, 'edit_tasks', '0'),
(400, 26, 'comment_on_tasks', '0'),
(401, 26, 'view_task_comments', '0'),
(402, 26, 'view_task_attachments', '0'),
(403, 26, 'view_task_checklist_items', '0'),
(404, 26, 'upload_on_tasks', '0'),
(405, 26, 'view_task_total_logged_time', '0'),
(406, 26, 'upload_files', '0'),
(407, 26, 'view_gantt', '0'),
(408, 26, 'view_activity_log', '0'),
(409, 26, 'view_team_members', '0'),
(410, 26, 'hide_tasks_on_main_tasks_table', '0'),
(411, 27, 'available_features', 'a:6:{s:13:\"project_tasks\";i:1;s:16:\"project_overview\";i:1;s:13:\"project_files\";i:1;s:13:\"project_gantt\";i:1;s:13:\"project_notes\";i:1;s:16:\"project_activity\";i:1;}'),
(412, 27, 'view_tasks', '0'),
(413, 27, 'create_tasks', '0'),
(414, 27, 'edit_tasks', '0'),
(415, 27, 'comment_on_tasks', '0'),
(416, 27, 'view_task_comments', '0'),
(417, 27, 'view_task_attachments', '0'),
(418, 27, 'view_task_checklist_items', '0'),
(419, 27, 'upload_on_tasks', '0'),
(420, 27, 'view_task_total_logged_time', '0'),
(421, 27, 'upload_files', '0'),
(422, 27, 'view_gantt', '0'),
(423, 27, 'view_activity_log', '0'),
(424, 27, 'view_team_members', '0'),
(425, 27, 'hide_tasks_on_main_tasks_table', '0'),
(426, 28, 'available_features', 'a:6:{s:16:\"project_overview\";i:1;s:13:\"project_tasks\";i:0;s:13:\"project_files\";i:0;s:13:\"project_gantt\";i:0;s:13:\"project_notes\";i:0;s:16:\"project_activity\";i:0;}'),
(427, 28, 'view_tasks', '0'),
(428, 28, 'create_tasks', '0'),
(429, 28, 'edit_tasks', '0'),
(430, 28, 'comment_on_tasks', '0'),
(431, 28, 'view_task_comments', '0'),
(432, 28, 'view_task_attachments', '0'),
(433, 28, 'view_task_checklist_items', '0'),
(434, 28, 'upload_on_tasks', '0'),
(435, 28, 'view_task_total_logged_time', '0'),
(436, 28, 'upload_files', '0'),
(437, 28, 'view_gantt', '0'),
(438, 28, 'view_activity_log', '0'),
(439, 28, 'view_team_members', '0'),
(440, 28, 'hide_tasks_on_main_tasks_table', '0'),
(441, 29, 'available_features', 'a:6:{s:13:\"project_tasks\";i:1;s:16:\"project_overview\";i:1;s:13:\"project_files\";i:1;s:13:\"project_gantt\";i:1;s:13:\"project_notes\";i:1;s:16:\"project_activity\";i:1;}'),
(442, 29, 'view_tasks', '0'),
(443, 29, 'create_tasks', '0'),
(444, 29, 'edit_tasks', '0'),
(445, 29, 'comment_on_tasks', '0'),
(446, 29, 'view_task_comments', '0'),
(447, 29, 'view_task_attachments', '0'),
(448, 29, 'view_task_checklist_items', '0'),
(449, 29, 'upload_on_tasks', '0'),
(450, 29, 'view_task_total_logged_time', '0'),
(451, 29, 'upload_files', '0'),
(452, 29, 'view_gantt', '0'),
(453, 29, 'view_activity_log', '0'),
(454, 29, 'view_team_members', '0'),
(455, 29, 'hide_tasks_on_main_tasks_table', '0'),
(456, 30, 'available_features', 'a:6:{s:13:\"project_tasks\";i:1;s:16:\"project_overview\";i:1;s:13:\"project_files\";i:1;s:13:\"project_gantt\";i:1;s:13:\"project_notes\";i:1;s:16:\"project_activity\";i:1;}'),
(457, 30, 'view_tasks', '0'),
(458, 30, 'create_tasks', '0'),
(459, 30, 'edit_tasks', '0'),
(460, 30, 'comment_on_tasks', '0'),
(461, 30, 'view_task_comments', '0'),
(462, 30, 'view_task_attachments', '0'),
(463, 30, 'view_task_checklist_items', '0'),
(464, 30, 'upload_on_tasks', '0'),
(465, 30, 'view_task_total_logged_time', '0'),
(466, 30, 'upload_files', '0'),
(467, 30, 'view_gantt', '0'),
(468, 30, 'view_activity_log', '0'),
(469, 30, 'view_team_members', '0'),
(470, 30, 'hide_tasks_on_main_tasks_table', '0'),
(471, 31, 'available_features', 'a:6:{s:13:\"project_tasks\";i:1;s:16:\"project_overview\";i:1;s:13:\"project_files\";i:1;s:13:\"project_gantt\";i:1;s:13:\"project_notes\";i:1;s:16:\"project_activity\";i:1;}'),
(472, 31, 'view_tasks', '0'),
(473, 31, 'create_tasks', '0'),
(474, 31, 'edit_tasks', '0'),
(475, 31, 'comment_on_tasks', '0'),
(476, 31, 'view_task_comments', '0'),
(477, 31, 'view_task_attachments', '0'),
(478, 31, 'view_task_checklist_items', '0'),
(479, 31, 'upload_on_tasks', '0'),
(480, 31, 'view_task_total_logged_time', '0'),
(481, 31, 'upload_files', '0'),
(482, 31, 'view_gantt', '0'),
(483, 31, 'view_activity_log', '0'),
(484, 31, 'view_team_members', '0'),
(485, 31, 'hide_tasks_on_main_tasks_table', '0'),
(486, 32, 'available_features', 'a:6:{s:16:\"project_overview\";i:1;s:13:\"project_tasks\";i:0;s:13:\"project_files\";i:0;s:13:\"project_gantt\";i:0;s:13:\"project_notes\";i:0;s:16:\"project_activity\";i:0;}'),
(487, 32, 'view_tasks', '0'),
(488, 32, 'create_tasks', '0'),
(489, 32, 'edit_tasks', '0'),
(490, 32, 'comment_on_tasks', '0'),
(491, 32, 'view_task_comments', '0'),
(492, 32, 'view_task_attachments', '0'),
(493, 32, 'view_task_checklist_items', '0'),
(494, 32, 'upload_on_tasks', '0'),
(495, 32, 'view_task_total_logged_time', '0'),
(496, 32, 'upload_files', '0'),
(497, 32, 'view_gantt', '0'),
(498, 32, 'view_activity_log', '0'),
(499, 32, 'view_team_members', '0'),
(500, 32, 'hide_tasks_on_main_tasks_table', '0'),
(501, 33, 'available_features', 'a:6:{s:13:\"project_tasks\";i:1;s:16:\"project_overview\";i:1;s:13:\"project_files\";i:1;s:13:\"project_gantt\";i:1;s:13:\"project_notes\";i:1;s:16:\"project_activity\";i:1;}'),
(502, 33, 'view_tasks', '0'),
(503, 33, 'create_tasks', '0'),
(504, 33, 'edit_tasks', '0'),
(505, 33, 'comment_on_tasks', '0'),
(506, 33, 'view_task_comments', '0'),
(507, 33, 'view_task_attachments', '0'),
(508, 33, 'view_task_checklist_items', '0'),
(509, 33, 'upload_on_tasks', '0'),
(510, 33, 'view_task_total_logged_time', '0'),
(511, 33, 'upload_files', '0'),
(512, 33, 'view_gantt', '0'),
(513, 33, 'view_activity_log', '0'),
(514, 33, 'view_team_members', '0'),
(515, 33, 'hide_tasks_on_main_tasks_table', '0'),
(516, 34, 'available_features', 'a:6:{s:13:\"project_tasks\";i:1;s:16:\"project_overview\";i:1;s:13:\"project_files\";i:1;s:13:\"project_gantt\";i:1;s:13:\"project_notes\";i:1;s:16:\"project_activity\";i:1;}'),
(517, 34, 'view_tasks', '0'),
(518, 34, 'create_tasks', '0'),
(519, 34, 'edit_tasks', '0'),
(520, 34, 'comment_on_tasks', '0'),
(521, 34, 'view_task_comments', '0'),
(522, 34, 'view_task_attachments', '0'),
(523, 34, 'view_task_checklist_items', '0'),
(524, 34, 'upload_on_tasks', '0'),
(525, 34, 'view_task_total_logged_time', '0'),
(526, 34, 'upload_files', '0'),
(527, 34, 'view_gantt', '0'),
(528, 34, 'view_activity_log', '0'),
(529, 34, 'view_team_members', '0'),
(530, 34, 'hide_tasks_on_main_tasks_table', '0'),
(531, 35, 'available_features', 'a:6:{s:13:\"project_tasks\";i:1;s:16:\"project_overview\";i:1;s:13:\"project_files\";i:1;s:13:\"project_gantt\";i:1;s:13:\"project_notes\";i:1;s:16:\"project_activity\";i:1;}'),
(532, 35, 'view_tasks', '0'),
(533, 35, 'create_tasks', '0'),
(534, 35, 'edit_tasks', '0'),
(535, 35, 'comment_on_tasks', '0'),
(536, 35, 'view_task_comments', '0'),
(537, 35, 'view_task_attachments', '0'),
(538, 35, 'view_task_checklist_items', '0'),
(539, 35, 'upload_on_tasks', '0'),
(540, 35, 'view_task_total_logged_time', '0'),
(541, 35, 'upload_files', '0'),
(542, 35, 'view_gantt', '0'),
(543, 35, 'view_activity_log', '0'),
(544, 35, 'view_team_members', '0'),
(545, 35, 'hide_tasks_on_main_tasks_table', '0'),
(546, 36, 'available_features', 'a:6:{s:16:\"project_overview\";i:1;s:13:\"project_tasks\";i:0;s:13:\"project_files\";i:0;s:13:\"project_gantt\";i:0;s:13:\"project_notes\";i:0;s:16:\"project_activity\";i:0;}'),
(547, 36, 'view_tasks', '0'),
(548, 36, 'create_tasks', '0'),
(549, 36, 'edit_tasks', '0'),
(550, 36, 'comment_on_tasks', '0'),
(551, 36, 'view_task_comments', '0'),
(552, 36, 'view_task_attachments', '0'),
(553, 36, 'view_task_checklist_items', '0'),
(554, 36, 'upload_on_tasks', '0'),
(555, 36, 'view_task_total_logged_time', '0'),
(556, 36, 'upload_files', '0'),
(557, 36, 'view_gantt', '0'),
(558, 36, 'view_activity_log', '0'),
(559, 36, 'view_team_members', '0'),
(560, 36, 'hide_tasks_on_main_tasks_table', '0'),
(561, 37, 'available_features', 'a:6:{s:13:\"project_tasks\";i:1;s:16:\"project_overview\";i:1;s:13:\"project_files\";i:1;s:13:\"project_gantt\";i:1;s:13:\"project_notes\";i:1;s:16:\"project_activity\";i:1;}'),
(562, 37, 'view_tasks', '0'),
(563, 37, 'create_tasks', '0'),
(564, 37, 'edit_tasks', '0'),
(565, 37, 'comment_on_tasks', '0'),
(566, 37, 'view_task_comments', '0'),
(567, 37, 'view_task_attachments', '0'),
(568, 37, 'view_task_checklist_items', '0'),
(569, 37, 'upload_on_tasks', '0'),
(570, 37, 'view_task_total_logged_time', '0'),
(571, 37, 'upload_files', '0'),
(572, 37, 'view_gantt', '0'),
(573, 37, 'view_activity_log', '0'),
(574, 37, 'view_team_members', '0'),
(575, 37, 'hide_tasks_on_main_tasks_table', '0'),
(576, 38, 'available_features', 'a:6:{s:16:\"project_overview\";i:1;s:13:\"project_tasks\";i:0;s:13:\"project_files\";i:0;s:13:\"project_gantt\";i:0;s:13:\"project_notes\";i:0;s:16:\"project_activity\";i:0;}'),
(577, 38, 'view_tasks', '0'),
(578, 38, 'create_tasks', '0'),
(579, 38, 'edit_tasks', '0'),
(580, 38, 'comment_on_tasks', '0'),
(581, 38, 'view_task_comments', '0'),
(582, 38, 'view_task_attachments', '0'),
(583, 38, 'view_task_checklist_items', '0'),
(584, 38, 'upload_on_tasks', '0'),
(585, 38, 'view_task_total_logged_time', '0'),
(586, 38, 'upload_files', '0'),
(587, 38, 'view_gantt', '0'),
(588, 38, 'view_activity_log', '0'),
(589, 38, 'view_team_members', '0'),
(590, 38, 'hide_tasks_on_main_tasks_table', '0'),
(591, 39, 'available_features', 'a:6:{s:13:\"project_tasks\";i:1;s:16:\"project_overview\";i:1;s:13:\"project_files\";i:1;s:13:\"project_gantt\";i:1;s:13:\"project_notes\";i:1;s:16:\"project_activity\";i:1;}'),
(592, 39, 'view_tasks', '0'),
(593, 39, 'create_tasks', '0'),
(594, 39, 'edit_tasks', '0'),
(595, 39, 'comment_on_tasks', '0'),
(596, 39, 'view_task_comments', '0'),
(597, 39, 'view_task_attachments', '0'),
(598, 39, 'view_task_checklist_items', '0'),
(599, 39, 'upload_on_tasks', '0'),
(600, 39, 'view_task_total_logged_time', '0'),
(601, 39, 'upload_files', '0'),
(602, 39, 'view_gantt', '0'),
(603, 39, 'view_activity_log', '0'),
(604, 39, 'view_team_members', '0'),
(605, 39, 'hide_tasks_on_main_tasks_table', '0'),
(606, 40, 'available_features', 'a:6:{s:13:\"project_tasks\";i:1;s:16:\"project_overview\";i:1;s:13:\"project_files\";i:1;s:13:\"project_gantt\";i:1;s:13:\"project_notes\";i:1;s:16:\"project_activity\";i:1;}'),
(607, 40, 'view_tasks', '0'),
(608, 40, 'create_tasks', '0'),
(609, 40, 'edit_tasks', '0'),
(610, 40, 'comment_on_tasks', '0'),
(611, 40, 'view_task_comments', '0'),
(612, 40, 'view_task_attachments', '0'),
(613, 40, 'view_task_checklist_items', '0'),
(614, 40, 'upload_on_tasks', '0'),
(615, 40, 'view_task_total_logged_time', '0'),
(616, 40, 'upload_files', '0'),
(617, 40, 'view_gantt', '0'),
(618, 40, 'view_activity_log', '0'),
(619, 40, 'view_team_members', '0'),
(620, 40, 'hide_tasks_on_main_tasks_table', '0'),
(621, 41, 'available_features', 'a:6:{s:13:\"project_tasks\";i:1;s:16:\"project_overview\";i:1;s:13:\"project_files\";i:1;s:13:\"project_gantt\";i:1;s:13:\"project_notes\";i:1;s:16:\"project_activity\";i:1;}'),
(622, 41, 'view_tasks', '0'),
(623, 41, 'create_tasks', '0'),
(624, 41, 'edit_tasks', '0'),
(625, 41, 'comment_on_tasks', '0'),
(626, 41, 'view_task_comments', '0'),
(627, 41, 'view_task_attachments', '0'),
(628, 41, 'view_task_checklist_items', '0'),
(629, 41, 'upload_on_tasks', '0'),
(630, 41, 'view_task_total_logged_time', '0'),
(631, 41, 'upload_files', '0'),
(632, 41, 'view_gantt', '0'),
(633, 41, 'view_activity_log', '0'),
(634, 41, 'view_team_members', '0'),
(635, 41, 'hide_tasks_on_main_tasks_table', '0'),
(636, 42, 'available_features', 'a:6:{s:13:\"project_tasks\";i:1;s:16:\"project_overview\";i:1;s:13:\"project_files\";i:1;s:13:\"project_gantt\";i:1;s:13:\"project_notes\";i:1;s:16:\"project_activity\";i:1;}'),
(637, 42, 'view_tasks', '0'),
(638, 42, 'create_tasks', '0'),
(639, 42, 'edit_tasks', '0'),
(640, 42, 'comment_on_tasks', '0'),
(641, 42, 'view_task_comments', '0'),
(642, 42, 'view_task_attachments', '0'),
(643, 42, 'view_task_checklist_items', '0'),
(644, 42, 'upload_on_tasks', '0'),
(645, 42, 'view_task_total_logged_time', '0'),
(646, 42, 'upload_files', '0'),
(647, 42, 'view_gantt', '0'),
(648, 42, 'view_activity_log', '0'),
(649, 42, 'view_team_members', '0'),
(650, 42, 'hide_tasks_on_main_tasks_table', '0'),
(651, 43, 'available_features', 'a:6:{s:16:\"project_overview\";i:1;s:13:\"project_tasks\";i:0;s:13:\"project_files\";i:0;s:13:\"project_gantt\";i:0;s:13:\"project_notes\";i:0;s:16:\"project_activity\";i:0;}'),
(652, 43, 'view_tasks', '0'),
(653, 43, 'create_tasks', '0'),
(654, 43, 'edit_tasks', '0'),
(655, 43, 'comment_on_tasks', '0'),
(656, 43, 'view_task_comments', '0'),
(657, 43, 'view_task_attachments', '0'),
(658, 43, 'view_task_checklist_items', '0'),
(659, 43, 'upload_on_tasks', '0'),
(660, 43, 'view_task_total_logged_time', '0'),
(661, 43, 'upload_files', '0'),
(662, 43, 'view_gantt', '0'),
(663, 43, 'view_activity_log', '0'),
(664, 43, 'view_team_members', '0'),
(665, 43, 'hide_tasks_on_main_tasks_table', '0'),
(666, 44, 'available_features', 'a:6:{s:16:\"project_overview\";i:1;s:13:\"project_tasks\";i:0;s:13:\"project_files\";i:0;s:13:\"project_gantt\";i:0;s:13:\"project_notes\";i:0;s:16:\"project_activity\";i:0;}'),
(667, 44, 'view_tasks', '0'),
(668, 44, 'create_tasks', '0'),
(669, 44, 'edit_tasks', '0'),
(670, 44, 'comment_on_tasks', '0'),
(671, 44, 'view_task_comments', '0'),
(672, 44, 'view_task_attachments', '0'),
(673, 44, 'view_task_checklist_items', '0'),
(674, 44, 'upload_on_tasks', '0'),
(675, 44, 'view_task_total_logged_time', '0'),
(676, 44, 'upload_files', '0'),
(677, 44, 'view_gantt', '0'),
(678, 44, 'view_activity_log', '0'),
(679, 44, 'view_team_members', '0'),
(680, 44, 'hide_tasks_on_main_tasks_table', '0'),
(681, 45, 'available_features', 'a:6:{s:13:\"project_tasks\";i:1;s:16:\"project_overview\";i:1;s:13:\"project_files\";i:1;s:13:\"project_gantt\";i:1;s:13:\"project_notes\";i:1;s:16:\"project_activity\";i:1;}'),
(682, 45, 'view_tasks', '0'),
(683, 45, 'create_tasks', '0'),
(684, 45, 'edit_tasks', '0'),
(685, 45, 'comment_on_tasks', '0'),
(686, 45, 'view_task_comments', '0'),
(687, 45, 'view_task_attachments', '0'),
(688, 45, 'view_task_checklist_items', '0'),
(689, 45, 'upload_on_tasks', '0'),
(690, 45, 'view_task_total_logged_time', '0'),
(691, 45, 'upload_files', '0'),
(692, 45, 'view_gantt', '0'),
(693, 45, 'view_activity_log', '0'),
(694, 45, 'view_team_members', '0'),
(695, 45, 'hide_tasks_on_main_tasks_table', '0'),
(696, 46, 'available_features', 'a:6:{s:13:\"project_tasks\";i:1;s:16:\"project_overview\";i:1;s:13:\"project_files\";i:1;s:13:\"project_gantt\";i:1;s:13:\"project_notes\";i:1;s:16:\"project_activity\";i:1;}'),
(697, 46, 'view_tasks', '0'),
(698, 46, 'create_tasks', '0'),
(699, 46, 'edit_tasks', '0'),
(700, 46, 'comment_on_tasks', '0'),
(701, 46, 'view_task_comments', '0'),
(702, 46, 'view_task_attachments', '0'),
(703, 46, 'view_task_checklist_items', '0'),
(704, 46, 'upload_on_tasks', '0'),
(705, 46, 'view_task_total_logged_time', '0'),
(706, 46, 'upload_files', '0'),
(707, 46, 'view_gantt', '0'),
(708, 46, 'view_activity_log', '0'),
(709, 46, 'view_team_members', '0'),
(710, 46, 'hide_tasks_on_main_tasks_table', '0'),
(711, 47, 'available_features', 'a:6:{s:16:\"project_overview\";i:1;s:13:\"project_tasks\";i:0;s:13:\"project_files\";i:0;s:13:\"project_gantt\";i:0;s:13:\"project_notes\";i:0;s:16:\"project_activity\";i:0;}'),
(712, 47, 'view_tasks', '0'),
(713, 47, 'create_tasks', '0'),
(714, 47, 'edit_tasks', '0'),
(715, 47, 'comment_on_tasks', '0'),
(716, 47, 'view_task_comments', '0'),
(717, 47, 'view_task_attachments', '0'),
(718, 47, 'view_task_checklist_items', '0'),
(719, 47, 'upload_on_tasks', '0'),
(720, 47, 'view_task_total_logged_time', '0'),
(721, 47, 'upload_files', '0'),
(722, 47, 'view_gantt', '0'),
(723, 47, 'view_activity_log', '0'),
(724, 47, 'view_team_members', '0'),
(725, 47, 'hide_tasks_on_main_tasks_table', '0'),
(726, 48, 'available_features', 'a:6:{s:16:\"project_overview\";i:1;s:13:\"project_tasks\";i:0;s:13:\"project_files\";i:0;s:13:\"project_gantt\";i:0;s:13:\"project_notes\";i:0;s:16:\"project_activity\";i:0;}'),
(727, 48, 'view_tasks', '0'),
(728, 48, 'create_tasks', '0'),
(729, 48, 'edit_tasks', '0'),
(730, 48, 'comment_on_tasks', '0'),
(731, 48, 'view_task_comments', '0'),
(732, 48, 'view_task_attachments', '0'),
(733, 48, 'view_task_checklist_items', '0'),
(734, 48, 'upload_on_tasks', '0'),
(735, 48, 'view_task_total_logged_time', '0'),
(736, 48, 'upload_files', '0'),
(737, 48, 'view_gantt', '0'),
(738, 48, 'view_activity_log', '0'),
(739, 48, 'view_team_members', '0'),
(740, 48, 'hide_tasks_on_main_tasks_table', '0'),
(741, 49, 'available_features', 'a:6:{s:13:\"project_tasks\";i:1;s:16:\"project_overview\";i:1;s:13:\"project_files\";i:1;s:13:\"project_gantt\";i:1;s:13:\"project_notes\";i:1;s:16:\"project_activity\";i:1;}'),
(742, 49, 'view_tasks', '0'),
(743, 49, 'create_tasks', '0'),
(744, 49, 'edit_tasks', '0'),
(745, 49, 'comment_on_tasks', '0'),
(746, 49, 'view_task_comments', '0'),
(747, 49, 'view_task_attachments', '0'),
(748, 49, 'view_task_checklist_items', '0'),
(749, 49, 'upload_on_tasks', '0'),
(750, 49, 'view_task_total_logged_time', '0'),
(751, 49, 'upload_files', '0'),
(752, 49, 'view_gantt', '0'),
(753, 49, 'view_activity_log', '0'),
(754, 49, 'view_team_members', '0'),
(755, 49, 'hide_tasks_on_main_tasks_table', '0'),
(756, 50, 'available_features', 'a:6:{s:13:\"project_tasks\";i:1;s:16:\"project_overview\";i:1;s:13:\"project_files\";i:1;s:13:\"project_gantt\";i:1;s:13:\"project_notes\";i:1;s:16:\"project_activity\";i:1;}'),
(757, 50, 'view_tasks', '0'),
(758, 50, 'create_tasks', '0'),
(759, 50, 'edit_tasks', '0'),
(760, 50, 'comment_on_tasks', '0'),
(761, 50, 'view_task_comments', '0'),
(762, 50, 'view_task_attachments', '0'),
(763, 50, 'view_task_checklist_items', '0'),
(764, 50, 'upload_on_tasks', '0'),
(765, 50, 'view_task_total_logged_time', '0'),
(766, 50, 'upload_files', '0'),
(767, 50, 'view_gantt', '0'),
(768, 50, 'view_activity_log', '0'),
(769, 50, 'view_team_members', '0'),
(770, 50, 'hide_tasks_on_main_tasks_table', '0'),
(771, 51, 'available_features', 'a:6:{s:13:\"project_tasks\";i:1;s:16:\"project_overview\";i:1;s:13:\"project_files\";i:1;s:13:\"project_gantt\";i:1;s:13:\"project_notes\";i:1;s:16:\"project_activity\";i:1;}'),
(772, 51, 'view_tasks', '0'),
(773, 51, 'create_tasks', '0'),
(774, 51, 'edit_tasks', '0'),
(775, 51, 'comment_on_tasks', '0'),
(776, 51, 'view_task_comments', '0'),
(777, 51, 'view_task_attachments', '0'),
(778, 51, 'view_task_checklist_items', '0'),
(779, 51, 'upload_on_tasks', '0'),
(780, 51, 'view_task_total_logged_time', '0'),
(781, 51, 'upload_files', '0'),
(782, 51, 'view_gantt', '0'),
(783, 51, 'view_activity_log', '0'),
(784, 51, 'view_team_members', '0'),
(785, 51, 'hide_tasks_on_main_tasks_table', '0'),
(786, 52, 'available_features', 'a:6:{s:16:\"project_overview\";i:1;s:13:\"project_tasks\";i:0;s:13:\"project_files\";i:0;s:13:\"project_gantt\";i:0;s:13:\"project_notes\";i:0;s:16:\"project_activity\";i:0;}'),
(787, 52, 'view_tasks', '0'),
(788, 52, 'create_tasks', '0'),
(789, 52, 'edit_tasks', '0'),
(790, 52, 'comment_on_tasks', '0'),
(791, 52, 'view_task_comments', '0'),
(792, 52, 'view_task_attachments', '0'),
(793, 52, 'view_task_checklist_items', '0'),
(794, 52, 'upload_on_tasks', '0'),
(795, 52, 'view_task_total_logged_time', '0'),
(796, 52, 'upload_files', '0'),
(797, 52, 'view_gantt', '0'),
(798, 52, 'view_activity_log', '0'),
(799, 52, 'view_team_members', '0'),
(800, 52, 'hide_tasks_on_main_tasks_table', '0'),
(801, 53, 'available_features', 'a:6:{s:16:\"project_overview\";i:1;s:13:\"project_tasks\";i:0;s:13:\"project_files\";i:0;s:13:\"project_gantt\";i:0;s:13:\"project_notes\";i:0;s:16:\"project_activity\";i:0;}'),
(802, 53, 'view_tasks', '0'),
(803, 53, 'create_tasks', '0'),
(804, 53, 'edit_tasks', '0'),
(805, 53, 'comment_on_tasks', '0'),
(806, 53, 'view_task_comments', '0'),
(807, 53, 'view_task_attachments', '0'),
(808, 53, 'view_task_checklist_items', '0'),
(809, 53, 'upload_on_tasks', '0'),
(810, 53, 'view_task_total_logged_time', '0'),
(811, 53, 'upload_files', '0'),
(812, 53, 'view_gantt', '0'),
(813, 53, 'view_activity_log', '0'),
(814, 53, 'view_team_members', '0'),
(815, 53, 'hide_tasks_on_main_tasks_table', '0'),
(816, 54, 'available_features', 'a:6:{s:13:\"project_tasks\";i:1;s:16:\"project_overview\";i:1;s:13:\"project_files\";i:1;s:13:\"project_gantt\";i:1;s:13:\"project_notes\";i:1;s:16:\"project_activity\";i:1;}'),
(817, 54, 'view_tasks', '0'),
(818, 54, 'create_tasks', '0'),
(819, 54, 'edit_tasks', '0'),
(820, 54, 'comment_on_tasks', '0'),
(821, 54, 'view_task_comments', '0'),
(822, 54, 'view_task_attachments', '0'),
(823, 54, 'view_task_checklist_items', '0'),
(824, 54, 'upload_on_tasks', '0'),
(825, 54, 'view_task_total_logged_time', '0'),
(826, 54, 'upload_files', '0'),
(827, 54, 'view_gantt', '0'),
(828, 54, 'view_activity_log', '0'),
(829, 54, 'view_team_members', '0'),
(830, 54, 'hide_tasks_on_main_tasks_table', '0'),
(831, 55, 'available_features', 'a:6:{s:13:\"project_tasks\";i:1;s:16:\"project_overview\";i:1;s:13:\"project_files\";i:1;s:13:\"project_gantt\";i:1;s:13:\"project_notes\";i:1;s:16:\"project_activity\";i:1;}'),
(832, 55, 'view_tasks', '0'),
(833, 55, 'create_tasks', '0'),
(834, 55, 'edit_tasks', '0'),
(835, 55, 'comment_on_tasks', '0'),
(836, 55, 'view_task_comments', '0'),
(837, 55, 'view_task_attachments', '0'),
(838, 55, 'view_task_checklist_items', '0'),
(839, 55, 'upload_on_tasks', '0'),
(840, 55, 'view_task_total_logged_time', '0'),
(841, 55, 'upload_files', '0'),
(842, 55, 'view_gantt', '0'),
(843, 55, 'view_activity_log', '0'),
(844, 55, 'view_team_members', '0'),
(845, 55, 'hide_tasks_on_main_tasks_table', '0'),
(846, 56, 'available_features', 'a:6:{s:13:\"project_tasks\";i:1;s:16:\"project_overview\";i:1;s:13:\"project_files\";i:1;s:13:\"project_gantt\";i:1;s:13:\"project_notes\";i:1;s:16:\"project_activity\";i:1;}'),
(847, 56, 'view_tasks', '0'),
(848, 56, 'create_tasks', '0'),
(849, 56, 'edit_tasks', '0'),
(850, 56, 'comment_on_tasks', '0'),
(851, 56, 'view_task_comments', '0'),
(852, 56, 'view_task_attachments', '0'),
(853, 56, 'view_task_checklist_items', '0'),
(854, 56, 'upload_on_tasks', '0'),
(855, 56, 'view_task_total_logged_time', '0'),
(856, 56, 'upload_files', '0'),
(857, 56, 'view_gantt', '0'),
(858, 56, 'view_activity_log', '0'),
(859, 56, 'view_team_members', '0'),
(860, 56, 'hide_tasks_on_main_tasks_table', '0'),
(861, 57, 'available_features', 'a:6:{s:13:\"project_tasks\";i:1;s:16:\"project_overview\";i:1;s:13:\"project_files\";i:1;s:13:\"project_gantt\";i:1;s:13:\"project_notes\";i:1;s:16:\"project_activity\";i:1;}'),
(862, 57, 'view_tasks', '0'),
(863, 57, 'create_tasks', '0'),
(864, 57, 'edit_tasks', '0'),
(865, 57, 'comment_on_tasks', '0'),
(866, 57, 'view_task_comments', '0'),
(867, 57, 'view_task_attachments', '0'),
(868, 57, 'view_task_checklist_items', '0'),
(869, 57, 'upload_on_tasks', '0'),
(870, 57, 'view_task_total_logged_time', '0'),
(871, 57, 'upload_files', '0'),
(872, 57, 'view_gantt', '0'),
(873, 57, 'view_activity_log', '0'),
(874, 57, 'view_team_members', '0'),
(875, 57, 'hide_tasks_on_main_tasks_table', '0'),
(876, 58, 'available_features', 'a:6:{s:13:\"project_tasks\";i:1;s:16:\"project_overview\";i:1;s:13:\"project_files\";i:1;s:13:\"project_gantt\";i:1;s:13:\"project_notes\";i:1;s:16:\"project_activity\";i:1;}'),
(877, 58, 'view_tasks', '0'),
(878, 58, 'create_tasks', '0'),
(879, 58, 'edit_tasks', '0'),
(880, 58, 'comment_on_tasks', '0'),
(881, 58, 'view_task_comments', '0'),
(882, 58, 'view_task_attachments', '0'),
(883, 58, 'view_task_checklist_items', '0'),
(884, 58, 'upload_on_tasks', '0'),
(885, 58, 'view_task_total_logged_time', '0'),
(886, 58, 'upload_files', '0'),
(887, 58, 'view_gantt', '0'),
(888, 58, 'view_activity_log', '0'),
(889, 58, 'view_team_members', '0'),
(890, 58, 'hide_tasks_on_main_tasks_table', '0'),
(891, 59, 'available_features', 'a:6:{s:16:\"project_overview\";i:1;s:13:\"project_tasks\";i:0;s:13:\"project_files\";i:0;s:13:\"project_gantt\";i:0;s:13:\"project_notes\";i:0;s:16:\"project_activity\";i:0;}'),
(892, 59, 'view_tasks', '0'),
(893, 59, 'create_tasks', '0'),
(894, 59, 'edit_tasks', '0'),
(895, 59, 'comment_on_tasks', '0'),
(896, 59, 'view_task_comments', '0'),
(897, 59, 'view_task_attachments', '0'),
(898, 59, 'view_task_checklist_items', '0'),
(899, 59, 'upload_on_tasks', '0'),
(900, 59, 'view_task_total_logged_time', '0'),
(901, 59, 'upload_files', '0'),
(902, 59, 'view_gantt', '0'),
(903, 59, 'view_activity_log', '0'),
(904, 59, 'view_team_members', '0'),
(905, 59, 'hide_tasks_on_main_tasks_table', '0'),
(906, 60, 'available_features', 'a:6:{s:16:\"project_overview\";i:1;s:13:\"project_tasks\";i:0;s:13:\"project_files\";i:0;s:13:\"project_gantt\";i:0;s:13:\"project_notes\";i:0;s:16:\"project_activity\";i:0;}'),
(907, 60, 'view_tasks', '0'),
(908, 60, 'create_tasks', '0'),
(909, 60, 'edit_tasks', '0'),
(910, 60, 'comment_on_tasks', '0'),
(911, 60, 'view_task_comments', '0'),
(912, 60, 'view_task_attachments', '0'),
(913, 60, 'view_task_checklist_items', '0'),
(914, 60, 'upload_on_tasks', '0'),
(915, 60, 'view_task_total_logged_time', '0'),
(916, 60, 'upload_files', '0'),
(917, 60, 'view_gantt', '0'),
(918, 60, 'view_activity_log', '0'),
(919, 60, 'view_team_members', '0'),
(920, 60, 'hide_tasks_on_main_tasks_table', '0'),
(921, 61, 'available_features', 'a:6:{s:13:\"project_tasks\";i:1;s:16:\"project_overview\";i:1;s:13:\"project_files\";i:1;s:13:\"project_gantt\";i:1;s:13:\"project_notes\";i:1;s:16:\"project_activity\";i:1;}'),
(922, 61, 'view_tasks', '0'),
(923, 61, 'create_tasks', '0'),
(924, 61, 'edit_tasks', '0'),
(925, 61, 'comment_on_tasks', '0'),
(926, 61, 'view_task_comments', '0'),
(927, 61, 'view_task_attachments', '0'),
(928, 61, 'view_task_checklist_items', '0'),
(929, 61, 'upload_on_tasks', '0'),
(930, 61, 'view_task_total_logged_time', '0'),
(931, 61, 'upload_files', '0'),
(932, 61, 'view_gantt', '0'),
(933, 61, 'view_activity_log', '0'),
(934, 61, 'view_team_members', '0'),
(935, 61, 'hide_tasks_on_main_tasks_table', '0'),
(951, 63, 'available_features', 'a:6:{s:16:\"project_overview\";i:1;s:13:\"project_tasks\";i:0;s:13:\"project_files\";i:0;s:13:\"project_gantt\";i:0;s:13:\"project_notes\";i:0;s:16:\"project_activity\";i:0;}'),
(952, 63, 'view_tasks', '0'),
(953, 63, 'create_tasks', '0'),
(954, 63, 'edit_tasks', '0'),
(955, 63, 'comment_on_tasks', '0'),
(956, 63, 'view_task_comments', '0'),
(957, 63, 'view_task_attachments', '0'),
(958, 63, 'view_task_checklist_items', '0'),
(959, 63, 'upload_on_tasks', '0'),
(960, 63, 'view_task_total_logged_time', '0'),
(961, 63, 'upload_files', '0'),
(962, 63, 'view_gantt', '0'),
(963, 63, 'view_activity_log', '0'),
(964, 63, 'view_team_members', '0'),
(965, 63, 'hide_tasks_on_main_tasks_table', '0'),
(966, 64, 'available_features', 'a:6:{s:13:\"project_tasks\";i:1;s:16:\"project_overview\";i:1;s:13:\"project_files\";i:1;s:13:\"project_gantt\";i:1;s:13:\"project_notes\";i:1;s:16:\"project_activity\";i:1;}'),
(967, 64, 'view_tasks', '0'),
(968, 64, 'create_tasks', '0'),
(969, 64, 'edit_tasks', '0'),
(970, 64, 'comment_on_tasks', '0'),
(971, 64, 'view_task_comments', '0'),
(972, 64, 'view_task_attachments', '0'),
(973, 64, 'view_task_checklist_items', '0'),
(974, 64, 'upload_on_tasks', '0'),
(975, 64, 'view_task_total_logged_time', '0'),
(976, 64, 'upload_files', '0'),
(977, 64, 'view_gantt', '0'),
(978, 64, 'view_activity_log', '0'),
(979, 64, 'view_team_members', '0'),
(980, 64, 'hide_tasks_on_main_tasks_table', '0'),
(981, 65, 'available_features', 'a:6:{s:13:\"project_tasks\";i:1;s:16:\"project_overview\";i:1;s:13:\"project_files\";i:1;s:13:\"project_gantt\";i:1;s:13:\"project_notes\";i:1;s:16:\"project_activity\";i:1;}'),
(982, 65, 'view_tasks', '0'),
(983, 65, 'create_tasks', '0'),
(984, 65, 'edit_tasks', '0'),
(985, 65, 'comment_on_tasks', '0'),
(986, 65, 'view_task_comments', '0'),
(987, 65, 'view_task_attachments', '0'),
(988, 65, 'view_task_checklist_items', '0'),
(989, 65, 'upload_on_tasks', '0'),
(990, 65, 'view_task_total_logged_time', '0'),
(991, 65, 'upload_files', '0'),
(992, 65, 'view_gantt', '0'),
(993, 65, 'view_activity_log', '0'),
(994, 65, 'view_team_members', '0'),
(995, 65, 'hide_tasks_on_main_tasks_table', '0'),
(996, 66, 'available_features', 'a:6:{s:13:\"project_tasks\";i:1;s:16:\"project_overview\";i:1;s:13:\"project_files\";i:1;s:13:\"project_gantt\";i:1;s:13:\"project_notes\";i:1;s:16:\"project_activity\";i:1;}'),
(997, 66, 'view_tasks', '0'),
(998, 66, 'create_tasks', '0'),
(999, 66, 'edit_tasks', '0'),
(1000, 66, 'comment_on_tasks', '0'),
(1001, 66, 'view_task_comments', '0'),
(1002, 66, 'view_task_attachments', '0'),
(1003, 66, 'view_task_checklist_items', '0'),
(1004, 66, 'upload_on_tasks', '0'),
(1005, 66, 'view_task_total_logged_time', '0'),
(1006, 66, 'upload_files', '0'),
(1007, 66, 'view_gantt', '0'),
(1008, 66, 'view_activity_log', '0'),
(1009, 66, 'view_team_members', '0'),
(1010, 66, 'hide_tasks_on_main_tasks_table', '0'),
(1011, 67, 'available_features', 'a:6:{s:16:\"project_overview\";i:1;s:13:\"project_tasks\";i:0;s:13:\"project_files\";i:0;s:13:\"project_gantt\";i:0;s:13:\"project_notes\";i:0;s:16:\"project_activity\";i:0;}'),
(1012, 67, 'view_tasks', '0'),
(1013, 67, 'create_tasks', '0'),
(1014, 67, 'edit_tasks', '0'),
(1015, 67, 'comment_on_tasks', '0'),
(1016, 67, 'view_task_comments', '0'),
(1017, 67, 'view_task_attachments', '0'),
(1018, 67, 'view_task_checklist_items', '0'),
(1019, 67, 'upload_on_tasks', '0'),
(1020, 67, 'view_task_total_logged_time', '0'),
(1021, 67, 'upload_files', '0'),
(1022, 67, 'view_gantt', '0'),
(1023, 67, 'view_activity_log', '0'),
(1024, 67, 'view_team_members', '0'),
(1025, 67, 'hide_tasks_on_main_tasks_table', '0'),
(1026, 68, 'available_features', 'a:6:{s:13:\"project_tasks\";i:1;s:16:\"project_overview\";i:1;s:13:\"project_files\";i:1;s:13:\"project_gantt\";i:1;s:13:\"project_notes\";i:1;s:16:\"project_activity\";i:1;}'),
(1027, 68, 'view_tasks', '0'),
(1028, 68, 'create_tasks', '0'),
(1029, 68, 'edit_tasks', '0'),
(1030, 68, 'comment_on_tasks', '0'),
(1031, 68, 'view_task_comments', '0'),
(1032, 68, 'view_task_attachments', '0'),
(1033, 68, 'view_task_checklist_items', '0'),
(1034, 68, 'upload_on_tasks', '0'),
(1035, 68, 'view_task_total_logged_time', '0'),
(1036, 68, 'upload_files', '0'),
(1037, 68, 'view_gantt', '0'),
(1038, 68, 'view_activity_log', '0'),
(1039, 68, 'view_team_members', '0'),
(1040, 68, 'hide_tasks_on_main_tasks_table', '0'),
(1041, 69, 'available_features', 'a:6:{s:13:\"project_tasks\";i:1;s:16:\"project_overview\";i:1;s:13:\"project_files\";i:1;s:13:\"project_gantt\";i:1;s:13:\"project_notes\";i:1;s:16:\"project_activity\";i:1;}'),
(1042, 69, 'view_tasks', '0'),
(1043, 69, 'create_tasks', '0'),
(1044, 69, 'edit_tasks', '0'),
(1045, 69, 'comment_on_tasks', '0'),
(1046, 69, 'view_task_comments', '0'),
(1047, 69, 'view_task_attachments', '0'),
(1048, 69, 'view_task_checklist_items', '0'),
(1049, 69, 'upload_on_tasks', '0'),
(1050, 69, 'view_task_total_logged_time', '0'),
(1051, 69, 'upload_files', '0'),
(1052, 69, 'view_gantt', '0'),
(1053, 69, 'view_activity_log', '0'),
(1054, 69, 'view_team_members', '0'),
(1055, 69, 'hide_tasks_on_main_tasks_table', '0'),
(1056, 70, 'available_features', 'a:6:{s:13:\"project_tasks\";i:1;s:16:\"project_overview\";i:1;s:13:\"project_files\";i:1;s:13:\"project_gantt\";i:1;s:13:\"project_notes\";i:1;s:16:\"project_activity\";i:1;}'),
(1057, 70, 'view_tasks', '0'),
(1058, 70, 'create_tasks', '0'),
(1059, 70, 'edit_tasks', '0'),
(1060, 70, 'comment_on_tasks', '0'),
(1061, 70, 'view_task_comments', '0'),
(1062, 70, 'view_task_attachments', '0'),
(1063, 70, 'view_task_checklist_items', '0'),
(1064, 70, 'upload_on_tasks', '0'),
(1065, 70, 'view_task_total_logged_time', '0'),
(1066, 70, 'upload_files', '0'),
(1067, 70, 'view_gantt', '0'),
(1068, 70, 'view_activity_log', '0'),
(1069, 70, 'view_team_members', '0'),
(1070, 70, 'hide_tasks_on_main_tasks_table', '0'),
(1071, 71, 'available_features', 'a:6:{s:16:\"project_overview\";i:1;s:13:\"project_tasks\";i:0;s:13:\"project_files\";i:0;s:13:\"project_gantt\";i:0;s:13:\"project_notes\";i:0;s:16:\"project_activity\";i:0;}'),
(1072, 71, 'view_tasks', '0'),
(1073, 71, 'create_tasks', '0'),
(1074, 71, 'edit_tasks', '0'),
(1075, 71, 'comment_on_tasks', '0'),
(1076, 71, 'view_task_comments', '0'),
(1077, 71, 'view_task_attachments', '0'),
(1078, 71, 'view_task_checklist_items', '0'),
(1079, 71, 'upload_on_tasks', '0'),
(1080, 71, 'view_task_total_logged_time', '0'),
(1081, 71, 'upload_files', '0'),
(1082, 71, 'view_gantt', '0'),
(1083, 71, 'view_activity_log', '0'),
(1084, 71, 'view_team_members', '0'),
(1085, 71, 'hide_tasks_on_main_tasks_table', '0'),
(1086, 72, 'available_features', 'a:6:{s:13:\"project_tasks\";i:1;s:16:\"project_overview\";i:1;s:13:\"project_files\";i:1;s:13:\"project_gantt\";i:1;s:13:\"project_notes\";i:1;s:16:\"project_activity\";i:1;}'),
(1087, 72, 'view_tasks', '0'),
(1088, 72, 'create_tasks', '0'),
(1089, 72, 'edit_tasks', '0'),
(1090, 72, 'comment_on_tasks', '0'),
(1091, 72, 'view_task_comments', '0'),
(1092, 72, 'view_task_attachments', '0'),
(1093, 72, 'view_task_checklist_items', '0'),
(1094, 72, 'upload_on_tasks', '0'),
(1095, 72, 'view_task_total_logged_time', '0'),
(1096, 72, 'upload_files', '0'),
(1097, 72, 'view_gantt', '0'),
(1098, 72, 'view_activity_log', '0'),
(1099, 72, 'view_team_members', '0'),
(1100, 72, 'hide_tasks_on_main_tasks_table', '0'),
(1101, 73, 'available_features', 'a:6:{s:13:\"project_tasks\";i:1;s:16:\"project_overview\";i:1;s:13:\"project_files\";i:1;s:13:\"project_gantt\";i:1;s:13:\"project_notes\";i:1;s:16:\"project_activity\";i:1;}'),
(1102, 73, 'view_tasks', '0'),
(1103, 73, 'create_tasks', '0'),
(1104, 73, 'edit_tasks', '0'),
(1105, 73, 'comment_on_tasks', '0'),
(1106, 73, 'view_task_comments', '0'),
(1107, 73, 'view_task_attachments', '0'),
(1108, 73, 'view_task_checklist_items', '0'),
(1109, 73, 'upload_on_tasks', '0'),
(1110, 73, 'view_task_total_logged_time', '0'),
(1111, 73, 'upload_files', '0'),
(1112, 73, 'view_gantt', '0'),
(1113, 73, 'view_activity_log', '0'),
(1114, 73, 'view_team_members', '0'),
(1115, 73, 'hide_tasks_on_main_tasks_table', '0'),
(1116, 74, 'available_features', 'a:6:{s:13:\"project_tasks\";i:1;s:16:\"project_overview\";i:1;s:13:\"project_files\";i:1;s:13:\"project_gantt\";i:1;s:13:\"project_notes\";i:1;s:16:\"project_activity\";i:1;}'),
(1117, 74, 'view_tasks', '0'),
(1118, 74, 'create_tasks', '0'),
(1119, 74, 'edit_tasks', '0'),
(1120, 74, 'comment_on_tasks', '0'),
(1121, 74, 'view_task_comments', '0'),
(1122, 74, 'view_task_attachments', '0'),
(1123, 74, 'view_task_checklist_items', '0'),
(1124, 74, 'upload_on_tasks', '0'),
(1125, 74, 'view_task_total_logged_time', '0'),
(1126, 74, 'upload_files', '0'),
(1127, 74, 'view_gantt', '0'),
(1128, 74, 'view_activity_log', '0'),
(1129, 74, 'view_team_members', '0'),
(1130, 74, 'hide_tasks_on_main_tasks_table', '0');
INSERT INTO `tblproject_settings` (`id`, `project_id`, `name`, `value`) VALUES
(1131, 75, 'available_features', 'a:6:{s:16:\"project_overview\";i:1;s:13:\"project_tasks\";i:0;s:13:\"project_files\";i:0;s:13:\"project_gantt\";i:0;s:13:\"project_notes\";i:0;s:16:\"project_activity\";i:0;}'),
(1132, 75, 'view_tasks', '0'),
(1133, 75, 'create_tasks', '0'),
(1134, 75, 'edit_tasks', '0'),
(1135, 75, 'comment_on_tasks', '0'),
(1136, 75, 'view_task_comments', '0'),
(1137, 75, 'view_task_attachments', '0'),
(1138, 75, 'view_task_checklist_items', '0'),
(1139, 75, 'upload_on_tasks', '0'),
(1140, 75, 'view_task_total_logged_time', '0'),
(1141, 75, 'upload_files', '0'),
(1142, 75, 'view_gantt', '0'),
(1143, 75, 'view_activity_log', '0'),
(1144, 75, 'view_team_members', '0'),
(1145, 75, 'hide_tasks_on_main_tasks_table', '0'),
(1146, 76, 'available_features', 'a:6:{s:13:\"project_tasks\";i:1;s:16:\"project_overview\";i:1;s:13:\"project_files\";i:1;s:13:\"project_gantt\";i:1;s:13:\"project_notes\";i:1;s:16:\"project_activity\";i:1;}'),
(1147, 76, 'view_tasks', '0'),
(1148, 76, 'create_tasks', '0'),
(1149, 76, 'edit_tasks', '0'),
(1150, 76, 'comment_on_tasks', '0'),
(1151, 76, 'view_task_comments', '0'),
(1152, 76, 'view_task_attachments', '0'),
(1153, 76, 'view_task_checklist_items', '0'),
(1154, 76, 'upload_on_tasks', '0'),
(1155, 76, 'view_task_total_logged_time', '0'),
(1156, 76, 'upload_files', '0'),
(1157, 76, 'view_gantt', '0'),
(1158, 76, 'view_activity_log', '0'),
(1159, 76, 'view_team_members', '0'),
(1160, 76, 'hide_tasks_on_main_tasks_table', '0'),
(1161, 77, 'available_features', 'a:6:{s:13:\"project_tasks\";i:1;s:16:\"project_overview\";i:1;s:13:\"project_files\";i:1;s:13:\"project_gantt\";i:1;s:13:\"project_notes\";i:1;s:16:\"project_activity\";i:1;}'),
(1162, 77, 'view_tasks', '0'),
(1163, 77, 'create_tasks', '0'),
(1164, 77, 'edit_tasks', '0'),
(1165, 77, 'comment_on_tasks', '0'),
(1166, 77, 'view_task_comments', '0'),
(1167, 77, 'view_task_attachments', '0'),
(1168, 77, 'view_task_checklist_items', '0'),
(1169, 77, 'upload_on_tasks', '0'),
(1170, 77, 'view_task_total_logged_time', '0'),
(1171, 77, 'upload_files', '0'),
(1172, 77, 'view_gantt', '0'),
(1173, 77, 'view_activity_log', '0'),
(1174, 77, 'view_team_members', '0'),
(1175, 77, 'hide_tasks_on_main_tasks_table', '0'),
(1176, 78, 'available_features', 'a:6:{s:13:\"project_tasks\";i:1;s:16:\"project_overview\";i:1;s:13:\"project_files\";i:1;s:13:\"project_gantt\";i:1;s:13:\"project_notes\";i:1;s:16:\"project_activity\";i:1;}'),
(1177, 78, 'view_tasks', '0'),
(1178, 78, 'create_tasks', '0'),
(1179, 78, 'edit_tasks', '0'),
(1180, 78, 'comment_on_tasks', '0'),
(1181, 78, 'view_task_comments', '0'),
(1182, 78, 'view_task_attachments', '0'),
(1183, 78, 'view_task_checklist_items', '0'),
(1184, 78, 'upload_on_tasks', '0'),
(1185, 78, 'view_task_total_logged_time', '0'),
(1186, 78, 'upload_files', '0'),
(1187, 78, 'view_gantt', '0'),
(1188, 78, 'view_activity_log', '0'),
(1189, 78, 'view_team_members', '0'),
(1190, 78, 'hide_tasks_on_main_tasks_table', '0'),
(1191, 79, 'available_features', 'a:6:{s:13:\"project_tasks\";i:1;s:16:\"project_overview\";i:1;s:13:\"project_files\";i:1;s:13:\"project_gantt\";i:1;s:13:\"project_notes\";i:1;s:16:\"project_activity\";i:1;}'),
(1192, 79, 'view_tasks', '0'),
(1193, 79, 'create_tasks', '0'),
(1194, 79, 'edit_tasks', '0'),
(1195, 79, 'comment_on_tasks', '0'),
(1196, 79, 'view_task_comments', '0'),
(1197, 79, 'view_task_attachments', '0'),
(1198, 79, 'view_task_checklist_items', '0'),
(1199, 79, 'upload_on_tasks', '0'),
(1200, 79, 'view_task_total_logged_time', '0'),
(1201, 79, 'upload_files', '0'),
(1202, 79, 'view_gantt', '0'),
(1203, 79, 'view_activity_log', '0'),
(1204, 79, 'view_team_members', '0'),
(1205, 79, 'hide_tasks_on_main_tasks_table', '0'),
(1206, 80, 'available_features', 'a:6:{s:13:\"project_tasks\";i:1;s:16:\"project_overview\";i:1;s:13:\"project_files\";i:1;s:13:\"project_gantt\";i:1;s:13:\"project_notes\";i:1;s:16:\"project_activity\";i:1;}'),
(1207, 80, 'view_tasks', '0'),
(1208, 80, 'create_tasks', '0'),
(1209, 80, 'edit_tasks', '0'),
(1210, 80, 'comment_on_tasks', '0'),
(1211, 80, 'view_task_comments', '0'),
(1212, 80, 'view_task_attachments', '0'),
(1213, 80, 'view_task_checklist_items', '0'),
(1214, 80, 'upload_on_tasks', '0'),
(1215, 80, 'view_task_total_logged_time', '0'),
(1216, 80, 'upload_files', '0'),
(1217, 80, 'view_gantt', '0'),
(1218, 80, 'view_activity_log', '0'),
(1219, 80, 'view_team_members', '0'),
(1220, 80, 'hide_tasks_on_main_tasks_table', '0'),
(1221, 81, 'available_features', 'a:6:{s:13:\"project_tasks\";i:1;s:16:\"project_overview\";i:1;s:13:\"project_files\";i:1;s:13:\"project_gantt\";i:1;s:13:\"project_notes\";i:1;s:16:\"project_activity\";i:1;}'),
(1222, 81, 'view_tasks', '0'),
(1223, 81, 'create_tasks', '0'),
(1224, 81, 'edit_tasks', '0'),
(1225, 81, 'comment_on_tasks', '0'),
(1226, 81, 'view_task_comments', '0'),
(1227, 81, 'view_task_attachments', '0'),
(1228, 81, 'view_task_checklist_items', '0'),
(1229, 81, 'upload_on_tasks', '0'),
(1230, 81, 'view_task_total_logged_time', '0'),
(1231, 81, 'upload_files', '0'),
(1232, 81, 'view_gantt', '0'),
(1233, 81, 'view_activity_log', '0'),
(1234, 81, 'view_team_members', '0'),
(1235, 81, 'hide_tasks_on_main_tasks_table', '0'),
(1236, 82, 'available_features', 'a:6:{s:13:\"project_tasks\";i:1;s:16:\"project_overview\";i:1;s:13:\"project_files\";i:1;s:13:\"project_gantt\";i:1;s:13:\"project_notes\";i:1;s:16:\"project_activity\";i:1;}'),
(1237, 82, 'view_tasks', '0'),
(1238, 82, 'create_tasks', '0'),
(1239, 82, 'edit_tasks', '0'),
(1240, 82, 'comment_on_tasks', '0'),
(1241, 82, 'view_task_comments', '0'),
(1242, 82, 'view_task_attachments', '0'),
(1243, 82, 'view_task_checklist_items', '0'),
(1244, 82, 'upload_on_tasks', '0'),
(1245, 82, 'view_task_total_logged_time', '0'),
(1246, 82, 'upload_files', '0'),
(1247, 82, 'view_gantt', '0'),
(1248, 82, 'view_activity_log', '0'),
(1249, 82, 'view_team_members', '0'),
(1250, 82, 'hide_tasks_on_main_tasks_table', '0'),
(1251, 83, 'available_features', 'a:6:{s:13:\"project_tasks\";i:1;s:16:\"project_overview\";i:1;s:13:\"project_files\";i:1;s:13:\"project_gantt\";i:1;s:13:\"project_notes\";i:1;s:16:\"project_activity\";i:1;}'),
(1252, 83, 'view_tasks', '0'),
(1253, 83, 'create_tasks', '0'),
(1254, 83, 'edit_tasks', '0'),
(1255, 83, 'comment_on_tasks', '0'),
(1256, 83, 'view_task_comments', '0'),
(1257, 83, 'view_task_attachments', '0'),
(1258, 83, 'view_task_checklist_items', '0'),
(1259, 83, 'upload_on_tasks', '0'),
(1260, 83, 'view_task_total_logged_time', '0'),
(1261, 83, 'upload_files', '0'),
(1262, 83, 'view_gantt', '0'),
(1263, 83, 'view_activity_log', '0'),
(1264, 83, 'view_team_members', '0'),
(1265, 83, 'hide_tasks_on_main_tasks_table', '0'),
(1266, 84, 'available_features', 'a:6:{s:13:\"project_tasks\";i:1;s:16:\"project_overview\";i:1;s:13:\"project_files\";i:1;s:13:\"project_gantt\";i:1;s:13:\"project_notes\";i:1;s:16:\"project_activity\";i:1;}'),
(1267, 84, 'view_tasks', '0'),
(1268, 84, 'create_tasks', '0'),
(1269, 84, 'edit_tasks', '0'),
(1270, 84, 'comment_on_tasks', '0'),
(1271, 84, 'view_task_comments', '0'),
(1272, 84, 'view_task_attachments', '0'),
(1273, 84, 'view_task_checklist_items', '0'),
(1274, 84, 'upload_on_tasks', '0'),
(1275, 84, 'view_task_total_logged_time', '0'),
(1276, 84, 'upload_files', '0'),
(1277, 84, 'view_gantt', '0'),
(1278, 84, 'view_activity_log', '0'),
(1279, 84, 'view_team_members', '0'),
(1280, 84, 'hide_tasks_on_main_tasks_table', '0'),
(1281, 85, 'available_features', 'a:6:{s:13:\"project_tasks\";i:1;s:16:\"project_overview\";i:1;s:13:\"project_files\";i:1;s:13:\"project_gantt\";i:1;s:13:\"project_notes\";i:1;s:16:\"project_activity\";i:1;}'),
(1282, 85, 'view_tasks', '0'),
(1283, 85, 'create_tasks', '0'),
(1284, 85, 'edit_tasks', '0'),
(1285, 85, 'comment_on_tasks', '0'),
(1286, 85, 'view_task_comments', '0'),
(1287, 85, 'view_task_attachments', '0'),
(1288, 85, 'view_task_checklist_items', '0'),
(1289, 85, 'upload_on_tasks', '0'),
(1290, 85, 'view_task_total_logged_time', '0'),
(1291, 85, 'upload_files', '0'),
(1292, 85, 'view_gantt', '0'),
(1293, 85, 'view_activity_log', '0'),
(1294, 85, 'view_team_members', '0'),
(1295, 85, 'hide_tasks_on_main_tasks_table', '0'),
(1296, 86, 'available_features', 'a:6:{s:13:\"project_tasks\";i:1;s:16:\"project_overview\";i:1;s:13:\"project_files\";i:1;s:13:\"project_gantt\";i:1;s:13:\"project_notes\";i:1;s:16:\"project_activity\";i:1;}'),
(1297, 86, 'view_tasks', '0'),
(1298, 86, 'create_tasks', '0'),
(1299, 86, 'edit_tasks', '0'),
(1300, 86, 'comment_on_tasks', '0'),
(1301, 86, 'view_task_comments', '0'),
(1302, 86, 'view_task_attachments', '0'),
(1303, 86, 'view_task_checklist_items', '0'),
(1304, 86, 'upload_on_tasks', '0'),
(1305, 86, 'view_task_total_logged_time', '0'),
(1306, 86, 'upload_files', '0'),
(1307, 86, 'view_gantt', '0'),
(1308, 86, 'view_activity_log', '0'),
(1309, 86, 'view_team_members', '0'),
(1310, 86, 'hide_tasks_on_main_tasks_table', '0'),
(1311, 87, 'available_features', 'a:6:{s:13:\"project_tasks\";i:1;s:16:\"project_overview\";i:1;s:13:\"project_files\";i:1;s:13:\"project_gantt\";i:1;s:13:\"project_notes\";i:1;s:16:\"project_activity\";i:1;}'),
(1312, 87, 'view_tasks', '0'),
(1313, 87, 'create_tasks', '0'),
(1314, 87, 'edit_tasks', '0'),
(1315, 87, 'comment_on_tasks', '0'),
(1316, 87, 'view_task_comments', '0'),
(1317, 87, 'view_task_attachments', '0'),
(1318, 87, 'view_task_checklist_items', '0'),
(1319, 87, 'upload_on_tasks', '0'),
(1320, 87, 'view_task_total_logged_time', '0'),
(1321, 87, 'upload_files', '0'),
(1322, 87, 'view_gantt', '0'),
(1323, 87, 'view_activity_log', '0'),
(1324, 87, 'view_team_members', '0'),
(1325, 87, 'hide_tasks_on_main_tasks_table', '0'),
(1326, 88, 'available_features', 'a:6:{s:13:\"project_tasks\";i:1;s:16:\"project_overview\";i:1;s:13:\"project_files\";i:1;s:13:\"project_gantt\";i:1;s:13:\"project_notes\";i:1;s:16:\"project_activity\";i:1;}'),
(1327, 88, 'view_tasks', '0'),
(1328, 88, 'create_tasks', '0'),
(1329, 88, 'edit_tasks', '0'),
(1330, 88, 'comment_on_tasks', '0'),
(1331, 88, 'view_task_comments', '0'),
(1332, 88, 'view_task_attachments', '0'),
(1333, 88, 'view_task_checklist_items', '0'),
(1334, 88, 'upload_on_tasks', '0'),
(1335, 88, 'view_task_total_logged_time', '0'),
(1336, 88, 'upload_files', '0'),
(1337, 88, 'view_gantt', '0'),
(1338, 88, 'view_activity_log', '0'),
(1339, 88, 'view_team_members', '0'),
(1340, 88, 'hide_tasks_on_main_tasks_table', '0'),
(1341, 89, 'available_features', 'a:6:{s:13:\"project_tasks\";i:1;s:16:\"project_overview\";i:1;s:13:\"project_files\";i:1;s:13:\"project_gantt\";i:1;s:13:\"project_notes\";i:1;s:16:\"project_activity\";i:1;}'),
(1342, 89, 'view_tasks', '0'),
(1343, 89, 'create_tasks', '0'),
(1344, 89, 'edit_tasks', '0'),
(1345, 89, 'comment_on_tasks', '0'),
(1346, 89, 'view_task_comments', '0'),
(1347, 89, 'view_task_attachments', '0'),
(1348, 89, 'view_task_checklist_items', '0'),
(1349, 89, 'upload_on_tasks', '0'),
(1350, 89, 'view_task_total_logged_time', '0'),
(1351, 89, 'upload_files', '0'),
(1352, 89, 'view_gantt', '0'),
(1353, 89, 'view_activity_log', '0'),
(1354, 89, 'view_team_members', '0'),
(1355, 89, 'hide_tasks_on_main_tasks_table', '0'),
(1356, 90, 'available_features', 'a:6:{s:13:\"project_tasks\";i:1;s:16:\"project_overview\";i:1;s:13:\"project_files\";i:1;s:13:\"project_gantt\";i:1;s:13:\"project_notes\";i:1;s:16:\"project_activity\";i:1;}'),
(1357, 90, 'view_tasks', '1'),
(1358, 90, 'create_tasks', '0'),
(1359, 90, 'edit_tasks', '0'),
(1360, 90, 'comment_on_tasks', '0'),
(1361, 90, 'view_task_comments', '0'),
(1362, 90, 'view_task_attachments', '0'),
(1363, 90, 'view_task_checklist_items', '0'),
(1364, 90, 'upload_on_tasks', '0'),
(1365, 90, 'view_task_total_logged_time', '0'),
(1366, 90, 'upload_files', '0'),
(1367, 90, 'view_gantt', '0'),
(1368, 90, 'view_activity_log', '0'),
(1369, 90, 'view_team_members', '0'),
(1370, 90, 'hide_tasks_on_main_tasks_table', '0'),
(1386, 92, 'available_features', '0'),
(1387, 92, 'view_tasks', '0'),
(1388, 92, 'create_tasks', '0'),
(1389, 92, 'edit_tasks', '0'),
(1390, 92, 'comment_on_tasks', '0'),
(1391, 92, 'view_task_comments', '0'),
(1392, 92, 'view_task_attachments', '0'),
(1393, 92, 'view_task_checklist_items', '0'),
(1394, 92, 'upload_on_tasks', '0'),
(1395, 92, 'view_task_total_logged_time', '0'),
(1396, 92, 'upload_files', '0'),
(1397, 92, 'view_gantt', '0'),
(1398, 92, 'view_activity_log', '0'),
(1399, 92, 'view_team_members', '0'),
(1400, 92, 'hide_tasks_on_main_tasks_table', '0'),
(1401, 93, 'available_features', 'a:6:{s:13:\"project_tasks\";i:1;s:16:\"project_overview\";i:1;s:13:\"project_files\";i:1;s:13:\"project_gantt\";i:1;s:13:\"project_notes\";i:1;s:16:\"project_activity\";i:1;}'),
(1402, 93, 'view_tasks', '0'),
(1403, 93, 'create_tasks', '0'),
(1404, 93, 'edit_tasks', '0'),
(1405, 93, 'comment_on_tasks', '0'),
(1406, 93, 'view_task_comments', '0'),
(1407, 93, 'view_task_attachments', '0'),
(1408, 93, 'view_task_checklist_items', '0'),
(1409, 93, 'upload_on_tasks', '0'),
(1410, 93, 'view_task_total_logged_time', '0'),
(1411, 93, 'upload_files', '0'),
(1412, 93, 'view_gantt', '0'),
(1413, 93, 'view_activity_log', '0'),
(1414, 93, 'view_team_members', '0'),
(1415, 93, 'hide_tasks_on_main_tasks_table', '0'),
(1416, 94, 'available_features', '0'),
(1417, 94, 'view_tasks', '0'),
(1418, 94, 'create_tasks', '0'),
(1419, 94, 'edit_tasks', '0'),
(1420, 94, 'comment_on_tasks', '0'),
(1421, 94, 'view_task_comments', '0'),
(1422, 94, 'view_task_attachments', '0'),
(1423, 94, 'view_task_checklist_items', '0'),
(1424, 94, 'upload_on_tasks', '0'),
(1425, 94, 'view_task_total_logged_time', '0'),
(1426, 94, 'upload_files', '0'),
(1427, 94, 'view_gantt', '0'),
(1428, 94, 'view_activity_log', '0'),
(1429, 94, 'view_team_members', '0'),
(1430, 94, 'hide_tasks_on_main_tasks_table', '0'),
(1431, 95, 'available_features', 'a:6:{s:13:\"project_tasks\";i:1;s:16:\"project_overview\";i:1;s:13:\"project_files\";i:1;s:13:\"project_gantt\";i:1;s:13:\"project_notes\";i:1;s:16:\"project_activity\";i:1;}'),
(1432, 95, 'view_tasks', '0'),
(1433, 95, 'create_tasks', '0'),
(1434, 95, 'edit_tasks', '0'),
(1435, 95, 'comment_on_tasks', '0'),
(1436, 95, 'view_task_comments', '0'),
(1437, 95, 'view_task_attachments', '0'),
(1438, 95, 'view_task_checklist_items', '0'),
(1439, 95, 'upload_on_tasks', '0'),
(1440, 95, 'view_task_total_logged_time', '0'),
(1441, 95, 'upload_files', '0'),
(1442, 95, 'view_gantt', '0'),
(1443, 95, 'view_activity_log', '0'),
(1444, 95, 'view_team_members', '0'),
(1445, 95, 'hide_tasks_on_main_tasks_table', '0'),
(1446, 96, 'available_features', 'a:6:{s:13:\"project_tasks\";i:1;s:16:\"project_overview\";i:1;s:13:\"project_files\";i:1;s:13:\"project_gantt\";i:1;s:13:\"project_notes\";i:1;s:16:\"project_activity\";i:1;}'),
(1447, 96, 'view_tasks', '0'),
(1448, 96, 'create_tasks', '0'),
(1449, 96, 'edit_tasks', '0'),
(1450, 96, 'comment_on_tasks', '0'),
(1451, 96, 'view_task_comments', '0'),
(1452, 96, 'view_task_attachments', '0'),
(1453, 96, 'view_task_checklist_items', '0'),
(1454, 96, 'upload_on_tasks', '0'),
(1455, 96, 'view_task_total_logged_time', '0'),
(1456, 96, 'upload_files', '0'),
(1457, 96, 'view_gantt', '0'),
(1458, 96, 'view_activity_log', '0'),
(1459, 96, 'view_team_members', '0'),
(1460, 96, 'hide_tasks_on_main_tasks_table', '0'),
(1461, 97, 'available_features', 'a:6:{s:13:\"project_tasks\";i:1;s:16:\"project_overview\";i:1;s:13:\"project_files\";i:1;s:13:\"project_gantt\";i:1;s:13:\"project_notes\";i:1;s:16:\"project_activity\";i:1;}'),
(1462, 97, 'view_tasks', '0'),
(1463, 97, 'create_tasks', '0'),
(1464, 97, 'edit_tasks', '0'),
(1465, 97, 'comment_on_tasks', '0'),
(1466, 97, 'view_task_comments', '0'),
(1467, 97, 'view_task_attachments', '0'),
(1468, 97, 'view_task_checklist_items', '0'),
(1469, 97, 'upload_on_tasks', '0'),
(1470, 97, 'view_task_total_logged_time', '0'),
(1471, 97, 'upload_files', '0'),
(1472, 97, 'view_gantt', '0'),
(1473, 97, 'view_activity_log', '0'),
(1474, 97, 'view_team_members', '0'),
(1475, 97, 'hide_tasks_on_main_tasks_table', '0'),
(1476, 98, 'available_features', 'a:6:{s:13:\"project_tasks\";i:1;s:16:\"project_overview\";i:1;s:13:\"project_files\";i:1;s:13:\"project_gantt\";i:1;s:13:\"project_notes\";i:1;s:16:\"project_activity\";i:1;}'),
(1477, 98, 'view_tasks', '0'),
(1478, 98, 'create_tasks', '0'),
(1479, 98, 'edit_tasks', '0'),
(1480, 98, 'comment_on_tasks', '0'),
(1481, 98, 'view_task_comments', '0'),
(1482, 98, 'view_task_attachments', '0'),
(1483, 98, 'view_task_checklist_items', '0'),
(1484, 98, 'upload_on_tasks', '0'),
(1485, 98, 'view_task_total_logged_time', '0'),
(1486, 98, 'upload_files', '0'),
(1487, 98, 'view_gantt', '0'),
(1488, 98, 'view_activity_log', '0'),
(1489, 98, 'view_team_members', '0'),
(1490, 98, 'hide_tasks_on_main_tasks_table', '0'),
(1491, 99, 'available_features', 'a:6:{s:13:\"project_tasks\";i:1;s:16:\"project_overview\";i:1;s:13:\"project_files\";i:1;s:13:\"project_gantt\";i:1;s:13:\"project_notes\";i:1;s:16:\"project_activity\";i:1;}'),
(1492, 99, 'view_tasks', '0'),
(1493, 99, 'create_tasks', '0'),
(1494, 99, 'edit_tasks', '0'),
(1495, 99, 'comment_on_tasks', '0'),
(1496, 99, 'view_task_comments', '0'),
(1497, 99, 'view_task_attachments', '0'),
(1498, 99, 'view_task_checklist_items', '0'),
(1499, 99, 'upload_on_tasks', '0'),
(1500, 99, 'view_task_total_logged_time', '0'),
(1501, 99, 'upload_files', '0'),
(1502, 99, 'view_gantt', '0'),
(1503, 99, 'view_activity_log', '0'),
(1504, 99, 'view_team_members', '0'),
(1505, 99, 'hide_tasks_on_main_tasks_table', '0'),
(1506, 100, 'available_features', 'a:6:{s:13:\"project_tasks\";i:1;s:16:\"project_overview\";i:1;s:13:\"project_files\";i:1;s:13:\"project_gantt\";i:1;s:13:\"project_notes\";i:1;s:16:\"project_activity\";i:1;}'),
(1507, 100, 'view_tasks', '0'),
(1508, 100, 'create_tasks', '0'),
(1509, 100, 'edit_tasks', '0'),
(1510, 100, 'comment_on_tasks', '0'),
(1511, 100, 'view_task_comments', '0'),
(1512, 100, 'view_task_attachments', '0'),
(1513, 100, 'view_task_checklist_items', '0'),
(1514, 100, 'upload_on_tasks', '0'),
(1515, 100, 'view_task_total_logged_time', '0'),
(1516, 100, 'upload_files', '0'),
(1517, 100, 'view_gantt', '0'),
(1518, 100, 'view_activity_log', '0'),
(1519, 100, 'view_team_members', '0'),
(1520, 100, 'hide_tasks_on_main_tasks_table', '0'),
(1521, 101, 'available_features', 'a:6:{s:13:\"project_tasks\";i:1;s:16:\"project_overview\";i:1;s:13:\"project_files\";i:1;s:13:\"project_gantt\";i:1;s:13:\"project_notes\";i:1;s:16:\"project_activity\";i:1;}'),
(1522, 101, 'view_tasks', '0'),
(1523, 101, 'create_tasks', '0'),
(1524, 101, 'edit_tasks', '0'),
(1525, 101, 'comment_on_tasks', '0'),
(1526, 101, 'view_task_comments', '0'),
(1527, 101, 'view_task_attachments', '0'),
(1528, 101, 'view_task_checklist_items', '0'),
(1529, 101, 'upload_on_tasks', '0'),
(1530, 101, 'view_task_total_logged_time', '0'),
(1531, 101, 'upload_files', '0'),
(1532, 101, 'view_gantt', '0'),
(1533, 101, 'view_activity_log', '0'),
(1534, 101, 'view_team_members', '0'),
(1535, 101, 'hide_tasks_on_main_tasks_table', '0'),
(1536, 102, 'available_features', '0'),
(1537, 102, 'view_tasks', '0'),
(1538, 102, 'create_tasks', '0'),
(1539, 102, 'edit_tasks', '0'),
(1540, 102, 'comment_on_tasks', '0'),
(1541, 102, 'view_task_comments', '0'),
(1542, 102, 'view_task_attachments', '0'),
(1543, 102, 'view_task_checklist_items', '0'),
(1544, 102, 'upload_on_tasks', '0'),
(1545, 102, 'view_task_total_logged_time', '0'),
(1546, 102, 'upload_files', '0'),
(1547, 102, 'view_gantt', '0'),
(1548, 102, 'view_activity_log', '0'),
(1549, 102, 'view_team_members', '0'),
(1550, 102, 'hide_tasks_on_main_tasks_table', '0'),
(1551, 103, 'available_features', 'a:6:{s:16:\"project_overview\";i:1;s:13:\"project_tasks\";i:0;s:13:\"project_files\";i:0;s:13:\"project_gantt\";i:0;s:13:\"project_notes\";i:0;s:16:\"project_activity\";i:0;}'),
(1552, 103, 'view_tasks', '0'),
(1553, 103, 'create_tasks', '0'),
(1554, 103, 'edit_tasks', '0'),
(1555, 103, 'comment_on_tasks', '0'),
(1556, 103, 'view_task_comments', '0'),
(1557, 103, 'view_task_attachments', '0'),
(1558, 103, 'view_task_checklist_items', '0'),
(1559, 103, 'upload_on_tasks', '0'),
(1560, 103, 'view_task_total_logged_time', '0'),
(1561, 103, 'upload_files', '0'),
(1562, 103, 'view_gantt', '0'),
(1563, 103, 'view_activity_log', '0'),
(1564, 103, 'view_team_members', '0'),
(1565, 103, 'hide_tasks_on_main_tasks_table', '0');

-- --------------------------------------------------------

--
-- Table structure for table `tblproposals`
--

CREATE TABLE `tblproposals` (
  `id` int(11) NOT NULL,
  `subject` varchar(191) DEFAULT NULL,
  `content` longtext DEFAULT NULL,
  `addedfrom` int(11) NOT NULL,
  `datecreated` datetime NOT NULL,
  `total` decimal(15,2) DEFAULT NULL,
  `subtotal` decimal(15,2) NOT NULL,
  `total_tax` decimal(15,2) NOT NULL DEFAULT 0.00,
  `adjustment` decimal(15,2) DEFAULT NULL,
  `discount_percent` decimal(15,2) NOT NULL,
  `discount_total` decimal(15,2) NOT NULL,
  `discount_type` varchar(30) DEFAULT NULL,
  `show_quantity_as` int(11) NOT NULL DEFAULT 1,
  `currency` int(11) NOT NULL,
  `open_till` date DEFAULT NULL,
  `date` date NOT NULL,
  `rel_id` int(11) DEFAULT NULL,
  `rel_type` varchar(40) DEFAULT NULL,
  `assigned` int(11) DEFAULT NULL,
  `hash` varchar(32) NOT NULL,
  `proposal_to` varchar(191) DEFAULT NULL,
  `country` int(11) NOT NULL DEFAULT 0,
  `zip` varchar(50) DEFAULT NULL,
  `state` varchar(100) DEFAULT NULL,
  `city` varchar(100) DEFAULT NULL,
  `address` varchar(200) DEFAULT NULL,
  `email` varchar(150) DEFAULT NULL,
  `phone` varchar(50) DEFAULT NULL,
  `allow_comments` tinyint(1) NOT NULL DEFAULT 1,
  `status` int(11) NOT NULL,
  `estimate_id` int(11) DEFAULT NULL,
  `invoice_id` int(11) DEFAULT NULL,
  `date_converted` datetime DEFAULT NULL,
  `pipeline_order` int(11) NOT NULL DEFAULT 0,
  `is_expiry_notified` int(11) NOT NULL DEFAULT 0,
  `acceptance_firstname` varchar(50) DEFAULT NULL,
  `acceptance_lastname` varchar(50) DEFAULT NULL,
  `acceptance_email` varchar(100) DEFAULT NULL,
  `acceptance_date` datetime DEFAULT NULL,
  `acceptance_ip` varchar(40) DEFAULT NULL,
  `signature` varchar(40) DEFAULT NULL
) ENGINE=InnoDB DEFAULT CHARSET=utf8;

-- --------------------------------------------------------

--
-- Table structure for table `tblproposal_comments`
--

CREATE TABLE `tblproposal_comments` (
  `id` int(11) NOT NULL,
  `content` mediumtext DEFAULT NULL,
  `proposalid` int(11) NOT NULL,
  `staffid` int(11) NOT NULL,
  `dateadded` datetime NOT NULL
) ENGINE=InnoDB DEFAULT CHARSET=utf8;

-- --------------------------------------------------------

--
-- Table structure for table `tblrelated_items`
--

CREATE TABLE `tblrelated_items` (
  `id` int(11) NOT NULL,
  `rel_id` int(11) NOT NULL,
  `rel_type` varchar(30) NOT NULL,
  `item_id` int(11) NOT NULL
) ENGINE=InnoDB DEFAULT CHARSET=utf8;

-- --------------------------------------------------------

--
-- Table structure for table `tblreminders`
--

CREATE TABLE `tblreminders` (
  `id` int(11) NOT NULL,
  `description` text DEFAULT NULL,
  `date` datetime NOT NULL,
  `isnotified` int(11) NOT NULL DEFAULT 0,
  `rel_id` int(11) NOT NULL,
  `staff` int(11) NOT NULL,
  `rel_type` varchar(40) NOT NULL,
  `notify_by_email` int(11) NOT NULL DEFAULT 1,
  `creator` int(11) NOT NULL
) ENGINE=InnoDB DEFAULT CHARSET=utf8;

--
-- Dumping data for table `tblreminders`
--

INSERT INTO `tblreminders` (`id`, `description`, `date`, `isnotified`, `rel_id`, `staff`, `rel_type`, `notify_by_email`, `creator`) VALUES
(1, 'hi', '2020-03-26 09:51:00', 0, 44, 4, 'task', 1, 1),
(2, 'about the online', '2020-03-29 22:37:00', 0, 14, 4, 'customer', 1, 1),
(4, 'please complete this task', '2020-06-09 18:00:00', 0, 89, 4, 'task', 1, 4),
(5, 'please speak to me', '2020-06-28 12:00:00', 0, 83, 4, 'task', 1, 1);

-- --------------------------------------------------------

--
-- Table structure for table `tblroles`
--

CREATE TABLE `tblroles` (
  `roleid` int(11) NOT NULL,
  `name` varchar(150) NOT NULL,
  `permissions` longtext DEFAULT NULL
) ENGINE=InnoDB DEFAULT CHARSET=utf8;

--
-- Dumping data for table `tblroles`
--

INSERT INTO `tblroles` (`roleid`, `name`, `permissions`) VALUES
(1, 'Admin', 'a:9:{s:17:\"bulk_pdf_exporter\";a:1:{i:0;s:4:\"view\";}s:9:\"customers\";a:4:{i:0;s:4:\"view\";i:1;s:6:\"create\";i:2;s:4:\"edit\";i:3;s:6:\"delete\";}s:8:\"pipeline\";a:4:{i:0;s:4:\"view\";i:1;s:6:\"create\";i:2;s:4:\"edit\";i:3;s:6:\"delete\";}s:5:\"roles\";a:4:{i:0;s:4:\"view\";i:1;s:6:\"create\";i:2;s:4:\"edit\";i:3;s:6:\"delete\";}s:8:\"settings\";a:2:{i:0;s:4:\"view\";i:1;s:4:\"edit\";}s:5:\"staff\";a:4:{i:0;s:4:\"view\";i:1;s:6:\"create\";i:2;s:4:\"edit\";i:3;s:6:\"delete\";}s:5:\"tasks\";a:4:{i:0;s:4:\"view\";i:1;s:6:\"create\";i:2;s:4:\"edit\";i:3;s:6:\"delete\";}s:8:\"tasktype\";a:4:{i:0;s:4:\"view\";i:1;s:6:\"create\";i:2;s:4:\"edit\";i:3;s:6:\"delete\";}s:19:\"checklist_templates\";a:2:{i:0;s:6:\"create\";i:1;s:6:\"delete\";}}'),
(2, 'Manager', 'a:6:{s:17:\"bulk_pdf_exporter\";a:1:{i:0;s:4:\"view\";}s:9:\"customers\";a:4:{i:0;s:4:\"view\";i:1;s:6:\"create\";i:2;s:4:\"edit\";i:3;s:6:\"delete\";}s:8:\"projects\";a:4:{i:0;s:4:\"view\";i:1;s:6:\"create\";i:2;s:4:\"edit\";i:3;s:6:\"delete\";}s:7:\"reports\";a:1:{i:0;s:4:\"view\";}s:5:\"tasks\";a:4:{i:0;s:4:\"view\";i:1;s:6:\"create\";i:2;s:4:\"edit\";i:3;s:6:\"delete\";}s:19:\"checklist_templates\";a:2:{i:0;s:6:\"create\";i:1;s:6:\"delete\";}}'),
(3, 'Base', 'a:7:{s:17:\"bulk_pdf_exporter\";a:1:{i:0;s:4:\"view\";}s:9:\"customers\";a:4:{i:0;s:4:\"view\";i:1;s:6:\"create\";i:2;s:4:\"edit\";i:3;s:6:\"delete\";}s:8:\"projects\";a:4:{i:0;s:4:\"view\";i:1;s:6:\"create\";i:2;s:4:\"edit\";i:3;s:6:\"delete\";}s:7:\"reports\";a:1:{i:0;s:4:\"view\";}s:8:\"settings\";a:2:{i:0;s:4:\"view\";i:1;s:4:\"edit\";}s:5:\"tasks\";a:4:{i:0;s:4:\"view\";i:1;s:6:\"create\";i:2;s:4:\"edit\";i:3;s:6:\"delete\";}s:19:\"checklist_templates\";a:2:{i:0;s:6:\"create\";i:1;s:6:\"delete\";}}');

-- --------------------------------------------------------

--
-- Table structure for table `tblsales_activity`
--

CREATE TABLE `tblsales_activity` (
  `id` int(11) NOT NULL,
  `rel_type` varchar(20) DEFAULT NULL,
  `rel_id` int(11) NOT NULL,
  `description` text NOT NULL,
  `additional_data` text DEFAULT NULL,
  `staffid` varchar(11) DEFAULT NULL,
  `full_name` varchar(100) DEFAULT NULL,
  `date` datetime NOT NULL
) ENGINE=InnoDB DEFAULT CHARSET=utf8;

--
-- Dumping data for table `tblsales_activity`
--

INSERT INTO `tblsales_activity` (`id`, `rel_type`, `rel_id`, `description`, `additional_data`, `staffid`, `full_name`, `date`) VALUES
(1, 'invoice', 1, 'invoice_activity_created', '', '1', 'Admin tts', '2020-02-12 17:25:05'),
(2, 'invoice', 1, 'invoice_activity_status_updated', 'a:2:{i:0;s:36:\"<original_status>6</original_status>\";i:1;s:26:\"<new_status>1</new_status>\";}', '1', 'Admin tts', '2020-02-12 17:25:31'),
(3, 'invoice', 1, 'invoice_activity_marked_as_sent', 'a:0:{}', '1', 'Admin tts', '2020-02-12 17:25:31'),
(4, 'invoice', 1, 'invoice_activity_status_updated', 'a:2:{i:0;s:36:\"<original_status>1</original_status>\";i:1;s:26:\"<new_status>2</new_status>\";}', '1', 'Admin tts', '2020-02-13 10:23:15'),
(5, 'invoice', 1, 'invoice_activity_payment_made_by_staff', 'a:2:{i:0;s:6:\"$34.00\";i:1;s:93:\"<a href=\"http://182.73.138.2:7070/perfex_crm/admin/payments/payment/1\" target=\"_blank\">#1</a>\";}', '1', 'Admin tts', '2020-02-13 10:23:15');

-- --------------------------------------------------------

--
-- Table structure for table `tblservices`
--

CREATE TABLE `tblservices` (
  `serviceid` int(11) NOT NULL,
  `name` varchar(50) NOT NULL
) ENGINE=InnoDB DEFAULT CHARSET=utf8;

-- --------------------------------------------------------

--
-- Table structure for table `tblsessions`
--

CREATE TABLE `tblsessions` (
  `id` varchar(128) NOT NULL,
  `ip_address` varchar(45) NOT NULL,
  `timestamp` int(10) UNSIGNED NOT NULL DEFAULT 0,
  `data` blob NOT NULL
) ENGINE=InnoDB DEFAULT CHARSET=utf8;

--
-- Dumping data for table `tblsessions`
--

INSERT INTO `tblsessions` (`id`, `ip_address`, `timestamp`, `data`) VALUES
('028uolj9nc6jtiob3vus5tq8mj83q44u', '42.111.130.135', 1596443911, 0x5f5f63695f6c6173745f726567656e65726174657c693a313539363434333931313b7265645f75726c7c733a34363a22687474703a2f2f38352e3139352e38312e3139343a383939302f61646d696e2f73746166662f6d656d6265722f34223b),
('02k78j96okhpuc99e83djfdnuiel0ug5', '27.5.59.36', 1596442419, 0x5f5f63695f6c6173745f726567656e65726174657c693a313539363434323331323b73746166665f757365725f69647c733a313a2239223b73746166665f6c6f676765645f696e7c623a313b73657475702d6d656e752d6f70656e7c733a303a22223b64617368626f6172645f666f726d5f646174617c613a303a7b7d50726f6a656374735f7072655f75726c7c733a31353a226b616e62616e5f6e6f7363726f6c6c223b50726f6a656374735f7072655f63757272656e745f75726c7c733a32353a2270726f6a656374732f6b616e62616e5f6e6f7363726f6c6c3f223b),
('19n8g7am8nbaka0gd4nb528u5sooci4i', '157.50.209.210', 1596429991, 0x5f5f63695f6c6173745f726567656e65726174657c693a313539363432393939313b73746166665f757365725f69647c733a313a2231223b73746166665f6c6f676765645f696e7c623a313b73657475702d6d656e752d6f70656e7c623a313b64617368626f6172645f666f726d5f646174617c613a303a7b7d50726f6a656374735f7072655f75726c7c733a31353a226b616e62616e5f6e6f7363726f6c6c223b50726f6a656374735f7072655f63757272656e745f75726c7c733a32353a2270726f6a656374732f6b616e62616e5f6e6f7363726f6c6c3f223b6c656164735f6b616e62616e5f766965777c733a353a2266616c7365223b7377697463685f6b616e62616e5f6e6f7363726f6c6c7c733a343a2274727565223b7377697463685f666f7265636173747c733a353a2266616c7365223b),
('2jfqqvaboeeaj6evuo99v3t9kc8hv4pm', '1.23.198.138', 1596521350, 0x5f5f63695f6c6173745f726567656e65726174657c693a313539363532313335303b73746166665f757365725f69647c733a313a2238223b73746166665f6c6f676765645f696e7c623a313b73657475702d6d656e752d6f70656e7c733a303a22223b64617368626f6172645f666f726d5f646174617c613a303a7b7d),
('3bksgj9fl1gcf83slkndv2v1g5db9bgd', '42.111.130.135', 1596447763, 0x5f5f63695f6c6173745f726567656e65726174657c693a313539363434373734393b73746166665f757365725f69647c733a313a2238223b73746166665f6c6f676765645f696e7c623a313b73657475702d6d656e752d6f70656e7c733a303a22223b64617368626f6172645f666f726d5f646174617c613a303a7b7d50726f6a656374735f7072655f75726c7c733a31353a226b616e62616e5f6e6f7363726f6c6c223b50726f6a656374735f7072655f63757272656e745f75726c7c733a32353a2270726f6a656374732f6b616e62616e5f6e6f7363726f6c6c3f223b6d6573736167652d64616e6765727c733a31333a224163636573732064656e696564223b5f5f63695f766172737c613a313a7b733a31343a226d6573736167652d64616e676572223b733a333a226f6c64223b7d),
('5f56llmk7nnt11sqjiku3bl3e4gijos9', '27.5.59.36', 1596429125, 0x5f5f63695f6c6173745f726567656e65726174657c693a313539363432393132353b73746166665f757365725f69647c733a313a2231223b73746166665f6c6f676765645f696e7c623a313b73657475702d6d656e752d6f70656e7c623a313b),
('6t6t1a4euu2hcghvi2k1ai3f5gadn98b', '27.5.59.36', 1596442179, 0x5f5f63695f6c6173745f726567656e65726174657c693a313539363434323137393b73746166665f757365725f69647c733a323a223130223b73746166665f6c6f676765645f696e7c623a313b73657475702d6d656e752d6f70656e7c733a303a22223b64617368626f6172645f666f726d5f646174617c613a303a7b7d),
('6vgnc26ok7t1bn2o6uvup2mn40lrlk66', '123.176.34.16', 1596541573, 0x5f5f63695f6c6173745f726567656e65726174657c693a313539363534313537303b73746166665f757365725f69647c733a313a2231223b73746166665f6c6f676765645f696e7c623a313b73657475702d6d656e752d6f70656e7c733a303a22223b64617368626f6172645f666f726d5f646174617c613a303a7b7d50726f6a656374735f7072655f75726c7c733a31303a22696e6465785f6c697374223b50726f6a656374735f7072655f63757272656e745f75726c7c733a32303a2270726f6a656374732f696e6465785f6c6973743f223b),
('75v541klluododkeqio89eoon08d4rsu', '27.5.59.36', 1596435579, 0x5f5f63695f6c6173745f726567656e65726174657c693a313539363433353537393b73746166665f757365725f69647c733a313a2231223b73746166665f6c6f676765645f696e7c623a313b73657475702d6d656e752d6f70656e7c623a313b),
('7hhtokcb1uvmu71ghmf68ulj36gllh4n', '123.176.34.16', 1596540665, 0x5f5f63695f6c6173745f726567656e65726174657c693a313539363534303635383b73746166665f757365725f69647c733a313a2231223b73746166665f6c6f676765645f696e7c623a313b73657475702d6d656e752d6f70656e7c733a303a22223b64617368626f6172645f666f726d5f646174617c613a333a7b733a31363a2263616c656e6461725f66696c74657273223b733a313a2231223b733a393a22706970656c696e6573223b733a313a2236223b733a363a226d656d626572223b733a313a2233223b7d50726f6a656374735f7072655f75726c7c733a353a2267616e7474223b50726f6a656374735f7072655f63757272656e745f75726c7c733a31353a2270726f6a656374732f67616e74743f223b),
('844eh3ai58jhvsm5m9teqsbu66s12a0l', '123.176.34.16', 1596541339, 0x5f5f63695f6c6173745f726567656e65726174657c693a313539363534313333393b73746166665f757365725f69647c733a313a2239223b73746166665f6c6f676765645f696e7c623a313b),
('939nqei5a8m8ns0ojrra5pa1e63pb4t4', '49.207.130.48', 1596516676, 0x5f5f63695f6c6173745f726567656e65726174657c693a313539363531363633313b73746166665f757365725f69647c733a313a2231223b73746166665f6c6f676765645f696e7c623a313b50726f6a656374735f7072655f75726c7c733a31353a226b616e62616e5f6e6f7363726f6c6c223b50726f6a656374735f7072655f63757272656e745f75726c7c733a32353a2270726f6a656374732f6b616e62616e5f6e6f7363726f6c6c3f223b),
('98vlm05gpvspcgm5kn7bq3ao2i8c6u91', '157.50.170.11', 1596427629, 0x5f5f63695f6c6173745f726567656e65726174657c693a313539363432373632393b73746166665f757365725f69647c733a313a2231223b73746166665f6c6f676765645f696e7c623a313b73657475702d6d656e752d6f70656e7c623a313b64617368626f6172645f666f726d5f646174617c613a303a7b7d50726f6a656374735f7072655f75726c7c733a31353a226b616e62616e5f6e6f7363726f6c6c223b50726f6a656374735f7072655f63757272656e745f75726c7c733a32353a2270726f6a656374732f6b616e62616e5f6e6f7363726f6c6c3f223b6c656164735f6b616e62616e5f766965777c733a353a2266616c7365223b7377697463685f6b616e62616e5f6e6f7363726f6c6c7c733a343a2274727565223b7377697463685f666f7265636173747c733a353a2266616c7365223b),
('9ehd7poj5bo4i8ko7jklqdr1kme4e80f', '192.35.168.202', 1596437959, 0x5f5f63695f6c6173745f726567656e65726174657c693a313539363433373935393b7265645f75726c7c733a32373a2268747470733a2f2f38352e3139352e38312e3139343a343433332f223b),
('9qf6jb7blgik2kjrgf3j4bt27s1dkir9', '192.35.168.218', 1596437580, 0x5f5f63695f6c6173745f726567656e65726174657c693a313539363433373538303b7265645f75726c7c733a32373a2268747470733a2f2f38352e3139352e38312e3139343a343433332f223b),
('a3kkqtk4o1vk66vqlh506su1n7u3bqcn', '42.111.130.135', 1596447749, 0x5f5f63695f6c6173745f726567656e65726174657c693a313539363434373734393b73746166665f757365725f69647c733a313a2238223b73746166665f6c6f676765645f696e7c623a313b73657475702d6d656e752d6f70656e7c733a303a22223b64617368626f6172645f666f726d5f646174617c613a303a7b7d50726f6a656374735f7072655f75726c7c733a31353a226b616e62616e5f6e6f7363726f6c6c223b50726f6a656374735f7072655f63757272656e745f75726c7c733a32353a2270726f6a656374732f6b616e62616e5f6e6f7363726f6c6c3f223b),
('abvdq60d7pqs1e1heprodaq2cg4uavv2', '123.176.34.16', 1596540993, 0x5f5f63695f6c6173745f726567656e65726174657c693a313539363534303939333b73746166665f757365725f69647c733a313a2231223b73746166665f6c6f676765645f696e7c623a313b73657475702d6d656e752d6f70656e7c733a303a22223b64617368626f6172645f666f726d5f646174617c613a333a7b733a31363a2263616c656e6461725f66696c74657273223b733a313a2231223b733a393a22706970656c696e6573223b733a313a2236223b733a363a226d656d626572223b733a313a2233223b7d50726f6a656374735f7072655f75726c7c733a31353a226b616e62616e5f6e6f7363726f6c6c223b50726f6a656374735f7072655f63757272656e745f75726c7c733a32353a2270726f6a656374732f6b616e62616e5f6e6f7363726f6c6c3f223b),
('b5d7uf53hqa0bj3g0ef3j5sjjfp3m70i', '49.207.130.48', 1596429734, 0x5f5f63695f6c6173745f726567656e65726174657c693a313539363432393733343b73746166665f757365725f69647c733a313a2231223b73746166665f6c6f676765645f696e7c623a313b50726f6a656374735f7072655f75726c7c733a31353a226b616e62616e5f6e6f7363726f6c6c223b50726f6a656374735f7072655f63757272656e745f75726c7c733a32353a2270726f6a656374732f6b616e62616e5f6e6f7363726f6c6c3f223b73657475702d6d656e752d6f70656e7c623a313b),
('busj1r7k6eh9u4jgabc5vk88j67um1vm', '42.111.130.135', 1596445626, 0x5f5f63695f6c6173745f726567656e65726174657c693a313539363434353632363b73746166665f757365725f69647c733a313a2238223b73746166665f6c6f676765645f696e7c623a313b73657475702d6d656e752d6f70656e7c733a303a22223b64617368626f6172645f666f726d5f646174617c613a303a7b7d),
('cjave0udasn1udsproskrd12vbl16eod', '42.111.130.135', 1596446097, 0x5f5f63695f6c6173745f726567656e65726174657c693a313539363434363039373b73746166665f757365725f69647c733a313a2238223b73746166665f6c6f676765645f696e7c623a313b73657475702d6d656e752d6f70656e7c733a303a22223b64617368626f6172645f666f726d5f646174617c613a303a7b7d50726f6a656374735f7072655f75726c7c733a31353a226b616e62616e5f6e6f7363726f6c6c223b50726f6a656374735f7072655f63757272656e745f75726c7c733a32353a2270726f6a656374732f6b616e62616e5f6e6f7363726f6c6c3f223b),
('d8blped0dd0nm24qq0e9fb26f7o7idli', '27.5.59.36', 1596441471, 0x5f5f63695f6c6173745f726567656e65726174657c693a313539363434313437313b73746166665f757365725f69647c733a313a2231223b73746166665f6c6f676765645f696e7c623a313b73657475702d6d656e752d6f70656e7c623a313b),
('da9u4iuuvtqloip5kcdue8g483fjg6k0', '27.5.59.36', 1596436341, 0x5f5f63695f6c6173745f726567656e65726174657c693a313539363433363334313b73746166665f757365725f69647c733a313a2231223b73746166665f6c6f676765645f696e7c623a313b73657475702d6d656e752d6f70656e7c623a313b),
('dkhjfus4fdeogim7b891acg1apmjb0f1', '192.35.168.219', 1596480957, 0x5f5f63695f6c6173745f726567656e65726174657c693a313539363438303935363b7265645f75726c7c733a32373a2268747470733a2f2f38352e3139352e38312e3139343a343433332f223b),
('dnqf8ki0ldk4kr26hds8s461l8cqjd9s', '192.35.168.200', 1596438113, 0x5f5f63695f6c6173745f726567656e65726174657c693a313539363433383131323b7265645f75726c7c733a32373a2268747470733a2f2f38352e3139352e38312e3139343a343433332f223b),
('e3laprd2cg0eq974d98ojhgk45c7uf0p', '103.78.159.69', 1596430679, 0x5f5f63695f6c6173745f726567656e65726174657c693a313539363433303637323b73746166665f757365725f69647c733a313a2231223b73746166665f6c6f676765645f696e7c623a313b73657475702d6d656e752d6f70656e7c733a303a22223b64617368626f6172645f666f726d5f646174617c613a303a7b7d50726f6a656374735f7072655f75726c7c733a353a22696e646578223b50726f6a656374735f7072655f63757272656e745f75726c7c733a32333a2270726f6a656374732f696e6465783f7374617475733d33223b7461736b735f6b616e62616e5f766965777c733a353a2266616c7365223b),
('g4v4ij83gnjnjnev6k7ik4n8shjg52gm', '192.35.169.16', 1596434189, 0x5f5f63695f6c6173745f726567656e65726174657c693a313539363433343138383b7265645f75726c7c733a32373a2268747470733a2f2f38352e3139352e38312e3139343a343433332f223b),
('h64ijpa7ii2n7slk1orvhndpvig4mhif', '103.78.159.69', 1596430672, 0x5f5f63695f6c6173745f726567656e65726174657c693a313539363433303637323b73746166665f757365725f69647c733a313a2231223b73746166665f6c6f676765645f696e7c623a313b73657475702d6d656e752d6f70656e7c733a303a22223b64617368626f6172645f666f726d5f646174617c613a303a7b7d50726f6a656374735f7072655f75726c7c733a353a22696e646578223b50726f6a656374735f7072655f63757272656e745f75726c7c733a32333a2270726f6a656374732f696e6465783f7374617475733d33223b7461736b735f6b616e62616e5f766965777c733a353a2266616c7365223b),
('h8n76cc85j946paia4lbhs3c7egofjs3', '49.207.130.48', 1596453023, 0x5f5f63695f6c6173745f726567656e65726174657c693a313539363435333032333b73746166665f757365725f69647c733a313a2231223b73746166665f6c6f676765645f696e7c623a313b50726f6a656374735f7072655f75726c7c733a31303a22696e6465785f6c697374223b50726f6a656374735f7072655f63757272656e745f75726c7c733a32303a2270726f6a656374732f696e6465785f6c6973743f223b73657475702d6d656e752d6f70656e7c733a303a22223b),
('hanvuuffdnoc5mqt3jahrv566f0hhm0t', '192.35.168.202', 1596437957, 0x5f5f63695f6c6173745f726567656e65726174657c693a313539363433373935373b7265645f75726c7c733a32373a2268747470733a2f2f38352e3139352e38312e3139343a343433332f223b),
('hi93471a9k16ld544puhasui63ltpd68', '192.35.168.218', 1596437581, 0x5f5f63695f6c6173745f726567656e65726174657c693a313539363433373538313b7265645f75726c7c733a32373a2268747470733a2f2f38352e3139352e38312e3139343a343433332f223b),
('itsijtt28spr0t23utienbsjrhm7d2kt', '27.5.59.36', 1596429427, 0x5f5f63695f6c6173745f726567656e65726174657c693a313539363432393432373b73746166665f757365725f69647c733a313a2231223b73746166665f6c6f676765645f696e7c623a313b73657475702d6d656e752d6f70656e7c623a313b),
('j7so6p9pl8qqmf71onrh7vtk9osln2rs', '192.35.168.218', 1596431881, 0x5f5f63695f6c6173745f726567656e65726174657c693a313539363433313838303b7265645f75726c7c733a32373a2268747470733a2f2f38352e3139352e38312e3139343a343433332f223b),
('j8qhesk9154560p6vn42l0k6rcphapuq', '192.241.231.77', 1596499949, 0x5f5f63695f6c6173745f726567656e65726174657c693a313539363439393934393b7265645f75726c7c733a32373a2268747470733a2f2f38352e3139352e38312e3139343a343433332f223b),
('l0p49pika2olf47bpqrrihb1micb14bd', '192.35.168.218', 1596431882, 0x5f5f63695f6c6173745f726567656e65726174657c693a313539363433313838323b7265645f75726c7c733a32373a2268747470733a2f2f38352e3139352e38312e3139343a343433332f223b),
('l6ihb4ur1hpf5ja33hrth73d5li8a9l4', '192.35.168.251', 1596433545, 0x5f5f63695f6c6173745f726567656e65726174657c693a313539363433333534353b7265645f75726c7c733a32373a2268747470733a2f2f38352e3139352e38312e3139343a343433332f223b),
('m6t1ijsvulfpf8bo2nn0881at58sn2uv', '123.176.34.16', 1596541570, 0x5f5f63695f6c6173745f726567656e65726174657c693a313539363534313537303b73746166665f757365725f69647c733a313a2231223b73746166665f6c6f676765645f696e7c623a313b73657475702d6d656e752d6f70656e7c623a313b64617368626f6172645f666f726d5f646174617c613a333a7b733a31363a2263616c656e6461725f66696c74657273223b733a313a2231223b733a393a22706970656c696e6573223b733a313a2236223b733a363a226d656d626572223b733a313a2233223b7d50726f6a656374735f7072655f75726c7c733a31303a22696e6465785f6c697374223b50726f6a656374735f7072655f63757272656e745f75726c7c733a32303a2270726f6a656374732f696e6465785f6c6973743f223b),
('mt4qav9o3i7ea1q7vm3mc20p0h9ko83n', '192.35.169.16', 1596434190, 0x5f5f63695f6c6173745f726567656e65726174657c693a313539363433343139303b7265645f75726c7c733a32373a2268747470733a2f2f38352e3139352e38312e3139343a343433332f223b),
('n2tsqj4q3uri156nrjc71vpr8gpmm551', '1.23.198.138', 1596521449, 0x5f5f63695f6c6173745f726567656e65726174657c693a313539363532313434393b),
('o08ui2a2qvg0jvblviie2ja4opdai5qn', '27.5.59.36', 1596440893, 0x5f5f63695f6c6173745f726567656e65726174657c693a313539363434303839333b73746166665f757365725f69647c733a313a2231223b73746166665f6c6f676765645f696e7c623a313b73657475702d6d656e752d6f70656e7c623a313b),
('p8c5j7iv2on8fm2p76p5m554toj41251', '192.35.168.200', 1596438115, 0x5f5f63695f6c6173745f726567656e65726174657c693a313539363433383131353b7265645f75726c7c733a32373a2268747470733a2f2f38352e3139352e38312e3139343a343433332f223b),
('qhsr0hksdlcald3aor6ut0e4n83ok047', '157.50.209.210', 1596430001, 0x5f5f63695f6c6173745f726567656e65726174657c693a313539363432393939313b73746166665f757365725f69647c733a313a2231223b73746166665f6c6f676765645f696e7c623a313b73657475702d6d656e752d6f70656e7c733a303a22223b64617368626f6172645f666f726d5f646174617c613a303a7b7d50726f6a656374735f7072655f75726c7c733a31353a226b616e62616e5f6e6f7363726f6c6c223b50726f6a656374735f7072655f63757272656e745f75726c7c733a32353a2270726f6a656374732f6b616e62616e5f6e6f7363726f6c6c3f223b6c656164735f6b616e62616e5f766965777c733a353a2266616c7365223b7377697463685f6b616e62616e5f6e6f7363726f6c6c7c733a343a2274727565223b7377697463685f666f7265636173747c733a353a2266616c7365223b),
('ql9hgvu7aunabq2je2qjovm49cdta83n', '27.5.59.36', 1596441876, 0x5f5f63695f6c6173745f726567656e65726174657c693a313539363434313837363b73746166665f757365725f69647c733a313a2231223b73746166665f6c6f676765645f696e7c623a313b73657475702d6d656e752d6f70656e7c623a313b),
('sn3u27bih0tn1bblu097noe4kucj1akk', '27.5.59.36', 1596428820, 0x5f5f63695f6c6173745f726567656e65726174657c693a313539363432383832303b73746166665f757365725f69647c733a313a2231223b73746166665f6c6f676765645f696e7c623a313b),
('t7ealkvgcko0jj4q19iln76lhfd79q7j', '123.176.34.16', 1596540347, 0x5f5f63695f6c6173745f726567656e65726174657c693a313539363534303334373b73746166665f757365725f69647c733a313a2231223b73746166665f6c6f676765645f696e7c623a313b73657475702d6d656e752d6f70656e7c733a303a22223b64617368626f6172645f666f726d5f646174617c613a303a7b7d50726f6a656374735f7072655f75726c7c733a353a22696e646578223b50726f6a656374735f7072655f63757272656e745f75726c7c733a32333a2270726f6a656374732f696e6465783f7374617475733d33223b),
('t8ufqeq5bk0gmtob63vsfedu7os452u3', '49.207.130.48', 1596446350, 0x5f5f63695f6c6173745f726567656e65726174657c693a313539363434363335303b73746166665f757365725f69647c733a313a2231223b73746166665f6c6f676765645f696e7c623a313b50726f6a656374735f7072655f75726c7c733a31303a22696e6465785f6c697374223b50726f6a656374735f7072655f63757272656e745f75726c7c733a32303a2270726f6a656374732f696e6465785f6c6973743f223b73657475702d6d656e752d6f70656e7c733a303a22223b),
('tr7dtokv8e7o6fuct0cogc52pc5q7h9t', '192.35.168.251', 1596433548, 0x5f5f63695f6c6173745f726567656e65726174657c693a313539363433333534373b7265645f75726c7c733a32373a2268747470733a2f2f38352e3139352e38312e3139343a343433332f223b),
('tsk1s94g38ea00eek7rvaicjfrqbk2ft', '49.207.130.48', 1596453025, 0x5f5f63695f6c6173745f726567656e65726174657c693a313539363435333032333b73746166665f757365725f69647c733a313a2231223b73746166665f6c6f676765645f696e7c623a313b50726f6a656374735f7072655f75726c7c733a31303a22696e6465785f6c697374223b50726f6a656374735f7072655f63757272656e745f75726c7c733a32303a2270726f6a656374732f696e6465785f6c6973743f223b73657475702d6d656e752d6f70656e7c733a303a22223b64617368626f6172645f666f726d5f646174617c613a303a7b7d),
('tuqhprke7l0a4c8sk2u5lpd4t1jvepad', '27.5.59.36', 1596442312, 0x5f5f63695f6c6173745f726567656e65726174657c693a313539363434323331323b73746166665f757365725f69647c733a313a2239223b73746166665f6c6f676765645f696e7c623a313b73657475702d6d656e752d6f70656e7c623a313b64617368626f6172645f666f726d5f646174617c613a303a7b7d50726f6a656374735f7072655f75726c7c733a31353a226b616e62616e5f6e6f7363726f6c6c223b50726f6a656374735f7072655f63757272656e745f75726c7c733a32353a2270726f6a656374732f6b616e62616e5f6e6f7363726f6c6c3f223b),
('ukf1d92807hcujc67nupk6uhre0hftds', '123.176.34.16', 1596541365, 0x5f5f63695f6c6173745f726567656e65726174657c693a313539363534313333393b73746166665f757365725f69647c733a313a2239223b73746166665f6c6f676765645f696e7c623a313b73657475702d6d656e752d6f70656e7c733a303a22223b64617368626f6172645f666f726d5f646174617c613a303a7b7d50726f6a656374735f7072655f75726c7c733a31303a22696e6465785f6c697374223b50726f6a656374735f7072655f63757272656e745f75726c7c733a32303a2270726f6a656374732f696e6465785f6c6973743f223b),
('uq6of8ikfa33uvn5hjbv9vaochcj44og', '27.5.59.36', 1596442299, 0x5f5f63695f6c6173745f726567656e65726174657c693a313539363434323137393b73746166665f757365725f69647c733a323a223130223b73746166665f6c6f676765645f696e7c623a313b73657475702d6d656e752d6f70656e7c623a313b64617368626f6172645f666f726d5f646174617c613a303a7b7d50726f6a656374735f7072655f75726c7c733a31353a226b616e62616e5f6e6f7363726f6c6c223b50726f6a656374735f7072655f63757272656e745f75726c7c733a32353a2270726f6a656374732f6b616e62616e5f6e6f7363726f6c6c3f223b),
('veau5vl2ff21oanotepjshqudt8fbe6o', '192.35.168.219', 1596480958, 0x5f5f63695f6c6173745f726567656e65726174657c693a313539363438303935383b7265645f75726c7c733a32373a2268747470733a2f2f38352e3139352e38312e3139343a343433332f223b),
('vrati1vreemhmulp7947ff6s5us9ckl8', '27.5.59.36', 1596441501, 0x5f5f63695f6c6173745f726567656e65726174657c693a313539363434313530313b73746166665f757365725f69647c733a313a2235223b73746166665f6c6f676765645f696e7c623a313b73657475702d6d656e752d6f70656e7c733a303a22223b);

-- --------------------------------------------------------

--
-- Table structure for table `tblshared_customer_files`
--

CREATE TABLE `tblshared_customer_files` (
  `file_id` int(11) NOT NULL,
  `contact_id` int(11) NOT NULL
) ENGINE=InnoDB DEFAULT CHARSET=utf8;

-- --------------------------------------------------------

--
-- Table structure for table `tblspam_filters`
--

CREATE TABLE `tblspam_filters` (
  `id` int(11) NOT NULL,
  `type` varchar(40) NOT NULL,
  `rel_type` varchar(10) NOT NULL,
  `value` text NOT NULL
) ENGINE=InnoDB DEFAULT CHARSET=utf8;

-- --------------------------------------------------------

--
-- Table structure for table `tblstaff`
--

CREATE TABLE `tblstaff` (
  `staffid` int(11) NOT NULL,
  `email` varchar(100) NOT NULL,
  `firstname` varchar(50) NOT NULL,
  `lastname` varchar(50) NOT NULL,
  `facebook` mediumtext DEFAULT NULL,
  `linkedin` mediumtext DEFAULT NULL,
  `phonenumber` varchar(30) DEFAULT NULL,
  `skype` varchar(50) DEFAULT NULL,
  `password` varchar(250) NOT NULL,
  `datecreated` datetime NOT NULL,
  `profile_image` varchar(191) DEFAULT NULL,
  `last_ip` varchar(40) DEFAULT NULL,
  `last_login` datetime DEFAULT NULL,
  `last_activity` datetime DEFAULT NULL,
  `last_password_change` datetime DEFAULT NULL,
  `new_pass_key` varchar(32) DEFAULT NULL,
  `new_pass_key_requested` datetime DEFAULT NULL,
  `admin` int(11) NOT NULL DEFAULT 0,
  `role` int(11) DEFAULT NULL,
  `designation` int(11) NOT NULL,
  `reporting_to` int(11) NOT NULL,
  `emp_id` varchar(10) NOT NULL,
  `action_for` enum('Active','Blocked','Deactivate','Vacant') NOT NULL,
  `active` int(11) NOT NULL DEFAULT 1,
  `default_language` varchar(40) DEFAULT NULL,
  `direction` varchar(3) DEFAULT NULL,
  `media_path_slug` varchar(191) DEFAULT NULL,
  `is_not_staff` int(11) NOT NULL DEFAULT 0,
  `hourly_rate` decimal(15,2) NOT NULL DEFAULT 0.00,
  `two_factor_auth_enabled` tinyint(1) DEFAULT 0,
  `two_factor_auth_code` varchar(100) DEFAULT NULL,
  `two_factor_auth_code_requested` datetime DEFAULT NULL,
  `email_signature` text DEFAULT NULL,
  `deavite_re_assign` int(11) DEFAULT 0,
  `deavite_follow` int(11) DEFAULT NULL,
  `deavite_follow_ids` text DEFAULT NULL
) ENGINE=InnoDB DEFAULT CHARSET=utf8;

--
-- Dumping data for table `tblstaff`
--

INSERT INTO `tblstaff` (`staffid`, `email`, `firstname`, `lastname`, `facebook`, `linkedin`, `phonenumber`, `skype`, `password`, `datecreated`, `profile_image`, `last_ip`, `last_login`, `last_activity`, `last_password_change`, `new_pass_key`, `new_pass_key_requested`, `admin`, `role`, `designation`, `reporting_to`, `emp_id`, `action_for`, `active`, `default_language`, `direction`, `media_path_slug`, `is_not_staff`, `hourly_rate`, `two_factor_auth_enabled`, `two_factor_auth_code`, `two_factor_auth_code_requested`, `email_signature`, `deavite_re_assign`, `deavite_follow`, `deavite_follow_ids`) VALUES
(1, 'admin@admin.com', 'Admin', 'Login', '', '', '', '', '$2a$08$6Pd.WkNmflaaIgPXcZh4H.Qvt78CONNdBlG4T9P8Xz0r2bEsyfEfK', '2019-12-12 13:54:03', NULL, '123.176.34.16', '2020-08-04 15:54:11', '2020-08-04 17:16:13', NULL, NULL, NULL, 1, 1, 5, 0, 'LF001', 'Active', 1, 'english', NULL, NULL, 0, '0.00', 0, 'yfg153ed57mzftuv5f259fd792fee1', '2020-08-01 22:31:11', '', 0, 0, NULL),
(2, 'fmcgmarketing@saneforce.com', 'Alageswari', 'Executive', '', '', '7894561230', '', '$2a$08$07iYJlqFTSgZf2nsLFUoQOY41hqLAeeFGoEIQMJXDDxgLyCfeG5L.', '2019-12-13 09:53:16', NULL, '192.168.2.128', '2020-01-27 10:47:24', '2020-01-27 10:49:01', '2020-01-17 12:24:08', NULL, NULL, 0, 3, 6, 5, '0066', 'Active', 1, '', '', 'max-g', 0, '10.00', 0, NULL, NULL, '', 0, 0, NULL),
(3, 'skumar@saneforce.com', 'Sundara', 'Kumar', '', '', '7894561230', '', '$2a$08$BWGreJ99wULXVCCJxeiPvOWosuc8fbzESQ3N.juar6txqPTbfrnWS', '2019-12-13 09:56:48', NULL, '27.5.59.36', '2020-08-03 10:00:59', '2020-08-03 10:01:02', '2020-08-02 21:00:12', NULL, NULL, 0, 1, 8, 1, '43434', 'Active', 1, '', '', 'test-user', 0, '10.00', 0, NULL, NULL, '', 0, 0, NULL),
(4, 'darious@saneforce.com', 'Darious', '1st Line Manager', '', '', '7894561230', '', '$2a$08$FBlQ2sfiVjxo8ORB8bZ8o.iAtrOR1VO0AjVaC1iLYkprtmyr.G1rm', '2019-12-13 10:19:14', NULL, '27.5.59.36', '2020-08-03 10:06:28', '2020-08-03 10:06:30', '2020-07-28 13:58:59', NULL, NULL, 0, 2, 7, 3, '123', 'Active', 1, '', '', 'elliot-j', 0, '977.00', 0, '5h79shy0z4bffe7k5f27942ee27044', '2020-08-03 10:05:58', '', 0, 0, NULL),
(5, 'seetha@saneforce.com', 'Seetha, 1st Line Manager', 'G', '', '', '7894561230', '', '$2a$08$3/eBrdcThjFUUFqoitUO9.bOp7R1Lw.qCIrQTuuIdnSp9Gjuwe/ri', '2020-01-03 16:22:31', NULL, '27.5.59.36', '2020-08-03 10:09:45', '2020-08-03 13:28:22', '2020-08-03 10:09:10', NULL, NULL, 0, 2, 7, 3, '001', 'Active', 1, 'english', 'ltr', 'sample-user', 0, '10.00', 0, NULL, NULL, '', 0, 0, NULL),
(6, 'pharmasfe@saneforce.com', 'Shree Vidya', 'Executive', '', '', '7894561230', '', '$2a$08$n7.wQaEUJR78DMpBMX0YquXjweCVqAYrEd30yfSWQpa2SDVrsY4nS', '2020-01-14 19:47:06', NULL, '157.50.77.68', '2020-06-09 15:02:42', '2020-06-09 15:03:17', '2020-08-03 10:03:51', NULL, NULL, 0, 3, 6, 5, '00098', 'Active', 1, '', '', 'andrew-g', 0, '10.00', 0, NULL, NULL, '', 0, 0, NULL),
(8, 'mm@saneforce.com', 'Sivaneswaran', 'Executive', '', '', '', '', '$2a$08$dBfL3Q.R4qMY8FJXjX/uVuO9B4bXm4.K3aWWisTlLLOjYfpSHPZQ6', '2020-03-04 13:01:47', NULL, '1.23.198.138', '2020-08-04 11:28:39', '2020-08-04 11:39:27', '2020-08-03 09:52:51', NULL, NULL, 0, 3, 6, 5, '0011', 'Active', 1, '', '', 'sivaneswaran-s', 0, '0.00', 0, NULL, NULL, '', 0, 0, NULL),
(9, 'shan@gmail.com', 'Shanmugam, MMC', 'Admin', '', '', '8939128144', '', '$2a$08$D8rQRjF9fpqEN.0RoQDjA.ij.zIuPRigQlda738tH9Gqox0EZlcTu', '2020-08-03 13:27:52', NULL, '123.176.34.16', '2020-08-04 17:01:56', '2020-08-04 17:12:45', '2020-08-03 13:30:42', NULL, NULL, 0, 3, 6, 3, 'mmc11001', 'Active', 1, NULL, NULL, 'shanmugam-mmc-admin', 0, '0.00', 0, NULL, NULL, '', 0, 0, NULL),
(10, 'neotcs2018@gmail.com', 'Shanmugam, MMC', 'Executive', '', '', '8939128144', '', '$2a$08$KGe1Hat7hi4O6Ro8FrdZw.9J9WjeW7NAn3QAAPRGSJJDX4aNBQ262', '2020-08-03 13:34:29', NULL, '27.5.59.36', '2020-08-03 13:34:48', '2020-08-03 13:41:39', NULL, NULL, NULL, 0, 3, 6, 3, 'mmc1001', 'Active', 1, NULL, NULL, 'shanmugam-mmc-executive', 0, '0.00', 0, NULL, NULL, '', 0, 0, NULL);

-- --------------------------------------------------------

--
-- Table structure for table `tblstaff_departments`
--

CREATE TABLE `tblstaff_departments` (
  `staffdepartmentid` int(11) NOT NULL,
  `staffid` int(11) NOT NULL,
  `departmentid` int(11) NOT NULL
) ENGINE=InnoDB DEFAULT CHARSET=utf8;

-- --------------------------------------------------------

--
-- Table structure for table `tblstaff_permissions`
--

CREATE TABLE `tblstaff_permissions` (
  `staff_id` int(11) NOT NULL,
  `feature` varchar(40) NOT NULL,
  `capability` varchar(100) NOT NULL
) ENGINE=InnoDB DEFAULT CHARSET=utf8;

--
-- Dumping data for table `tblstaff_permissions`
--

INSERT INTO `tblstaff_permissions` (`staff_id`, `feature`, `capability`) VALUES
(8, 'bulk_pdf_exporter', 'view'),
(8, 'customers', 'view'),
(8, 'customers', 'create'),
(8, 'customers', 'edit'),
(8, 'customers', 'delete'),
(8, 'projects', 'view'),
(8, 'projects', 'create'),
(8, 'projects', 'edit'),
(8, 'projects', 'delete'),
(8, 'reports', 'view'),
(8, 'settings', 'view'),
(8, 'settings', 'edit'),
(8, 'tasks', 'view'),
(8, 'tasks', 'create'),
(8, 'tasks', 'edit'),
(8, 'tasks', 'delete'),
(8, 'checklist_templates', 'create'),
(8, 'checklist_templates', 'delete'),
(2, 'bulk_pdf_exporter', 'view'),
(2, 'customers', 'view'),
(2, 'customers', 'create'),
(2, 'customers', 'edit'),
(2, 'customers', 'delete'),
(2, 'projects', 'view'),
(2, 'projects', 'create'),
(2, 'projects', 'edit'),
(2, 'projects', 'delete'),
(2, 'reports', 'view'),
(2, 'settings', 'view'),
(2, 'settings', 'edit'),
(2, 'tasks', 'view'),
(2, 'tasks', 'create'),
(2, 'tasks', 'edit'),
(2, 'tasks', 'delete'),
(2, 'checklist_templates', 'create'),
(2, 'checklist_templates', 'delete'),
(3, 'bulk_pdf_exporter', 'view'),
(3, 'customers', 'view'),
(3, 'customers', 'create'),
(3, 'customers', 'edit'),
(3, 'customers', 'delete'),
(3, 'projects', 'view'),
(3, 'projects', 'create'),
(3, 'projects', 'edit'),
(3, 'projects', 'delete'),
(3, 'reports', 'view'),
(3, 'tasks', 'view'),
(3, 'tasks', 'create'),
(3, 'tasks', 'edit'),
(3, 'tasks', 'delete'),
(3, 'checklist_templates', 'create'),
(3, 'checklist_templates', 'delete'),
(6, 'bulk_pdf_exporter', 'view'),
(6, 'customers', 'view'),
(6, 'customers', 'create'),
(6, 'customers', 'edit'),
(6, 'customers', 'delete'),
(6, 'projects', 'view'),
(6, 'projects', 'create'),
(6, 'projects', 'edit'),
(6, 'projects', 'delete'),
(6, 'reports', 'view'),
(6, 'settings', 'view'),
(6, 'settings', 'edit'),
(6, 'tasks', 'view'),
(6, 'tasks', 'create'),
(6, 'tasks', 'edit'),
(6, 'tasks', 'delete'),
(6, 'checklist_templates', 'create'),
(6, 'checklist_templates', 'delete'),
(4, 'bulk_pdf_exporter', 'view'),
(4, 'customers', 'view'),
(4, 'customers', 'create'),
(4, 'customers', 'edit'),
(4, 'customers', 'delete'),
(4, 'projects', 'view'),
(4, 'projects', 'create'),
(4, 'projects', 'edit'),
(4, 'projects', 'delete'),
(4, 'reports', 'view'),
(4, 'tasks', 'view'),
(4, 'tasks', 'create'),
(4, 'tasks', 'edit'),
(4, 'tasks', 'delete'),
(4, 'checklist_templates', 'create'),
(4, 'checklist_templates', 'delete'),
(5, 'bulk_pdf_exporter', 'view'),
(5, 'customers', 'view'),
(5, 'customers', 'create'),
(5, 'customers', 'edit'),
(5, 'customers', 'delete'),
(5, 'projects', 'view'),
(5, 'projects', 'create'),
(5, 'projects', 'edit'),
(5, 'projects', 'delete'),
(5, 'reports', 'view'),
(5, 'tasks', 'view'),
(5, 'tasks', 'create'),
(5, 'tasks', 'edit'),
(5, 'tasks', 'delete'),
(5, 'checklist_templates', 'create'),
(5, 'checklist_templates', 'delete'),
(10, 'bulk_pdf_exporter', 'view'),
(10, 'customers', 'view'),
(10, 'customers', 'create'),
(10, 'customers', 'edit'),
(10, 'customers', 'delete'),
(10, 'projects', 'view'),
(10, 'projects', 'create'),
(10, 'projects', 'edit'),
(10, 'projects', 'delete'),
(10, 'reports', 'view'),
(10, 'settings', 'view'),
(10, 'settings', 'edit'),
(10, 'tasks', 'view'),
(10, 'tasks', 'create'),
(10, 'tasks', 'edit'),
(10, 'tasks', 'delete'),
(10, 'checklist_templates', 'create'),
(10, 'checklist_templates', 'delete');

-- --------------------------------------------------------

--
-- Table structure for table `tblsubscriptions`
--

CREATE TABLE `tblsubscriptions` (
  `id` int(11) NOT NULL,
  `name` varchar(191) NOT NULL,
  `description` text DEFAULT NULL,
  `description_in_item` tinyint(1) NOT NULL DEFAULT 0,
  `clientid` int(11) NOT NULL,
  `date` date DEFAULT NULL,
  `terms` text DEFAULT NULL,
  `currency` int(11) NOT NULL,
  `tax_id` int(11) NOT NULL DEFAULT 0,
  `stripe_tax_id` varchar(50) DEFAULT NULL,
  `stripe_plan_id` text DEFAULT NULL,
  `stripe_subscription_id` text NOT NULL,
  `next_billing_cycle` bigint(20) DEFAULT NULL,
  `ends_at` bigint(20) DEFAULT NULL,
  `status` varchar(50) DEFAULT NULL,
  `quantity` int(11) NOT NULL DEFAULT 1,
  `project_id` int(11) NOT NULL DEFAULT 0,
  `hash` varchar(32) NOT NULL,
  `created` datetime NOT NULL,
  `created_from` int(11) NOT NULL,
  `date_subscribed` datetime DEFAULT NULL,
  `in_test_environment` int(11) DEFAULT NULL
) ENGINE=InnoDB DEFAULT CHARSET=utf8;

-- --------------------------------------------------------

--
-- Table structure for table `tbltaggables`
--

CREATE TABLE `tbltaggables` (
  `rel_id` int(11) NOT NULL,
  `rel_type` varchar(20) NOT NULL,
  `tag_id` int(11) NOT NULL,
  `tag_order` int(11) NOT NULL DEFAULT 0
) ENGINE=InnoDB DEFAULT CHARSET=utf8;

--
-- Dumping data for table `tbltaggables`
--

INSERT INTO `tbltaggables` (`rel_id`, `rel_type`, `tag_id`, `tag_order`) VALUES
(1, 'lead', 1, 1),
(2, 'lead', 1, 1),
(3, 'lead', 1, 1),
(4, 'lead', 1, 1),
(1, 'task', 1, 1),
(6, 'task', 2, 1),
(6, 'task', 1, 2),
(8, 'task', 2, 1),
(8, 'task', 1, 2),
(3, 'project', 2, 1),
(3, 'project', 1, 2),
(9, 'task', 2, 1),
(9, 'task', 1, 2),
(2, 'task', 2, 1),
(2, 'task', 1, 2),
(44, 'task', 3, 1),
(44, 'task', 4, 2),
(102, 'project', 3, 1),
(102, 'project', 4, 2);

-- --------------------------------------------------------

--
-- Table structure for table `tbltags`
--

CREATE TABLE `tbltags` (
  `id` int(11) NOT NULL,
  `name` varchar(100) NOT NULL
) ENGINE=InnoDB DEFAULT CHARSET=utf8;

--
-- Dumping data for table `tbltags`
--

INSERT INTO `tbltags` (`id`, `name`) VALUES
(4, 'marketing'),
(3, 'sales'),
(2, 'Software Engineer'),
(1, 'Web developer');

-- --------------------------------------------------------

--
-- Table structure for table `tbltasks`
--

CREATE TABLE `tbltasks` (
  `id` int(11) NOT NULL,
  `name` mediumtext DEFAULT NULL,
  `tasktype` int(11) NOT NULL,
  `description` text DEFAULT NULL,
  `priority` int(11) DEFAULT NULL,
  `dateadded` datetime NOT NULL,
  `startdate` datetime DEFAULT NULL,
  `duedate` date DEFAULT NULL,
  `datefinished` datetime DEFAULT NULL,
  `addedfrom` int(11) NOT NULL,
  `is_added_from_contact` tinyint(1) NOT NULL DEFAULT 0,
  `status` int(11) NOT NULL DEFAULT 0,
  `recurring_type` varchar(10) DEFAULT NULL,
  `repeat_every` int(11) DEFAULT NULL,
  `recurring` int(11) NOT NULL DEFAULT 0,
  `is_recurring_from` int(11) DEFAULT NULL,
  `cycles` int(11) NOT NULL DEFAULT 0,
  `total_cycles` int(11) NOT NULL DEFAULT 0,
  `custom_recurring` tinyint(1) NOT NULL DEFAULT 0,
  `last_recurring_date` date DEFAULT NULL,
  `rel_id` int(11) DEFAULT NULL,
  `rel_type` varchar(30) DEFAULT NULL,
  `is_public` tinyint(1) NOT NULL DEFAULT 0,
  `contacts_id` int(11) NOT NULL DEFAULT 0,
  `billable` tinyint(1) NOT NULL DEFAULT 0,
  `billed` tinyint(1) NOT NULL DEFAULT 0,
  `invoice_id` int(11) NOT NULL DEFAULT 0,
  `hourly_rate` decimal(15,2) NOT NULL DEFAULT 0.00,
  `milestone` int(11) DEFAULT 0,
  `kanban_order` int(11) NOT NULL DEFAULT 0,
  `milestone_order` int(11) NOT NULL DEFAULT 0,
  `visible_to_client` tinyint(1) NOT NULL DEFAULT 0,
  `deadline_notified` int(11) NOT NULL DEFAULT 0
) ENGINE=InnoDB DEFAULT CHARSET=utf8;

--
-- Dumping data for table `tbltasks`
--

INSERT INTO `tbltasks` (`id`, `name`, `tasktype`, `description`, `priority`, `dateadded`, `startdate`, `duedate`, `datefinished`, `addedfrom`, `is_added_from_contact`, `status`, `recurring_type`, `repeat_every`, `recurring`, `is_recurring_from`, `cycles`, `total_cycles`, `custom_recurring`, `last_recurring_date`, `rel_id`, `rel_type`, `is_public`, `contacts_id`, `billable`, `billed`, `invoice_id`, `hourly_rate`, `milestone`, `kanban_order`, `milestone_order`, `visible_to_client`, `deadline_notified`) VALUES
(1, 'Sample Task', 1, 'Sample Content', 2, '2020-01-22 12:20:31', '2020-01-22 00:00:00', '2020-01-31', NULL, 1, 0, 5, NULL, 0, 0, NULL, 0, 0, 0, NULL, 2, 'lead', 0, 0, 0, 0, 0, '0.00', 0, 0, 0, 0, 0),
(2, '12 o', 1, '', 2, '2020-02-03 11:52:29', '2020-02-03 00:00:00', '2020-02-03', '2020-03-18 18:50:10', 1, 0, 5, NULL, 0, 0, NULL, 0, 0, 0, NULL, 4, 'lead', 0, 0, 0, 0, 0, '0.00', 0, 0, 0, 0, 0),
(3, 'call 06 02 2020', 1, '', 2, '2020-02-06 13:12:30', '2020-02-06 00:00:00', NULL, '2020-03-18 11:10:09', 1, 0, 5, NULL, 0, 0, NULL, 0, 0, 0, NULL, 1, 'project', 0, 0, 0, 0, 0, '0.00', 0, 0, 0, 1, 0),
(4, '06022020', 2, '', 2, '2020-02-06 13:14:43', '2020-02-16 00:00:00', '2020-02-15', '2020-02-28 17:52:33', 1, 0, 5, NULL, 0, 0, NULL, 0, 0, 0, NULL, 1, 'project', 0, 0, 0, 0, 0, '0.00', 0, 1, 0, 1, 0),
(6, 'call 12 02 2020', 1, '', 1, '2020-02-12 16:57:36', '2020-02-12 00:00:00', '2020-02-20', NULL, 1, 0, 2, NULL, 0, 0, NULL, 0, 0, 0, NULL, 3, 'project', 0, 0, 0, 0, 0, '0.00', 0, 0, 0, 1, 0),
(7, 'call 12 02 2020 02', 1, '', 2, '2020-02-12 16:58:17', '2020-02-14 00:00:00', NULL, '2020-02-21 17:45:09', 1, 0, 5, NULL, 0, 0, NULL, 0, 0, 0, NULL, 3, 'project', 0, 0, 0, 0, 0, '0.00', 0, 0, 0, 1, 0),
(8, 'call 12 02 2020', 1, '', 2, '2020-02-12 17:18:03', '2020-02-12 00:00:00', '2020-02-13', '2020-03-18 18:50:06', 1, 0, 5, NULL, 0, 0, NULL, 0, 0, 0, NULL, 4, 'project', 0, 0, 0, 0, 0, '0.00', 0, 0, 0, 1, 0),
(9, 'call 12 02 2020 02', 1, '', 2, '2020-02-12 17:18:03', '2020-02-11 00:00:00', NULL, NULL, 1, 0, 2, NULL, 0, 0, NULL, 0, 0, 0, NULL, 4, 'project', 0, 0, 0, 0, 0, '0.00', 0, 0, 0, 1, 0),
(10, 'sd', 2, '', 2, '2020-02-12 17:34:24', '2020-02-12 00:00:00', NULL, '2020-02-21 17:45:01', 1, 0, 5, NULL, 0, 0, NULL, 0, 0, 0, NULL, 1, 'invoice', 0, 0, 0, 0, 0, '0.00', 0, 0, 0, 0, 0),
(13, 'Activities 0228', 1, '', 2, '2020-02-28 10:01:13', '2020-02-28 00:00:00', NULL, '2020-06-09 14:41:42', 1, 0, 5, NULL, 0, 0, NULL, 0, 0, 0, NULL, 6, 'project', 0, 0, 1, 0, 0, '0.00', 0, 0, 0, 1, 0),
(14, 'Activities 0229', 1, '', 2, '2020-02-28 10:36:22', '2020-02-28 00:00:00', NULL, '2020-02-28 10:36:53', 1, 0, 5, NULL, 0, 0, NULL, 0, 0, 0, NULL, 7, 'project', 0, 0, 1, 0, 0, '0.00', 0, 0, 0, 1, 0),
(15, 'sd', 1, 'sd', 3, '2020-02-28 12:16:05', '2020-02-28 05:00:00', NULL, '2020-03-18 18:50:29', 4, 1, 5, NULL, NULL, 0, NULL, 0, 0, 0, NULL, 6, 'project', 0, 0, 0, 0, 0, '0.00', 0, 0, 0, 1, 0),
(17, 'Call', 2, '', 2, '2020-03-10 14:10:37', '2020-03-11 00:00:00', NULL, '2020-03-10 14:12:03', 1, 0, 5, NULL, NULL, 0, NULL, 0, 0, 0, NULL, 9, 'project', 0, 7, 1, 0, 0, '0.00', 0, 0, 0, 1, 0),
(18, 'call and convice', 1, 'call and convince Mr. Ali', 2, '2020-03-10 14:20:06', '2020-03-10 00:00:00', NULL, '2020-06-09 15:40:53', 1, 0, 5, NULL, NULL, 0, NULL, 0, 0, 0, NULL, 9, 'project', 0, 7, 1, 0, 0, '0.00', 0, 0, 0, 1, 0),
(19, 'call', 1, '', 2, '2020-03-10 14:30:13', '2020-03-10 00:00:00', NULL, '2020-03-18 18:50:12', 1, 0, 5, NULL, NULL, 0, NULL, 0, 0, 0, NULL, 9, 'project', 0, 0, 1, 0, 0, '0.00', 0, 0, 0, 1, 0),
(22, 'Email', 2, '', 2, '2020-03-12 11:23:46', '2020-03-12 00:00:00', NULL, NULL, 1, 0, 5, NULL, NULL, 0, NULL, 0, 0, 0, NULL, 9, 'project', 0, 7, 1, 0, 0, '0.00', 0, 0, 0, 1, 0),
(27, 'E-mail', 2, '', 2, '2020-03-18 10:59:35', '2020-03-19 02:00:00', NULL, NULL, 1, 0, 2, NULL, NULL, 0, NULL, 0, 0, 0, NULL, NULL, NULL, 0, 0, 1, 0, 0, '0.00', 0, 0, 0, 0, 0),
(28, 'E-mail', 1, '', 2, '2020-03-18 11:00:26', '2020-03-19 00:00:00', NULL, NULL, 1, 0, 2, NULL, NULL, 0, NULL, 0, 0, 0, NULL, NULL, NULL, 0, 0, 1, 0, 0, '0.00', 0, 0, 0, 0, 0),
(29, 'Visit Directly', 3, '', 2, '2020-03-18 11:02:50', '2020-03-18 00:00:00', NULL, NULL, 1, 0, 5, NULL, NULL, 0, NULL, 0, 0, 0, NULL, NULL, NULL, 0, 0, 1, 0, 0, '0.00', 0, 0, 0, 0, 0),
(35, 'Call', 1, '', 2, '2020-03-18 18:54:51', '2020-03-18 00:00:00', NULL, NULL, 1, 0, 2, NULL, NULL, 0, NULL, 0, 0, 0, NULL, 1, 'project', 0, 0, 1, 0, 0, '0.00', 0, 0, 0, 1, 0),
(36, 'Call', 1, '', 2, '2020-03-20 09:46:46', '2020-03-20 00:00:00', NULL, NULL, 1, 0, 2, NULL, NULL, 0, NULL, 0, 0, 0, NULL, 1, 'project', 0, 0, 1, 0, 0, '0.00', 0, 0, 0, 1, 0),
(37, 'Call', 1, '', 2, '2020-03-21 12:11:42', '2020-03-21 00:00:00', NULL, NULL, 1, 0, 2, NULL, NULL, 0, NULL, 0, 0, 0, NULL, 13, 'project', 0, 0, 1, 0, 0, '0.00', 0, 0, 0, 0, 0),
(38, 'Call', 1, '', 2, '2020-03-23 10:26:56', '2020-03-23 00:00:00', NULL, NULL, 1, 0, 2, NULL, NULL, 0, NULL, 0, 0, 0, NULL, 10, 'project', 1, 0, 1, 0, 0, '0.00', 0, 0, 0, 1, 0),
(39, 'E-mail', 2, '', 2, '2020-03-23 10:33:33', '2020-03-25 00:00:00', NULL, NULL, 1, 0, 2, NULL, NULL, 0, NULL, 0, 0, 0, NULL, 9, 'project', 0, 0, 1, 0, 0, '0.00', 0, 0, 0, 0, 0),
(40, 'E-mail', 2, '', 2, '2020-03-23 10:35:15', '2019-04-24 00:00:00', NULL, '2020-06-11 22:18:43', 1, 0, 5, NULL, NULL, 0, NULL, 0, 0, 0, NULL, 10, 'project', 0, 8, 1, 0, 0, '0.00', 0, 0, 0, 1, 0),
(41, 'Visit', 3, '', 2, '2020-03-23 10:49:37', '2020-03-23 00:00:00', NULL, NULL, 1, 0, 2, NULL, NULL, 0, NULL, 0, 0, 0, NULL, 12, 'project', 0, 0, 1, 0, 0, '0.00', 0, 0, 0, 0, 0),
(42, 'intro E-mail', 2, '', 2, '2020-03-23 11:06:21', '2020-03-23 00:00:00', NULL, '2020-04-02 11:27:35', 1, 0, 5, NULL, NULL, 0, NULL, 0, 0, 0, NULL, 10, 'project', 0, 8, 1, 0, 0, '0.00', 0, 0, 0, 1, 0),
(43, 'Direct Visit - Thakur', 4, 'Visit to close the deal', 2, '2020-03-24 11:58:03', '2020-03-26 00:00:00', NULL, '2020-03-25 12:55:58', 1, 0, 5, NULL, NULL, 0, NULL, 0, 0, 0, NULL, 14, 'project', 0, 0, 1, 0, 0, '0.00', 0, 0, 0, 0, 0),
(44, 'today we need to speak him ', 1, 'They are agreed to buy the software.', 3, '2020-03-26 09:49:46', '2020-03-26 00:00:00', NULL, '2020-03-26 10:35:53', 1, 0, 5, NULL, NULL, 0, NULL, 0, 0, 0, NULL, 18, 'project', 0, 0, 1, 0, 0, '0.00', 0, 0, 0, 0, 0),
(45, 'when we can discuss', 1, 'hi', 3, '2020-03-28 22:24:37', '2020-03-28 00:00:00', NULL, NULL, 1, 0, 2, NULL, NULL, 0, NULL, 0, 0, 0, NULL, 18, 'project', 0, 0, 1, 0, 0, '0.00', 0, 0, 0, 0, 0),
(46, 'Activity against Organization', 1, 'Activity against Organization', 2, '2020-03-29 21:00:41', '2020-03-29 00:00:00', NULL, NULL, 1, 0, 2, NULL, NULL, 0, NULL, 0, 0, 0, NULL, 14, 'project', 0, 0, 1, 0, 0, '0.00', 0, 0, 0, 0, 0),
(47, 'E-mail', 2, '', 2, '2020-04-02 11:27:42', '2020-04-02 00:00:00', NULL, NULL, 1, 0, 2, NULL, NULL, 0, NULL, 0, 0, 0, NULL, NULL, NULL, 0, 0, 1, 0, 0, '0.00', 0, 0, 0, 0, 0),
(48, 'Visit tts', 4, '', 2, '2020-04-02 16:53:20', '2020-04-02 00:00:00', NULL, NULL, 1, 0, 2, NULL, NULL, 0, NULL, 0, 0, 0, NULL, 90, 'project', 0, 0, 1, 0, 0, '0.00', 0, 0, 0, 1, 0),
(51, 'Call', 1, '', 2, '2020-04-04 11:16:48', '2020-04-04 00:00:00', NULL, '2020-04-04 11:22:16', 1, 0, 5, NULL, NULL, 0, NULL, 0, 0, 0, NULL, 92, 'project', 0, 0, 1, 0, 0, '0.00', 0, 0, 0, 1, 0),
(52, 'Call', 1, '', 2, '2020-04-04 11:22:22', '2020-04-08 02:00:00', NULL, NULL, 1, 0, 2, NULL, NULL, 0, NULL, 0, 0, 0, NULL, 92, 'project', 0, 0, 1, 0, 0, '0.00', 0, 0, 0, 1, 0),
(53, 'Call', 5, '', 2, '2020-04-07 12:55:02', '2020-04-16 00:00:00', NULL, NULL, 1, 0, 2, NULL, NULL, 0, NULL, 0, 0, 0, NULL, 93, 'project', 0, 0, 1, 0, 0, '0.00', 0, 0, 0, 0, 0),
(54, 'Call', 1, '', 2, '2020-04-07 14:32:28', '2020-04-07 13:00:00', NULL, '2020-04-07 14:36:25', 1, 0, 5, NULL, NULL, 0, NULL, 0, 0, 0, NULL, 94, 'project', 0, 0, 1, 0, 0, '0.00', 0, 0, 0, 0, 0),
(55, 'E-mail', 2, '', 2, '2020-04-07 14:33:51', '2020-04-07 00:00:00', NULL, NULL, 1, 0, 2, NULL, NULL, 0, NULL, 0, 0, 0, NULL, 94, 'project', 0, 0, 1, 0, 0, '0.00', 0, 0, 0, 0, 0),
(56, 'E-mail', 2, '', 2, '2020-04-07 14:34:39', '2020-04-06 00:00:00', NULL, NULL, 1, 0, 2, NULL, NULL, 0, NULL, 0, 0, 0, NULL, 94, 'project', 0, 97, 1, 0, 0, '0.00', 0, 0, 0, 0, 0),
(57, 'Call', 1, '', 2, '2020-04-07 14:36:31', '2020-04-14 00:00:00', NULL, NULL, 1, 0, 2, NULL, NULL, 0, NULL, 0, 0, 0, NULL, NULL, NULL, 0, 0, 1, 0, 0, '0.00', 0, 0, 0, 0, 0),
(58, 'Online Demo', 8, '', 2, '2020-04-08 17:57:18', '2020-04-09 00:00:00', NULL, NULL, 1, 0, 2, NULL, NULL, 0, NULL, 0, 0, 0, NULL, 95, 'project', 0, 0, 1, 0, 0, '0.00', 0, 0, 0, 0, 0),
(59, 'Call', 1, 'Speak', 2, '2020-05-02 12:36:06', '2020-05-02 00:00:00', NULL, '2020-05-02 13:02:15', 1, 0, 5, NULL, NULL, 0, NULL, 0, 0, 0, NULL, 96, 'project', 0, 0, 1, 0, 0, '0.00', 0, 0, 0, 0, 0),
(60, 'Call', 1, '', 2, '2020-05-02 13:02:15', '2020-05-02 00:00:00', NULL, NULL, 1, 0, 2, NULL, NULL, 0, NULL, 0, 0, 0, NULL, 96, 'project', 0, 0, 1, 0, 0, '0.00', 0, 0, 0, 0, 0),
(61, 'Call', 1, '', 2, '2020-05-05 14:09:06', '2020-05-05 00:00:00', NULL, NULL, 1, 0, 2, NULL, NULL, 0, NULL, 0, 0, 0, NULL, 18, 'project', 0, 0, 1, 0, 0, '0.00', 0, 0, 0, 0, 0),
(62, 'Visit', 3, '', 2, '2020-05-05 14:10:00', '2020-05-05 14:00:00', NULL, '2020-05-05 14:26:06', 1, 0, 5, NULL, NULL, 0, NULL, 0, 0, 0, NULL, 14, 'project', 0, 0, 1, 0, 0, '0.00', 0, 0, 0, 0, 0),
(63, 'Visit', 3, '', 2, '2020-05-05 14:19:10', '2020-05-06 00:00:00', NULL, NULL, 1, 0, 2, NULL, NULL, 0, NULL, 0, 0, 0, NULL, 6, 'project', 0, 0, 1, 0, 0, '0.00', 0, 0, 0, 1, 0),
(64, 'Direct Visit', 4, '', 2, '2020-05-05 14:19:40', '2020-05-06 00:00:00', NULL, NULL, 1, 0, 2, NULL, NULL, 0, NULL, 0, 0, 0, NULL, 7, 'project', 0, 0, 1, 0, 0, '0.00', 0, 0, 0, 1, 0),
(65, 'Cold Call', 5, '', 2, '2020-05-05 14:20:18', '2020-05-07 00:00:00', NULL, NULL, 1, 0, 2, NULL, NULL, 0, NULL, 0, 0, 0, NULL, 21, 'project', 0, 0, 1, 0, 0, '0.00', 0, 0, 0, 0, 0),
(66, 'Trial Account', 7, '', 2, '2020-05-05 14:21:32', '2020-05-05 00:00:00', NULL, NULL, 1, 0, 2, NULL, NULL, 0, NULL, 0, 0, 0, NULL, 64, 'project', 0, 0, 1, 0, 0, '0.00', 0, 0, 0, 0, 0),
(67, 'Transit ', 10, '', 2, '2020-05-05 14:22:26', '2020-05-07 00:00:00', NULL, NULL, 1, 0, 2, NULL, NULL, 0, NULL, 0, 0, 0, NULL, 57, 'project', 0, 0, 1, 0, 0, '0.00', 0, 0, 0, 0, 0),
(68, 'Transit ', 10, '', 2, '2020-05-05 14:22:56', '2020-05-08 00:00:00', NULL, NULL, 1, 0, 2, NULL, NULL, 0, NULL, 0, 0, 0, NULL, 21, 'project', 0, 0, 1, 0, 0, '0.00', 0, 0, 0, 0, 0),
(69, 'Training', 11, '', 2, '2020-05-05 14:23:20', '2020-05-11 00:00:00', NULL, NULL, 1, 0, 2, NULL, NULL, 0, NULL, 0, 0, 0, NULL, NULL, NULL, 0, 0, 1, 0, 0, '0.00', 0, 0, 0, 0, 0),
(70, 'Cold Call', 5, '', 2, '2020-05-05 14:24:24', '2020-05-12 00:00:00', NULL, NULL, 1, 0, 2, NULL, NULL, 0, NULL, 0, 0, 0, NULL, 93, 'project', 0, 0, 1, 0, 0, '0.00', 0, 0, 0, 0, 0),
(71, 'Proposal', 6, '', 2, '2020-05-05 14:24:56', '2020-05-12 00:00:00', NULL, NULL, 1, 0, 2, NULL, NULL, 0, NULL, 0, 0, 0, NULL, 5, 'project', 0, 0, 1, 0, 0, '0.00', 0, 0, 0, 1, 0),
(72, 'Online Demo', 8, '', 2, '2020-05-05 14:25:31', '2020-05-14 00:00:00', NULL, NULL, 1, 0, 2, NULL, NULL, 0, NULL, 0, 0, 0, NULL, 30, 'project', 0, 0, 1, 0, 0, '0.00', 0, 0, 0, 0, 0),
(73, 'Call', 1, '', 2, '2020-05-05 14:26:58', '2020-05-18 00:00:00', NULL, NULL, 1, 0, 2, NULL, NULL, 0, NULL, 0, 0, 0, NULL, 23, 'project', 0, 0, 1, 0, 0, '0.00', 0, 0, 0, 0, 0),
(74, 'E-mail', 2, '', 2, '2020-05-05 14:27:58', '2020-05-19 00:00:00', NULL, NULL, 1, 0, 2, NULL, NULL, 0, NULL, 0, 0, 0, NULL, 37, 'project', 0, 0, 1, 0, 0, '0.00', 0, 0, 0, 0, 0),
(75, 'Direct Visit', 4, '', 2, '2020-05-05 15:28:53', '2020-05-08 00:00:00', NULL, NULL, 1, 0, 2, NULL, NULL, 0, NULL, 0, 0, 0, NULL, 97, 'project', 0, 0, 1, 0, 0, '0.00', 0, 0, 0, 0, 0),
(76, 'Call', 1, '', 2, '2020-05-05 15:46:51', '2020-05-05 00:00:00', NULL, '2020-05-05 15:48:03', 1, 0, 5, NULL, NULL, 0, NULL, 0, 0, 0, NULL, 98, 'project', 0, 0, 1, 0, 0, '0.00', 0, 0, 0, 0, 0),
(77, 'Visit', 3, 'today visit and discussed about purchase orderd', 3, '2020-05-19 15:32:17', '2020-05-19 00:00:00', NULL, NULL, 1, 0, 2, NULL, NULL, 0, NULL, 0, 0, 0, NULL, 99, 'project', 0, 0, 1, 0, 0, '0.00', 0, 0, 0, 0, 0),
(78, 'E-mail', 2, 'have you received the details?', 4, '2020-05-29 17:26:25', '2020-05-30 00:00:00', NULL, '2020-06-27 09:33:42', 1, 0, 5, NULL, NULL, 0, NULL, 0, 0, 0, NULL, 100, 'project', 0, 0, 1, 0, 0, '0.00', 0, 0, 0, 0, 0),
(79, 'Visit', 3, 'visit discussion', 2, '2020-05-29 17:29:13', '2020-05-29 00:00:00', NULL, '2020-06-27 09:33:42', 1, 0, 5, NULL, NULL, 0, NULL, 0, 0, 0, NULL, 100, 'project', 0, 0, 1, 0, 0, '0.00', 0, 0, 0, 0, 0),
(80, 'Negotiation', 1, '', 3, '2020-05-30 08:21:24', '2020-05-30 00:00:00', NULL, '2020-05-30 08:21:52', 1, 0, 5, NULL, NULL, 0, NULL, 0, 0, 0, NULL, 102, 'project', 0, 0, 1, 0, 0, '0.00', 0, 0, 0, 1, 0),
(81, 'E-mail', 2, '', 1, '2020-06-01 14:54:18', '2020-06-01 00:00:00', NULL, NULL, 1, 0, 2, NULL, NULL, 0, NULL, 0, 0, 0, NULL, 102, 'project', 0, 0, 1, 0, 0, '0.00', 0, 0, 0, 1, 0),
(83, 'E-mail', 2, 'we have sent the details', 2, '2020-06-09 12:43:13', '2020-06-09 00:00:00', NULL, '2020-06-27 09:33:42', 1, 0, 5, NULL, NULL, 0, NULL, 0, 0, 0, NULL, 100, 'project', 0, 0, 1, 0, 0, '0.00', 0, 0, 0, 0, 0),
(84, 'Call', 1, 'we need to discuss about closing the deal', 2, '2020-06-09 12:47:34', '2020-06-10 02:00:00', NULL, NULL, 1, 0, 2, NULL, NULL, 0, NULL, 0, 0, 0, NULL, 99, 'project', 0, 0, 1, 0, 0, '0.00', 0, 0, 0, 0, 0),
(85, 'E-mail', 2, 'have you received our email', 2, '2020-06-09 13:08:31', '2020-06-09 15:00:00', NULL, NULL, 4, 0, 2, NULL, NULL, 0, NULL, 0, 0, 0, NULL, NULL, NULL, 0, 0, 1, 0, 0, '0.00', 0, 0, 0, 0, 0),
(86, 'Direct Visit', 4, 'we need to meet directly', 2, '2020-06-09 13:09:32', '2020-06-09 00:00:00', NULL, '2020-06-27 09:33:42', 4, 0, 5, NULL, NULL, 0, NULL, 0, 0, 0, NULL, 100, 'project', 0, 0, 1, 0, 0, '0.00', 0, 0, 0, 0, 0),
(87, 'Cold Call', 5, 'cold call to their place', 2, '2020-06-09 13:10:03', '2020-06-09 18:00:00', NULL, NULL, 4, 0, 2, NULL, NULL, 0, NULL, 0, 0, 0, NULL, NULL, NULL, 0, 0, 1, 0, 0, '0.00', 0, 0, 0, 0, 0),
(88, 'Cold Call', 5, 'cold call', 2, '2020-06-09 13:14:30', '2020-06-09 14:00:00', NULL, NULL, 4, 0, 2, NULL, NULL, 0, NULL, 0, 0, 0, NULL, 99, 'project', 0, 0, 1, 0, 0, '0.00', 0, 0, 0, 0, 0),
(89, 'Proposal', 6, 'proposal to be submitted', 2, '2020-06-09 13:15:02', '2020-06-09 00:00:00', NULL, '2020-06-27 09:33:42', 4, 0, 5, NULL, NULL, 0, NULL, 0, 0, 0, NULL, 100, 'project', 0, 0, 1, 0, 0, '0.00', 0, 0, 0, 0, 0),
(90, 'Trial Account', 7, 'give trial account', 2, '2020-06-09 13:16:36', '2020-06-09 16:00:00', NULL, NULL, 4, 0, 2, NULL, NULL, 0, NULL, 0, 0, 0, NULL, 101, 'project', 0, 0, 1, 0, 0, '0.00', 0, 0, 0, 0, 0),
(91, 'Call', 1, '', 2, '2020-06-09 13:17:07', '2020-06-09 00:00:00', NULL, '2020-06-09 13:17:12', 1, 0, 5, NULL, NULL, 0, NULL, 0, 0, 0, NULL, 1, 'project', 0, 0, 1, 0, 0, '0.00', 0, 0, 0, 1, 0),
(92, 'Call', 1, '', 2, '2020-06-09 13:21:52', '2020-06-09 00:00:00', NULL, '2020-06-09 13:22:01', 1, 0, 5, NULL, NULL, 0, NULL, 0, 0, 0, NULL, 3, 'project', 0, 0, 1, 0, 0, '0.00', 0, 0, 0, 0, 0),
(93, 'Training', 11, 'training to devices', 2, '2020-06-09 13:21:58', '2020-06-09 18:00:00', NULL, '2020-06-27 09:33:42', 4, 0, 5, NULL, NULL, 0, NULL, 0, 0, 0, NULL, 100, 'project', 0, 0, 1, 0, 0, '0.00', 0, 0, 0, 0, 0),
(94, 'Pilot ', 9, 'pilot', 2, '2020-06-09 13:22:32', '2020-06-09 15:00:00', NULL, NULL, 4, 0, 2, NULL, NULL, 0, NULL, 0, 0, 0, NULL, 99, 'project', 0, 0, 1, 0, 0, '0.00', 0, 0, 0, 0, 0),
(95, 'Call', 1, '', 2, '2020-06-09 13:24:49', '2020-06-09 00:00:00', NULL, '2020-06-09 13:24:54', 1, 0, 5, NULL, NULL, 0, NULL, 0, 0, 0, NULL, 14, 'project', 0, 0, 1, 0, 0, '0.00', 0, 0, 0, 0, 0),
(96, 'Online Demo', 8, 'give online demo', 2, '2020-06-09 13:41:01', '2020-06-09 14:00:00', NULL, '2020-06-27 09:33:42', 1, 0, 5, NULL, NULL, 0, NULL, 0, 0, 0, NULL, 100, 'project', 0, 0, 1, 0, 0, '0.00', 0, 0, 0, 0, 0),
(97, 'Call', 1, '', 2, '2020-06-09 14:08:11', '2020-06-09 00:00:00', NULL, '2020-06-09 14:08:21', 1, 0, 5, NULL, NULL, 0, NULL, 0, 0, 0, NULL, 6, 'project', 0, 0, 1, 0, 0, '0.00', 0, 0, 0, 1, 0),
(98, 'Call', 1, '', 2, '2020-06-09 14:09:44', '2020-06-09 00:00:00', NULL, '2020-06-09 14:09:52', 1, 0, 5, NULL, NULL, 0, NULL, 0, 0, 0, NULL, 7, 'project', 0, 0, 1, 0, 0, '0.00', 0, 0, 0, 0, 0),
(99, 'Visit', 3, '', 2, '2020-06-09 15:42:16', '2020-06-24 06:00:00', NULL, NULL, 1, 0, 2, NULL, NULL, 0, NULL, 0, 0, 0, NULL, 9, 'project', 0, 0, 1, 0, 0, '0.00', 0, 0, 0, 0, 0),
(100, 'Call', 1, '', 2, '2020-06-22 11:50:25', '2020-06-22 00:00:00', NULL, NULL, 1, 0, 2, NULL, NULL, 0, NULL, 0, 0, 0, NULL, 18, 'project', 0, 20, 1, 0, 0, '0.00', 0, 0, 0, 0, 0),
(101, 'to close deal', 1, 'we need negotiate and close deal', 3, '2020-08-01 17:44:11', '2020-08-01 00:00:00', NULL, NULL, 1, 0, 2, NULL, NULL, 0, NULL, 0, 0, 0, NULL, 100, 'project', 0, 102, 1, 0, 0, '0.00', 0, 0, 0, 0, 0);

-- --------------------------------------------------------

--
-- Table structure for table `tbltaskstimers`
--

CREATE TABLE `tbltaskstimers` (
  `id` int(11) NOT NULL,
  `task_id` int(11) NOT NULL,
  `start_time` varchar(64) NOT NULL,
  `end_time` varchar(64) DEFAULT NULL,
  `staff_id` int(11) NOT NULL,
  `hourly_rate` decimal(15,2) NOT NULL DEFAULT 0.00,
  `note` text DEFAULT NULL
) ENGINE=InnoDB DEFAULT CHARSET=utf8;

--
-- Dumping data for table `tbltaskstimers`
--

INSERT INTO `tbltaskstimers` (`id`, `task_id`, `start_time`, `end_time`, `staff_id`, `hourly_rate`, `note`) VALUES
(1, 1, '1580443826', '1580473471', 1, '0.00', 'fd'),
(2, 3, '1580903032', '1580975032', 1, '0.00', NULL),
(3, 4, '1580987692', '1581312239', 1, '0.00', NULL),
(5, 7, '1581506902', '1581507334', 1, '0.00', NULL),
(7, 2, '1581569500', '1581569533', 1, '0.00', NULL),
(8, 6, '1581569533', '1581590123', 1, '0.00', NULL),
(9, 2, '1581590123', '1581590187', 1, '0.00', NULL),
(10, 7, '1581590186', '1581590193', 1, '0.00', NULL),
(11, 4, '1581590193', '1581590213', 1, '0.00', NULL),
(12, 6, '1581590213', '1581661644', 1, '0.00', NULL),
(14, 44, '1585196580', '1585204200', 4, '10.00', 'They agreed to buy our software.'),
(15, 44, '1585196580', '1585204200', 4, '10.00', 'They agreed to buy our software.');

-- --------------------------------------------------------

--
-- Table structure for table `tbltasks_checklist_templates`
--

CREATE TABLE `tbltasks_checklist_templates` (
  `id` int(11) NOT NULL,
  `description` text DEFAULT NULL
) ENGINE=InnoDB DEFAULT CHARSET=utf8;

-- --------------------------------------------------------

--
-- Table structure for table `tbltasktype`
--

CREATE TABLE `tbltasktype` (
  `id` int(11) NOT NULL,
  `name` varchar(100) NOT NULL,
  `status` varchar(10) NOT NULL,
  `created_date` datetime NOT NULL,
  `created_by` int(11) NOT NULL,
  `updated_date` datetime NOT NULL,
  `updated_by` int(11) NOT NULL
) ENGINE=InnoDB DEFAULT CHARSET=utf8;

--
-- Dumping data for table `tbltasktype`
--

INSERT INTO `tbltasktype` (`id`, `name`, `status`, `created_date`, `created_by`, `updated_date`, `updated_by`) VALUES
(1, 'Call', 'Active', '2020-01-23 18:26:07', 1, '2020-01-23 18:36:25', 1),
(2, 'E-mail', 'Active', '2020-01-23 18:26:16', 1, '2020-01-23 18:36:39', 1),
(3, 'Visit', 'Active', '2020-02-28 10:37:32', 1, '0000-00-00 00:00:00', 0),
(4, 'Direct Visit', 'Active', '2020-03-24 11:38:31', 1, '0000-00-00 00:00:00', 0),
(5, 'Cold Call', 'Active', '2020-04-07 12:50:10', 1, '0000-00-00 00:00:00', 0),
(6, 'Proposal', 'Active', '2020-04-07 12:50:33', 1, '0000-00-00 00:00:00', 0),
(7, 'Trial Account', 'Active', '2020-04-07 12:51:01', 1, '0000-00-00 00:00:00', 0),
(8, 'Online Demo', 'Active', '2020-04-07 12:51:19', 1, '0000-00-00 00:00:00', 0),
(9, 'Pilot ', 'Active', '2020-04-07 12:51:34', 1, '0000-00-00 00:00:00', 0),
(10, 'Transit ', 'Active', '2020-04-07 12:51:44', 1, '0000-00-00 00:00:00', 0),
(11, 'Training', 'Active', '2020-04-07 12:52:04', 1, '0000-00-00 00:00:00', 0),
(12, 'Cold Call 1', 'Active', '2020-05-05 15:36:39', 1, '0000-00-00 00:00:00', 0);

-- --------------------------------------------------------

--
-- Table structure for table `tbltask_assigned`
--

CREATE TABLE `tbltask_assigned` (
  `id` int(11) NOT NULL,
  `staffid` int(11) NOT NULL,
  `taskid` int(11) NOT NULL,
  `assigned_from` int(11) NOT NULL DEFAULT 0,
  `is_assigned_from_contact` tinyint(1) NOT NULL DEFAULT 0
) ENGINE=InnoDB DEFAULT CHARSET=utf8;

--
-- Dumping data for table `tbltask_assigned`
--

INSERT INTO `tbltask_assigned` (`id`, `staffid`, `taskid`, `assigned_from`, `is_assigned_from_contact`) VALUES
(1, 1, 1, 1, 0),
(2, 1, 2, 1, 0),
(3, 1, 3, 1, 0),
(4, 1, 4, 1, 0),
(6, 1, 6, 1, 0),
(7, 1, 7, 1, 0),
(8, 1, 8, 1, 0),
(9, 1, 9, 1, 0),
(10, 1, 10, 1, 0),
(12, 3, 1, 1, 0),
(14, 1, 13, 1, 0),
(15, 1, 14, 1, 0),
(16, 1, 15, 4, 1),
(18, 8, 19, 1, 0),
(27, 1, 27, 1, 0),
(28, 8, 27, 1, 0),
(29, 1, 28, 1, 0),
(30, 8, 28, 1, 0),
(31, 1, 29, 1, 0),
(32, 8, 29, 1, 0),
(43, 1, 35, 1, 0),
(44, 1, 36, 1, 0),
(45, 8, 37, 1, 0),
(46, 8, 38, 1, 0),
(47, 8, 39, 1, 0),
(49, 8, 41, 1, 0),
(51, 8, 43, 1, 0),
(52, 4, 44, 1, 0),
(53, 8, 45, 1, 0),
(57, 1, 47, 1, 0),
(58, 0, 47, 1, 0),
(59, 4, 0, 1, 0),
(60, 4, 48, 1, 0),
(64, 8, 51, 1, 0),
(65, 8, 52, 1, 0),
(66, 8, 53, 1, 0),
(67, 8, 54, 1, 0),
(68, 0, 55, 1, 0),
(70, 1, 57, 1, 0),
(71, 8, 57, 1, 0),
(72, 4, 58, 1, 0),
(76, 8, 61, 1, 0),
(77, 2, 62, 1, 0),
(78, 0, 62, 1, 0),
(79, 1, 63, 1, 0),
(80, 0, 63, 1, 0),
(81, 1, 64, 1, 0),
(82, 2, 64, 1, 0),
(83, 3, 65, 1, 0),
(84, 6, 66, 1, 0),
(85, 6, 67, 1, 0),
(86, 1, 68, 1, 0),
(87, 1, 69, 1, 0),
(88, 8, 69, 1, 0),
(89, 2, 70, 1, 0),
(90, 1, 71, 1, 0),
(91, 2, 71, 1, 0),
(92, 4, 72, 1, 0),
(93, 2, 73, 1, 0),
(94, 4, 74, 1, 0),
(95, 4, 75, 1, 0),
(96, 0, 76, 1, 0),
(97, 4, 77, 1, 0),
(98, 0, 78, 1, 0),
(99, 4, 79, 1, 0),
(100, 4, 80, 1, 0),
(101, 0, 81, 1, 0),
(103, 0, 83, 1, 0),
(104, 4, 84, 1, 0),
(105, 4, 85, 4, 0),
(106, 4, 85, 4, 0),
(107, 4, 86, 4, 0),
(108, 4, 86, 4, 0),
(109, 4, 87, 4, 0),
(110, 0, 87, 4, 0),
(111, 4, 88, 4, 0),
(112, 4, 88, 4, 0),
(113, 4, 89, 4, 0),
(114, 4, 89, 4, 0),
(115, 4, 90, 4, 0),
(116, 4, 90, 4, 0),
(117, 1, 91, 1, 0),
(118, 0, 91, 1, 0),
(119, 5, 92, 1, 0),
(120, 4, 93, 4, 0),
(121, 4, 93, 4, 0),
(122, 4, 94, 4, 0),
(123, 4, 94, 4, 0),
(124, 0, 95, 1, 0),
(125, 4, 96, 1, 0),
(126, 1, 97, 1, 0),
(127, 5, 97, 1, 0),
(128, 1, 98, 1, 0),
(129, 0, 98, 1, 0),
(130, 4, 99, 1, 0),
(131, 5, 100, 1, 0),
(132, 4, 83, 1, 0),
(133, 8, 42, 1, 0),
(134, 8, 40, 1, 0),
(135, 8, 18, 1, 0),
(136, 8, 17, 1, 0),
(137, 6, 22, 1, 0),
(138, 8, 56, 1, 0),
(139, 8, 46, 1, 0),
(140, 5, 59, 1, 0),
(141, 5, 60, 1, 0),
(142, 4, 101, 1, 0);

-- --------------------------------------------------------

--
-- Table structure for table `tbltask_checklist_items`
--

CREATE TABLE `tbltask_checklist_items` (
  `id` int(11) NOT NULL,
  `taskid` int(11) NOT NULL,
  `description` text NOT NULL,
  `finished` int(11) NOT NULL DEFAULT 0,
  `dateadded` datetime NOT NULL,
  `addedfrom` int(11) NOT NULL,
  `finished_from` int(11) DEFAULT 0,
  `list_order` int(11) NOT NULL DEFAULT 0
) ENGINE=InnoDB DEFAULT CHARSET=utf8;

--
-- Dumping data for table `tbltask_checklist_items`
--

INSERT INTO `tbltask_checklist_items` (`id`, `taskid`, `description`, `finished`, `dateadded`, `addedfrom`, `finished_from`, `list_order`) VALUES
(1, 44, 'hi', 0, '2020-03-26 10:36:58', 1, 0, 1),
(2, 6, 't1', 0, '2020-04-08 13:41:39', 1, 0, 2),
(3, 6, 't2', 0, '2020-04-08 13:41:51', 1, 0, 1);

-- --------------------------------------------------------

--
-- Table structure for table `tbltask_comments`
--

CREATE TABLE `tbltask_comments` (
  `id` int(11) NOT NULL,
  `content` text NOT NULL,
  `taskid` int(11) NOT NULL,
  `staffid` int(11) NOT NULL,
  `contact_id` int(11) NOT NULL DEFAULT 0,
  `file_id` int(11) NOT NULL DEFAULT 0,
  `dateadded` datetime NOT NULL
) ENGINE=InnoDB DEFAULT CHARSET=utf8;

--
-- Dumping data for table `tbltask_comments`
--

INSERT INTO `tbltask_comments` (`id`, `content`, `taskid`, `staffid`, `contact_id`, `file_id`, `dateadded`) VALUES
(1, 'not interested', 13, 1, 0, 0, '2020-02-28 17:32:15'),
(2, 'we need to speak to him continuously', 44, 1, 0, 0, '2020-03-26 10:38:27'),
(3, 'comments', 45, 1, 0, 0, '2020-03-28 22:25:05'),
(4, 'Asked to call next week', 54, 1, 0, 0, '2020-04-07 14:35:55'),
(5, 'test on 24-Apr', 40, 1, 0, 0, '2020-04-08 12:57:12'),
(6, 'test', 6, 1, 0, 0, '2020-04-08 13:27:09'),
(7, 'hi', 79, 1, 0, 0, '2020-05-29 17:29:34'),
(8, 'yes they have received the details.', 83, 1, 0, 0, '2020-06-27 09:24:25'),
(9, 'they have gone through our details.[task_attachment]', 83, 1, 0, 0, '2020-06-27 09:26:29');

-- --------------------------------------------------------

--
-- Table structure for table `tbltask_followers`
--

CREATE TABLE `tbltask_followers` (
  `id` int(11) NOT NULL,
  `staffid` int(11) NOT NULL,
  `taskid` int(11) NOT NULL
) ENGINE=InnoDB DEFAULT CHARSET=utf8;

-- --------------------------------------------------------

--
-- Table structure for table `tbltaxes`
--

CREATE TABLE `tbltaxes` (
  `id` int(11) NOT NULL,
  `name` varchar(100) NOT NULL,
  `taxrate` decimal(15,2) NOT NULL
) ENGINE=InnoDB DEFAULT CHARSET=utf8;

-- --------------------------------------------------------

--
-- Table structure for table `tbltickets`
--

CREATE TABLE `tbltickets` (
  `ticketid` int(11) NOT NULL,
  `adminreplying` int(11) NOT NULL DEFAULT 0,
  `userid` int(11) NOT NULL,
  `contactid` int(11) NOT NULL DEFAULT 0,
  `email` text DEFAULT NULL,
  `name` text DEFAULT NULL,
  `department` int(11) NOT NULL,
  `priority` int(11) NOT NULL,
  `status` int(11) NOT NULL,
  `service` int(11) DEFAULT NULL,
  `ticketkey` varchar(32) NOT NULL,
  `subject` varchar(191) NOT NULL,
  `message` text DEFAULT NULL,
  `admin` int(11) DEFAULT NULL,
  `date` datetime NOT NULL,
  `project_id` int(11) NOT NULL DEFAULT 0,
  `lastreply` datetime DEFAULT NULL,
  `clientread` int(11) NOT NULL DEFAULT 0,
  `adminread` int(11) NOT NULL DEFAULT 0,
  `assigned` int(11) NOT NULL DEFAULT 0
) ENGINE=InnoDB DEFAULT CHARSET=utf8;

-- --------------------------------------------------------

--
-- Table structure for table `tbltickets_pipe_log`
--

CREATE TABLE `tbltickets_pipe_log` (
  `id` int(11) NOT NULL,
  `date` datetime NOT NULL,
  `email_to` varchar(100) NOT NULL,
  `name` varchar(191) NOT NULL,
  `subject` varchar(191) NOT NULL,
  `message` mediumtext NOT NULL,
  `email` varchar(100) NOT NULL,
  `status` varchar(100) NOT NULL
) ENGINE=InnoDB DEFAULT CHARSET=utf8;

-- --------------------------------------------------------

--
-- Table structure for table `tbltickets_predefined_replies`
--

CREATE TABLE `tbltickets_predefined_replies` (
  `id` int(11) NOT NULL,
  `name` varchar(191) NOT NULL,
  `message` text NOT NULL
) ENGINE=InnoDB DEFAULT CHARSET=utf8;

-- --------------------------------------------------------

--
-- Table structure for table `tbltickets_priorities`
--

CREATE TABLE `tbltickets_priorities` (
  `priorityid` int(11) NOT NULL,
  `name` varchar(50) NOT NULL
) ENGINE=InnoDB DEFAULT CHARSET=utf8;

--
-- Dumping data for table `tbltickets_priorities`
--

INSERT INTO `tbltickets_priorities` (`priorityid`, `name`) VALUES
(1, 'Low'),
(2, 'Medium'),
(3, 'High');

-- --------------------------------------------------------

--
-- Table structure for table `tbltickets_status`
--

CREATE TABLE `tbltickets_status` (
  `ticketstatusid` int(11) NOT NULL,
  `name` varchar(50) NOT NULL,
  `isdefault` int(11) NOT NULL DEFAULT 0,
  `statuscolor` varchar(7) DEFAULT NULL,
  `statusorder` int(11) DEFAULT NULL
) ENGINE=InnoDB DEFAULT CHARSET=utf8;

--
-- Dumping data for table `tbltickets_status`
--

INSERT INTO `tbltickets_status` (`ticketstatusid`, `name`, `isdefault`, `statuscolor`, `statusorder`) VALUES
(1, 'Open', 1, '#ff2d42', 1),
(2, 'In progress', 1, '#84c529', 2),
(3, 'Answered', 1, '#0000ff', 3),
(4, 'On Hold', 1, '#c0c0c0', 4),
(5, 'Closed', 1, '#03a9f4', 5);

-- --------------------------------------------------------

--
-- Table structure for table `tblticket_attachments`
--

CREATE TABLE `tblticket_attachments` (
  `id` int(11) NOT NULL,
  `ticketid` int(11) NOT NULL,
  `replyid` int(11) DEFAULT NULL,
  `file_name` varchar(191) NOT NULL,
  `filetype` varchar(50) DEFAULT NULL,
  `dateadded` datetime NOT NULL
) ENGINE=InnoDB DEFAULT CHARSET=utf8;

-- --------------------------------------------------------

--
-- Table structure for table `tblticket_replies`
--

CREATE TABLE `tblticket_replies` (
  `id` int(11) NOT NULL,
  `ticketid` int(11) NOT NULL,
  `userid` int(11) DEFAULT NULL,
  `contactid` int(11) NOT NULL DEFAULT 0,
  `name` text DEFAULT NULL,
  `email` text DEFAULT NULL,
  `date` datetime NOT NULL,
  `message` text DEFAULT NULL,
  `attachment` int(11) DEFAULT NULL,
  `admin` int(11) DEFAULT NULL
) ENGINE=InnoDB DEFAULT CHARSET=utf8;

-- --------------------------------------------------------

--
-- Table structure for table `tbltodos`
--

CREATE TABLE `tbltodos` (
  `todoid` int(11) NOT NULL,
  `description` text NOT NULL,
  `staffid` int(11) NOT NULL,
  `dateadded` datetime NOT NULL,
  `finished` tinyint(1) NOT NULL,
  `datefinished` datetime DEFAULT NULL,
  `item_order` int(11) DEFAULT NULL
) ENGINE=InnoDB DEFAULT CHARSET=utf8;

--
-- Dumping data for table `tbltodos`
--

INSERT INTO `tbltodos` (`todoid`, `description`, `staffid`, `dateadded`, `finished`, `datefinished`, `item_order`) VALUES
(1, 'testing Todo 2', 1, '2020-01-28 08:58:29', 1, '2020-02-06 17:17:12', 1),
(2, 'testing Todo', 1, '2020-01-28 08:58:38', 1, '2020-02-06 17:17:12', 2),
(3, 'complete the CRM discussion with developer', 1, '2020-04-07 11:03:44', 1, '2020-04-07 14:19:01', NULL),
(4, 'uhuih', 1, '2020-04-07 12:40:08', 1, '2020-04-07 14:18:52', NULL),
(5, 'test', 1, '2020-04-07 14:18:37', 1, '2020-04-07 14:18:47', NULL);

-- --------------------------------------------------------

--
-- Table structure for table `tbltracked_mails`
--

CREATE TABLE `tbltracked_mails` (
  `id` int(11) NOT NULL,
  `uid` varchar(32) NOT NULL,
  `rel_id` int(11) NOT NULL,
  `rel_type` varchar(40) NOT NULL,
  `date` datetime NOT NULL,
  `email` varchar(100) NOT NULL,
  `opened` tinyint(1) NOT NULL DEFAULT 0,
  `date_opened` datetime DEFAULT NULL,
  `subject` mediumtext DEFAULT NULL
) ENGINE=InnoDB DEFAULT CHARSET=utf8;

-- --------------------------------------------------------

--
-- Table structure for table `tbluser_auto_login`
--

CREATE TABLE `tbluser_auto_login` (
  `key_id` char(32) NOT NULL,
  `user_id` int(11) NOT NULL,
  `user_agent` varchar(150) NOT NULL,
  `last_ip` varchar(40) NOT NULL,
  `last_login` timestamp NOT NULL DEFAULT current_timestamp() ON UPDATE current_timestamp(),
  `staff` int(11) NOT NULL
) ENGINE=InnoDB DEFAULT CHARSET=utf8;

--
-- Dumping data for table `tbluser_auto_login`
--

INSERT INTO `tbluser_auto_login` (`key_id`, `user_id`, `user_agent`, `last_ip`, `last_login`, `staff`) VALUES
('95e69db6d87e2ea9b54cec4daa143a10', 1, 'Mozilla/5.0 (Windows NT 10.0; Win64; x64) AppleWebKit/537.36 (KHTML, like Gecko) Chrome/83.0.4103.97 Safari/537.36', '157.51.153.45', '2020-06-12 10:20:26', 1),
('15f8a9c5b2ad92c75f21116ab20821a3', 1, 'Mozilla/5.0 (Windows NT 10.0; Win64; x64) AppleWebKit/537.36 (KHTML, like Gecko) Chrome/83.0.4103.97 Safari/537.36', '103.96.96.114', '2020-06-15 12:11:14', 1),
('936f8be558c4ba267edfe71fd7a9ebb6', 4, 'Mozilla/5.0 (Windows NT 10.0; Win64; x64) AppleWebKit/537.36 (KHTML, like Gecko) Chrome/84.0.4147.89 Safari/537.36', '103.132.150.150', '2020-07-30 05:05:18', 1),
('82f7d334c75abab32b40564f5933fb8d', 9, 'Mozilla/5.0 (Windows NT 10.0; Win64; x64) AppleWebKit/537.36 (KHTML, like Gecko) Chrome/84.0.4147.89 Safari/537.36 Edg/84.0.522.44', '27.5.59.36', '2020-08-03 08:01:00', 1);

-- --------------------------------------------------------

--
-- Table structure for table `tbluser_meta`
--

CREATE TABLE `tbluser_meta` (
  `umeta_id` bigint(20) UNSIGNED NOT NULL,
  `staff_id` bigint(20) UNSIGNED NOT NULL DEFAULT 0,
  `client_id` bigint(20) UNSIGNED NOT NULL DEFAULT 0,
  `contact_id` bigint(20) UNSIGNED NOT NULL DEFAULT 0,
  `meta_key` varchar(191) DEFAULT NULL,
  `meta_value` longtext DEFAULT NULL
) ENGINE=InnoDB DEFAULT CHARSET=utf8;

--
-- Dumping data for table `tbluser_meta`
--

INSERT INTO `tbluser_meta` (`umeta_id`, `staff_id`, `client_id`, `contact_id`, `meta_key`, `meta_value`) VALUES
(1, 1, 0, 0, 'recent_searches', '[]'),
(2, 1, 0, 0, 'dashboard_widgets_order', NULL),
(3, 0, 0, 1, 'consent_key', 'ec2fd8549bf785b36cd890e39a090e6c-787068c7a2bd8458827bfd5cd969ee82'),
(4, 1, 0, 0, 'dashboard_widgets_visibility', NULL),
(5, 0, 0, 2, 'consent_key', '7069e1454d6845971a8def4ac0b29d47-34d4c6d58c66f0c0f6b23892c53f5113'),
(6, 0, 0, 3, 'consent_key', 'feaa4c71cd0a31a5e8ed2db0316e63f6-1e33c08e1bee5dbc95df814612805708'),
(7, 0, 0, 4, 'consent_key', '6482d705a021721217b6988e571a07d0-67b881f44036dc495783b57e94e90d26'),
(8, 0, 0, 5, 'consent_key', 'f170adb20374634952cb0a019eec1f01-5f8ad4bc228561e68d4df604b6fc4a21'),
(9, 0, 0, 6, 'consent_key', 'fb5001fadfee7427a50d197baac838a6-2ef34625366d95780c290ec72e3ca55d'),
(10, 0, 0, 9, 'consent_key', 'ad26ce4a2a20ea4dcedaebcac4492e8c-97c16947a7ec97f0a892fd6b3595834f'),
(11, 0, 0, 12, 'consent_key', '2bc1b7abb9d3999786b55588914b3d94-5c3ba8b96ba75ac017c5c894b176f4af'),
(12, 0, 0, 23, 'consent_key', '384c98ec8ddf1d0d05fe34740919b594-344bdb260c1c883dbde4a79aebfcf07e'),
(13, 0, 0, 24, 'consent_key', 'd10c18b912cbe93a4950464479201235-c999050e036886ef2155e59a9b9e8474'),
(14, 0, 0, 89, 'consent_key', '63409b0d4e132f0a3fae6c58c100423b-6a368f1aebd59035aacbffcd0d2ef99b'),
(15, 0, 0, 96, 'consent_key', '3e95da618b16d9fb14c315ae4533e03d-e9bf35e5f40fc0ce5d22d1c9a61152bc'),
(16, 0, 0, 102, 'consent_key', '8d6788d4992ed6e7b059c9ca369beac6-8b97d6ac739a67b7ee2a5e486a08d94d'),
(17, 0, 0, 95, 'consent_key', '4e7fb2d251904f4e3572c23c9e05c89a-0745ba6dc46820d7fc4ae99b495cca3b');

-- --------------------------------------------------------

--
-- Table structure for table `tblvault`
--

CREATE TABLE `tblvault` (
  `id` int(11) NOT NULL,
  `customer_id` int(11) NOT NULL,
  `server_address` varchar(191) NOT NULL,
  `port` int(11) DEFAULT NULL,
  `username` varchar(191) NOT NULL,
  `password` text NOT NULL,
  `description` text DEFAULT NULL,
  `creator` int(11) NOT NULL,
  `creator_name` varchar(100) DEFAULT NULL,
  `visibility` tinyint(1) NOT NULL DEFAULT 1,
  `share_in_projects` tinyint(1) NOT NULL DEFAULT 0,
  `last_updated` datetime DEFAULT NULL,
  `last_updated_from` varchar(100) DEFAULT NULL,
  `date_created` datetime NOT NULL
) ENGINE=InnoDB DEFAULT CHARSET=utf8;

-- --------------------------------------------------------

--
-- Table structure for table `tblviews_tracking`
--

CREATE TABLE `tblviews_tracking` (
  `id` int(11) NOT NULL,
  `rel_id` int(11) NOT NULL,
  `rel_type` varchar(40) NOT NULL,
  `date` datetime NOT NULL,
  `view_ip` varchar(40) NOT NULL
) ENGINE=InnoDB DEFAULT CHARSET=utf8;

-- --------------------------------------------------------

--
-- Table structure for table `tblweb_to_lead`
--

CREATE TABLE `tblweb_to_lead` (
  `id` int(11) NOT NULL,
  `form_key` varchar(32) NOT NULL,
  `lead_source` int(11) NOT NULL,
  `lead_status` int(11) NOT NULL,
  `notify_lead_imported` int(11) NOT NULL DEFAULT 1,
  `notify_type` varchar(20) DEFAULT NULL,
  `notify_ids` mediumtext DEFAULT NULL,
  `responsible` int(11) NOT NULL DEFAULT 0,
  `name` varchar(191) NOT NULL,
  `form_data` mediumtext DEFAULT NULL,
  `recaptcha` int(11) NOT NULL DEFAULT 0,
  `submit_btn_name` varchar(40) DEFAULT NULL,
  `success_submit_msg` text DEFAULT NULL,
  `language` varchar(40) DEFAULT NULL,
  `allow_duplicate` int(11) NOT NULL DEFAULT 1,
  `mark_public` int(11) NOT NULL DEFAULT 0,
  `track_duplicate_field` varchar(20) DEFAULT NULL,
  `track_duplicate_field_and` varchar(20) DEFAULT NULL,
  `create_task_on_duplicate` int(11) NOT NULL DEFAULT 0,
  `dateadded` datetime NOT NULL
) ENGINE=InnoDB DEFAULT CHARSET=utf8;

--
-- Indexes for dumped tables
--

--
-- Indexes for table `tblactivity_log`
--
ALTER TABLE `tblactivity_log`
  ADD PRIMARY KEY (`id`),
  ADD KEY `staffid` (`staffid`);

--
-- Indexes for table `tblannouncements`
--
ALTER TABLE `tblannouncements`
  ADD PRIMARY KEY (`announcementid`);

--
-- Indexes for table `tblclients`
--
ALTER TABLE `tblclients`
  ADD PRIMARY KEY (`userid`),
  ADD KEY `country` (`country`),
  ADD KEY `leadid` (`leadid`),
  ADD KEY `company` (`company`);

--
-- Indexes for table `tblconsents`
--
ALTER TABLE `tblconsents`
  ADD PRIMARY KEY (`id`),
  ADD KEY `purpose_id` (`purpose_id`),
  ADD KEY `contact_id` (`contact_id`),
  ADD KEY `lead_id` (`lead_id`);

--
-- Indexes for table `tblconsent_purposes`
--
ALTER TABLE `tblconsent_purposes`
  ADD PRIMARY KEY (`id`);

--
-- Indexes for table `tblcontacts`
--
ALTER TABLE `tblcontacts`
  ADD PRIMARY KEY (`id`),
  ADD KEY `userid` (`userid`),
  ADD KEY `firstname` (`firstname`),
  ADD KEY `lastname` (`lastname`),
  ADD KEY `email` (`email`),
  ADD KEY `is_primary` (`is_primary`);

--
-- Indexes for table `tblcontacts_clients`
--
ALTER TABLE `tblcontacts_clients`
  ADD PRIMARY KEY (`id`);

--
-- Indexes for table `tblcontact_permissions`
--
ALTER TABLE `tblcontact_permissions`
  ADD PRIMARY KEY (`id`);

--
-- Indexes for table `tblcontracts`
--
ALTER TABLE `tblcontracts`
  ADD PRIMARY KEY (`id`),
  ADD KEY `client` (`client`),
  ADD KEY `contract_type` (`contract_type`);

--
-- Indexes for table `tblcontracts_types`
--
ALTER TABLE `tblcontracts_types`
  ADD PRIMARY KEY (`id`);

--
-- Indexes for table `tblcontract_comments`
--
ALTER TABLE `tblcontract_comments`
  ADD PRIMARY KEY (`id`);

--
-- Indexes for table `tblcontract_renewals`
--
ALTER TABLE `tblcontract_renewals`
  ADD PRIMARY KEY (`id`);

--
-- Indexes for table `tblcountries`
--
ALTER TABLE `tblcountries`
  ADD PRIMARY KEY (`country_id`);

--
-- Indexes for table `tblcreditnotes`
--
ALTER TABLE `tblcreditnotes`
  ADD PRIMARY KEY (`id`),
  ADD KEY `currency` (`currency`),
  ADD KEY `clientid` (`clientid`),
  ADD KEY `project_id` (`project_id`);

--
-- Indexes for table `tblcreditnote_refunds`
--
ALTER TABLE `tblcreditnote_refunds`
  ADD PRIMARY KEY (`id`);

--
-- Indexes for table `tblcredits`
--
ALTER TABLE `tblcredits`
  ADD PRIMARY KEY (`id`);

--
-- Indexes for table `tblcurrencies`
--
ALTER TABLE `tblcurrencies`
  ADD PRIMARY KEY (`id`);

--
-- Indexes for table `tblcustomers_groups`
--
ALTER TABLE `tblcustomers_groups`
  ADD PRIMARY KEY (`id`),
  ADD KEY `name` (`name`);

--
-- Indexes for table `tblcustomer_admins`
--
ALTER TABLE `tblcustomer_admins`
  ADD KEY `customer_id` (`customer_id`),
  ADD KEY `staff_id` (`staff_id`);

--
-- Indexes for table `tblcustomer_groups`
--
ALTER TABLE `tblcustomer_groups`
  ADD PRIMARY KEY (`id`),
  ADD KEY `groupid` (`groupid`),
  ADD KEY `customer_id` (`customer_id`);

--
-- Indexes for table `tblcustomfields`
--
ALTER TABLE `tblcustomfields`
  ADD PRIMARY KEY (`id`);

--
-- Indexes for table `tblcustomfieldsvalues`
--
ALTER TABLE `tblcustomfieldsvalues`
  ADD PRIMARY KEY (`id`),
  ADD KEY `relid` (`relid`),
  ADD KEY `fieldto` (`fieldto`),
  ADD KEY `fieldid` (`fieldid`);

--
-- Indexes for table `tbldeallossreasons`
--
ALTER TABLE `tbldeallossreasons`
  ADD PRIMARY KEY (`id`);

--
-- Indexes for table `tbldepartments`
--
ALTER TABLE `tbldepartments`
  ADD PRIMARY KEY (`departmentid`),
  ADD KEY `name` (`name`);

--
-- Indexes for table `tbldesignations`
--
ALTER TABLE `tbldesignations`
  ADD PRIMARY KEY (`designationid`);

--
-- Indexes for table `tbldismissed_announcements`
--
ALTER TABLE `tbldismissed_announcements`
  ADD PRIMARY KEY (`dismissedannouncementid`),
  ADD KEY `announcementid` (`announcementid`),
  ADD KEY `staff` (`staff`),
  ADD KEY `userid` (`userid`);

--
-- Indexes for table `tblemailtemplates`
--
ALTER TABLE `tblemailtemplates`
  ADD PRIMARY KEY (`emailtemplateid`);

--
-- Indexes for table `tblestimates`
--
ALTER TABLE `tblestimates`
  ADD PRIMARY KEY (`id`),
  ADD KEY `clientid` (`clientid`),
  ADD KEY `currency` (`currency`),
  ADD KEY `project_id` (`project_id`),
  ADD KEY `sale_agent` (`sale_agent`);

--
-- Indexes for table `tblevents`
--
ALTER TABLE `tblevents`
  ADD PRIMARY KEY (`eventid`);

--
-- Indexes for table `tblexpenses`
--
ALTER TABLE `tblexpenses`
  ADD PRIMARY KEY (`id`),
  ADD KEY `clientid` (`clientid`),
  ADD KEY `project_id` (`project_id`),
  ADD KEY `category` (`category`),
  ADD KEY `currency` (`currency`);

--
-- Indexes for table `tblexpenses_categories`
--
ALTER TABLE `tblexpenses_categories`
  ADD PRIMARY KEY (`id`);

--
-- Indexes for table `tblfiles`
--
ALTER TABLE `tblfiles`
  ADD PRIMARY KEY (`id`),
  ADD KEY `rel_id` (`rel_id`),
  ADD KEY `rel_type` (`rel_type`);

--
-- Indexes for table `tblform_questions`
--
ALTER TABLE `tblform_questions`
  ADD PRIMARY KEY (`questionid`);

--
-- Indexes for table `tblform_question_box`
--
ALTER TABLE `tblform_question_box`
  ADD PRIMARY KEY (`boxid`);

--
-- Indexes for table `tblform_question_box_description`
--
ALTER TABLE `tblform_question_box_description`
  ADD PRIMARY KEY (`questionboxdescriptionid`);

--
-- Indexes for table `tblform_results`
--
ALTER TABLE `tblform_results`
  ADD PRIMARY KEY (`resultid`);

--
-- Indexes for table `tblgdpr_requests`
--
ALTER TABLE `tblgdpr_requests`
  ADD PRIMARY KEY (`id`);

--
-- Indexes for table `tblinvoicepaymentrecords`
--
ALTER TABLE `tblinvoicepaymentrecords`
  ADD PRIMARY KEY (`id`),
  ADD KEY `invoiceid` (`invoiceid`),
  ADD KEY `paymentmethod` (`paymentmethod`);

--
-- Indexes for table `tblinvoices`
--
ALTER TABLE `tblinvoices`
  ADD PRIMARY KEY (`id`),
  ADD KEY `currency` (`currency`),
  ADD KEY `clientid` (`clientid`),
  ADD KEY `project_id` (`project_id`),
  ADD KEY `sale_agent` (`sale_agent`),
  ADD KEY `total` (`total`);

--
-- Indexes for table `tblitemable`
--
ALTER TABLE `tblitemable`
  ADD PRIMARY KEY (`id`),
  ADD KEY `rel_id` (`rel_id`),
  ADD KEY `rel_type` (`rel_type`),
  ADD KEY `qty` (`qty`),
  ADD KEY `rate` (`rate`);

--
-- Indexes for table `tblitems`
--
ALTER TABLE `tblitems`
  ADD PRIMARY KEY (`id`),
  ADD KEY `tax` (`tax`),
  ADD KEY `tax2` (`tax2`),
  ADD KEY `group_id` (`group_id`);

--
-- Indexes for table `tblitems_groups`
--
ALTER TABLE `tblitems_groups`
  ADD PRIMARY KEY (`id`);

--
-- Indexes for table `tblitem_tax`
--
ALTER TABLE `tblitem_tax`
  ADD PRIMARY KEY (`id`),
  ADD KEY `itemid` (`itemid`);

--
-- Indexes for table `tblknowedge_base_article_feedback`
--
ALTER TABLE `tblknowedge_base_article_feedback`
  ADD PRIMARY KEY (`articleanswerid`);

--
-- Indexes for table `tblknowledge_base`
--
ALTER TABLE `tblknowledge_base`
  ADD PRIMARY KEY (`articleid`);

--
-- Indexes for table `tblknowledge_base_groups`
--
ALTER TABLE `tblknowledge_base_groups`
  ADD PRIMARY KEY (`groupid`);

--
-- Indexes for table `tblleads`
--
ALTER TABLE `tblleads`
  ADD PRIMARY KEY (`id`),
  ADD KEY `name` (`name`),
  ADD KEY `company` (`company`),
  ADD KEY `email` (`email`),
  ADD KEY `assigned` (`assigned`),
  ADD KEY `status` (`status`),
  ADD KEY `source` (`source`),
  ADD KEY `lastcontact` (`lastcontact`),
  ADD KEY `dateadded` (`dateadded`),
  ADD KEY `leadorder` (`leadorder`),
  ADD KEY `from_form_id` (`from_form_id`),
  ADD KEY `pipeline_id` (`pipeline_id`);

--
-- Indexes for table `tblleads_email_integration`
--
ALTER TABLE `tblleads_email_integration`
  ADD PRIMARY KEY (`id`);

--
-- Indexes for table `tblleads_sources`
--
ALTER TABLE `tblleads_sources`
  ADD PRIMARY KEY (`id`),
  ADD KEY `name` (`name`);

--
-- Indexes for table `tblleads_status`
--
ALTER TABLE `tblleads_status`
  ADD PRIMARY KEY (`id`),
  ADD KEY `name` (`name`);

--
-- Indexes for table `tbllead_activity_log`
--
ALTER TABLE `tbllead_activity_log`
  ADD PRIMARY KEY (`id`);

--
-- Indexes for table `tbllead_integration_emails`
--
ALTER TABLE `tbllead_integration_emails`
  ADD PRIMARY KEY (`id`);

--
-- Indexes for table `tblmail_queue`
--
ALTER TABLE `tblmail_queue`
  ADD PRIMARY KEY (`id`);

--
-- Indexes for table `tblmilestones`
--
ALTER TABLE `tblmilestones`
  ADD PRIMARY KEY (`id`);

--
-- Indexes for table `tblmodules`
--
ALTER TABLE `tblmodules`
  ADD PRIMARY KEY (`id`);

--
-- Indexes for table `tblmodules_permissions`
--
ALTER TABLE `tblmodules_permissions`
  ADD PRIMARY KEY (`id`);

--
-- Indexes for table `tblnewsfeed_comment_likes`
--
ALTER TABLE `tblnewsfeed_comment_likes`
  ADD PRIMARY KEY (`id`);

--
-- Indexes for table `tblnewsfeed_posts`
--
ALTER TABLE `tblnewsfeed_posts`
  ADD PRIMARY KEY (`postid`);

--
-- Indexes for table `tblnewsfeed_post_comments`
--
ALTER TABLE `tblnewsfeed_post_comments`
  ADD PRIMARY KEY (`id`);

--
-- Indexes for table `tblnewsfeed_post_likes`
--
ALTER TABLE `tblnewsfeed_post_likes`
  ADD PRIMARY KEY (`id`);

--
-- Indexes for table `tblnotes`
--
ALTER TABLE `tblnotes`
  ADD PRIMARY KEY (`id`),
  ADD KEY `rel_id` (`rel_id`),
  ADD KEY `rel_type` (`rel_type`);

--
-- Indexes for table `tblnotifications`
--
ALTER TABLE `tblnotifications`
  ADD PRIMARY KEY (`id`);

--
-- Indexes for table `tbloptions`
--
ALTER TABLE `tbloptions`
  ADD PRIMARY KEY (`id`),
  ADD KEY `name` (`name`);

--
-- Indexes for table `tblpayment_modes`
--
ALTER TABLE `tblpayment_modes`
  ADD PRIMARY KEY (`id`);

--
-- Indexes for table `tblpinned_projects`
--
ALTER TABLE `tblpinned_projects`
  ADD PRIMARY KEY (`id`),
  ADD KEY `project_id` (`project_id`);

--
-- Indexes for table `tblpipeline`
--
ALTER TABLE `tblpipeline`
  ADD PRIMARY KEY (`id`);

--
-- Indexes for table `tblprojectdiscussioncomments`
--
ALTER TABLE `tblprojectdiscussioncomments`
  ADD PRIMARY KEY (`id`);

--
-- Indexes for table `tblprojectdiscussions`
--
ALTER TABLE `tblprojectdiscussions`
  ADD PRIMARY KEY (`id`);

--
-- Indexes for table `tblprojects`
--
ALTER TABLE `tblprojects`
  ADD PRIMARY KEY (`id`),
  ADD KEY `clientid` (`clientid`),
  ADD KEY `name` (`name`);

--
-- Indexes for table `tblprojects_status`
--
ALTER TABLE `tblprojects_status`
  ADD PRIMARY KEY (`id`),
  ADD KEY `name` (`name`);

--
-- Indexes for table `tblproject_activity`
--
ALTER TABLE `tblproject_activity`
  ADD PRIMARY KEY (`id`);

--
-- Indexes for table `tblproject_contacts`
--
ALTER TABLE `tblproject_contacts`
  ADD PRIMARY KEY (`id`),
  ADD KEY `project_id` (`project_id`),
  ADD KEY `contacts_id` (`contacts_id`);

--
-- Indexes for table `tblproject_files`
--
ALTER TABLE `tblproject_files`
  ADD PRIMARY KEY (`id`);

--
-- Indexes for table `tblproject_members`
--
ALTER TABLE `tblproject_members`
  ADD PRIMARY KEY (`id`),
  ADD KEY `project_id` (`project_id`),
  ADD KEY `staff_id` (`staff_id`);

--
-- Indexes for table `tblproject_notes`
--
ALTER TABLE `tblproject_notes`
  ADD PRIMARY KEY (`id`);

--
-- Indexes for table `tblproject_settings`
--
ALTER TABLE `tblproject_settings`
  ADD PRIMARY KEY (`id`),
  ADD KEY `project_id` (`project_id`);

--
-- Indexes for table `tblproposals`
--
ALTER TABLE `tblproposals`
  ADD PRIMARY KEY (`id`);

--
-- Indexes for table `tblproposal_comments`
--
ALTER TABLE `tblproposal_comments`
  ADD PRIMARY KEY (`id`);

--
-- Indexes for table `tblrelated_items`
--
ALTER TABLE `tblrelated_items`
  ADD PRIMARY KEY (`id`);

--
-- Indexes for table `tblreminders`
--
ALTER TABLE `tblreminders`
  ADD PRIMARY KEY (`id`),
  ADD KEY `rel_id` (`rel_id`),
  ADD KEY `rel_type` (`rel_type`),
  ADD KEY `staff` (`staff`);

--
-- Indexes for table `tblroles`
--
ALTER TABLE `tblroles`
  ADD PRIMARY KEY (`roleid`);

--
-- Indexes for table `tblsales_activity`
--
ALTER TABLE `tblsales_activity`
  ADD PRIMARY KEY (`id`);

--
-- Indexes for table `tblservices`
--
ALTER TABLE `tblservices`
  ADD PRIMARY KEY (`serviceid`);

--
-- Indexes for table `tblsessions`
--
ALTER TABLE `tblsessions`
  ADD PRIMARY KEY (`id`),
  ADD KEY `ci_sessions_timestamp` (`timestamp`);

--
-- Indexes for table `tblspam_filters`
--
ALTER TABLE `tblspam_filters`
  ADD PRIMARY KEY (`id`);

--
-- Indexes for table `tblstaff`
--
ALTER TABLE `tblstaff`
  ADD PRIMARY KEY (`staffid`),
  ADD KEY `firstname` (`firstname`),
  ADD KEY `lastname` (`lastname`);

--
-- Indexes for table `tblstaff_departments`
--
ALTER TABLE `tblstaff_departments`
  ADD PRIMARY KEY (`staffdepartmentid`);

--
-- Indexes for table `tblsubscriptions`
--
ALTER TABLE `tblsubscriptions`
  ADD PRIMARY KEY (`id`),
  ADD KEY `clientid` (`clientid`),
  ADD KEY `currency` (`currency`),
  ADD KEY `tax_id` (`tax_id`);

--
-- Indexes for table `tbltaggables`
--
ALTER TABLE `tbltaggables`
  ADD KEY `rel_id` (`rel_id`),
  ADD KEY `rel_type` (`rel_type`),
  ADD KEY `tag_id` (`tag_id`);

--
-- Indexes for table `tbltags`
--
ALTER TABLE `tbltags`
  ADD PRIMARY KEY (`id`),
  ADD KEY `name` (`name`);

--
-- Indexes for table `tbltasks`
--
ALTER TABLE `tbltasks`
  ADD PRIMARY KEY (`id`),
  ADD KEY `rel_id` (`rel_id`),
  ADD KEY `rel_type` (`rel_type`),
  ADD KEY `milestone` (`milestone`),
  ADD KEY `kanban_order` (`kanban_order`);

--
-- Indexes for table `tbltaskstimers`
--
ALTER TABLE `tbltaskstimers`
  ADD PRIMARY KEY (`id`),
  ADD KEY `task_id` (`task_id`),
  ADD KEY `staff_id` (`staff_id`);

--
-- Indexes for table `tbltasks_checklist_templates`
--
ALTER TABLE `tbltasks_checklist_templates`
  ADD PRIMARY KEY (`id`);

--
-- Indexes for table `tbltasktype`
--
ALTER TABLE `tbltasktype`
  ADD PRIMARY KEY (`id`),
  ADD KEY `name` (`name`);

--
-- Indexes for table `tbltask_assigned`
--
ALTER TABLE `tbltask_assigned`
  ADD PRIMARY KEY (`id`),
  ADD KEY `taskid` (`taskid`),
  ADD KEY `staffid` (`staffid`);

--
-- Indexes for table `tbltask_checklist_items`
--
ALTER TABLE `tbltask_checklist_items`
  ADD PRIMARY KEY (`id`),
  ADD KEY `taskid` (`taskid`);

--
-- Indexes for table `tbltask_comments`
--
ALTER TABLE `tbltask_comments`
  ADD PRIMARY KEY (`id`),
  ADD KEY `file_id` (`file_id`),
  ADD KEY `taskid` (`taskid`);

--
-- Indexes for table `tbltask_followers`
--
ALTER TABLE `tbltask_followers`
  ADD PRIMARY KEY (`id`);

--
-- Indexes for table `tbltaxes`
--
ALTER TABLE `tbltaxes`
  ADD PRIMARY KEY (`id`);

--
-- Indexes for table `tbltickets`
--
ALTER TABLE `tbltickets`
  ADD PRIMARY KEY (`ticketid`),
  ADD KEY `service` (`service`),
  ADD KEY `department` (`department`),
  ADD KEY `status` (`status`),
  ADD KEY `userid` (`userid`),
  ADD KEY `priority` (`priority`),
  ADD KEY `project_id` (`project_id`),
  ADD KEY `contactid` (`contactid`);

--
-- Indexes for table `tbltickets_pipe_log`
--
ALTER TABLE `tbltickets_pipe_log`
  ADD PRIMARY KEY (`id`);

--
-- Indexes for table `tbltickets_predefined_replies`
--
ALTER TABLE `tbltickets_predefined_replies`
  ADD PRIMARY KEY (`id`);

--
-- Indexes for table `tbltickets_priorities`
--
ALTER TABLE `tbltickets_priorities`
  ADD PRIMARY KEY (`priorityid`);

--
-- Indexes for table `tbltickets_status`
--
ALTER TABLE `tbltickets_status`
  ADD PRIMARY KEY (`ticketstatusid`);

--
-- Indexes for table `tblticket_attachments`
--
ALTER TABLE `tblticket_attachments`
  ADD PRIMARY KEY (`id`);

--
-- Indexes for table `tblticket_replies`
--
ALTER TABLE `tblticket_replies`
  ADD PRIMARY KEY (`id`);

--
-- Indexes for table `tbltodos`
--
ALTER TABLE `tbltodos`
  ADD PRIMARY KEY (`todoid`);

--
-- Indexes for table `tbltracked_mails`
--
ALTER TABLE `tbltracked_mails`
  ADD PRIMARY KEY (`id`);

--
-- Indexes for table `tbluser_meta`
--
ALTER TABLE `tbluser_meta`
  ADD PRIMARY KEY (`umeta_id`);

--
-- Indexes for table `tblvault`
--
ALTER TABLE `tblvault`
  ADD PRIMARY KEY (`id`);

--
-- Indexes for table `tblviews_tracking`
--
ALTER TABLE `tblviews_tracking`
  ADD PRIMARY KEY (`id`);

--
-- Indexes for table `tblweb_to_lead`
--
ALTER TABLE `tblweb_to_lead`
  ADD PRIMARY KEY (`id`);

--
-- AUTO_INCREMENT for dumped tables
--

--
-- AUTO_INCREMENT for table `tblactivity_log`
--
ALTER TABLE `tblactivity_log`
  MODIFY `id` int(11) NOT NULL AUTO_INCREMENT, AUTO_INCREMENT=1181;

--
-- AUTO_INCREMENT for table `tblannouncements`
--
ALTER TABLE `tblannouncements`
  MODIFY `announcementid` int(11) NOT NULL AUTO_INCREMENT;

--
-- AUTO_INCREMENT for table `tblclients`
--
ALTER TABLE `tblclients`
  MODIFY `userid` int(11) NOT NULL AUTO_INCREMENT, AUTO_INCREMENT=105;

--
-- AUTO_INCREMENT for table `tblconsents`
--
ALTER TABLE `tblconsents`
  MODIFY `id` int(11) NOT NULL AUTO_INCREMENT;

--
-- AUTO_INCREMENT for table `tblconsent_purposes`
--
ALTER TABLE `tblconsent_purposes`
  MODIFY `id` int(11) NOT NULL AUTO_INCREMENT;

--
-- AUTO_INCREMENT for table `tblcontacts`
--
ALTER TABLE `tblcontacts`
  MODIFY `id` int(11) NOT NULL AUTO_INCREMENT, AUTO_INCREMENT=109;

--
-- AUTO_INCREMENT for table `tblcontacts_clients`
--
ALTER TABLE `tblcontacts_clients`
  MODIFY `id` int(11) NOT NULL AUTO_INCREMENT, AUTO_INCREMENT=3;

--
-- AUTO_INCREMENT for table `tblcontact_permissions`
--
ALTER TABLE `tblcontact_permissions`
  MODIFY `id` int(11) NOT NULL AUTO_INCREMENT, AUTO_INCREMENT=19;

--
-- AUTO_INCREMENT for table `tblcontracts`
--
ALTER TABLE `tblcontracts`
  MODIFY `id` int(11) NOT NULL AUTO_INCREMENT;

--
-- AUTO_INCREMENT for table `tblcontracts_types`
--
ALTER TABLE `tblcontracts_types`
  MODIFY `id` int(11) NOT NULL AUTO_INCREMENT;

--
-- AUTO_INCREMENT for table `tblcontract_comments`
--
ALTER TABLE `tblcontract_comments`
  MODIFY `id` int(11) NOT NULL AUTO_INCREMENT;

--
-- AUTO_INCREMENT for table `tblcontract_renewals`
--
ALTER TABLE `tblcontract_renewals`
  MODIFY `id` int(11) NOT NULL AUTO_INCREMENT;

--
-- AUTO_INCREMENT for table `tblcountries`
--
ALTER TABLE `tblcountries`
  MODIFY `country_id` int(5) NOT NULL AUTO_INCREMENT, AUTO_INCREMENT=251;

--
-- AUTO_INCREMENT for table `tblcreditnotes`
--
ALTER TABLE `tblcreditnotes`
  MODIFY `id` int(11) NOT NULL AUTO_INCREMENT;

--
-- AUTO_INCREMENT for table `tblcreditnote_refunds`
--
ALTER TABLE `tblcreditnote_refunds`
  MODIFY `id` int(11) NOT NULL AUTO_INCREMENT;

--
-- AUTO_INCREMENT for table `tblcredits`
--
ALTER TABLE `tblcredits`
  MODIFY `id` int(11) NOT NULL AUTO_INCREMENT;

--
-- AUTO_INCREMENT for table `tblcurrencies`
--
ALTER TABLE `tblcurrencies`
  MODIFY `id` int(11) NOT NULL AUTO_INCREMENT, AUTO_INCREMENT=4;

--
-- AUTO_INCREMENT for table `tblcustomers_groups`
--
ALTER TABLE `tblcustomers_groups`
  MODIFY `id` int(11) NOT NULL AUTO_INCREMENT, AUTO_INCREMENT=4;

--
-- AUTO_INCREMENT for table `tblcustomer_groups`
--
ALTER TABLE `tblcustomer_groups`
  MODIFY `id` int(11) NOT NULL AUTO_INCREMENT, AUTO_INCREMENT=6;

--
-- AUTO_INCREMENT for table `tblcustomfields`
--
ALTER TABLE `tblcustomfields`
  MODIFY `id` int(11) NOT NULL AUTO_INCREMENT, AUTO_INCREMENT=10;

--
-- AUTO_INCREMENT for table `tblcustomfieldsvalues`
--
ALTER TABLE `tblcustomfieldsvalues`
  MODIFY `id` int(11) NOT NULL AUTO_INCREMENT, AUTO_INCREMENT=29;

--
-- AUTO_INCREMENT for table `tbldeallossreasons`
--
ALTER TABLE `tbldeallossreasons`
  MODIFY `id` int(11) NOT NULL AUTO_INCREMENT, AUTO_INCREMENT=4;

--
-- AUTO_INCREMENT for table `tbldepartments`
--
ALTER TABLE `tbldepartments`
  MODIFY `departmentid` int(11) NOT NULL AUTO_INCREMENT;

--
-- AUTO_INCREMENT for table `tbldesignations`
--
ALTER TABLE `tbldesignations`
  MODIFY `designationid` int(11) NOT NULL AUTO_INCREMENT, AUTO_INCREMENT=9;

--
-- AUTO_INCREMENT for table `tbldismissed_announcements`
--
ALTER TABLE `tbldismissed_announcements`
  MODIFY `dismissedannouncementid` int(11) NOT NULL AUTO_INCREMENT;

--
-- AUTO_INCREMENT for table `tblemailtemplates`
--
ALTER TABLE `tblemailtemplates`
  MODIFY `emailtemplateid` int(11) NOT NULL AUTO_INCREMENT, AUTO_INCREMENT=1726;

--
-- AUTO_INCREMENT for table `tblestimates`
--
ALTER TABLE `tblestimates`
  MODIFY `id` int(11) NOT NULL AUTO_INCREMENT;

--
-- AUTO_INCREMENT for table `tblevents`
--
ALTER TABLE `tblevents`
  MODIFY `eventid` int(11) NOT NULL AUTO_INCREMENT;

--
-- AUTO_INCREMENT for table `tblexpenses`
--
ALTER TABLE `tblexpenses`
  MODIFY `id` int(11) NOT NULL AUTO_INCREMENT;

--
-- AUTO_INCREMENT for table `tblexpenses_categories`
--
ALTER TABLE `tblexpenses_categories`
  MODIFY `id` int(11) NOT NULL AUTO_INCREMENT;

--
-- AUTO_INCREMENT for table `tblfiles`
--
ALTER TABLE `tblfiles`
  MODIFY `id` int(11) NOT NULL AUTO_INCREMENT, AUTO_INCREMENT=8;

--
-- AUTO_INCREMENT for table `tblform_questions`
--
ALTER TABLE `tblform_questions`
  MODIFY `questionid` int(11) NOT NULL AUTO_INCREMENT;

--
-- AUTO_INCREMENT for table `tblform_question_box`
--
ALTER TABLE `tblform_question_box`
  MODIFY `boxid` int(11) NOT NULL AUTO_INCREMENT;

--
-- AUTO_INCREMENT for table `tblform_question_box_description`
--
ALTER TABLE `tblform_question_box_description`
  MODIFY `questionboxdescriptionid` int(11) NOT NULL AUTO_INCREMENT;

--
-- AUTO_INCREMENT for table `tblform_results`
--
ALTER TABLE `tblform_results`
  MODIFY `resultid` int(11) NOT NULL AUTO_INCREMENT;

--
-- AUTO_INCREMENT for table `tblgdpr_requests`
--
ALTER TABLE `tblgdpr_requests`
  MODIFY `id` int(11) NOT NULL AUTO_INCREMENT;

--
-- AUTO_INCREMENT for table `tblinvoicepaymentrecords`
--
ALTER TABLE `tblinvoicepaymentrecords`
  MODIFY `id` int(11) NOT NULL AUTO_INCREMENT, AUTO_INCREMENT=2;

--
-- AUTO_INCREMENT for table `tblinvoices`
--
ALTER TABLE `tblinvoices`
  MODIFY `id` int(11) NOT NULL AUTO_INCREMENT, AUTO_INCREMENT=2;

--
-- AUTO_INCREMENT for table `tblitemable`
--
ALTER TABLE `tblitemable`
  MODIFY `id` int(11) NOT NULL AUTO_INCREMENT, AUTO_INCREMENT=2;

--
-- AUTO_INCREMENT for table `tblitems`
--
ALTER TABLE `tblitems`
  MODIFY `id` int(11) NOT NULL AUTO_INCREMENT;

--
-- AUTO_INCREMENT for table `tblitems_groups`
--
ALTER TABLE `tblitems_groups`
  MODIFY `id` int(11) NOT NULL AUTO_INCREMENT;

--
-- AUTO_INCREMENT for table `tblitem_tax`
--
ALTER TABLE `tblitem_tax`
  MODIFY `id` int(11) NOT NULL AUTO_INCREMENT;

--
-- AUTO_INCREMENT for table `tblknowedge_base_article_feedback`
--
ALTER TABLE `tblknowedge_base_article_feedback`
  MODIFY `articleanswerid` int(11) NOT NULL AUTO_INCREMENT;

--
-- AUTO_INCREMENT for table `tblknowledge_base`
--
ALTER TABLE `tblknowledge_base`
  MODIFY `articleid` int(11) NOT NULL AUTO_INCREMENT, AUTO_INCREMENT=2;

--
-- AUTO_INCREMENT for table `tblknowledge_base_groups`
--
ALTER TABLE `tblknowledge_base_groups`
  MODIFY `groupid` int(11) NOT NULL AUTO_INCREMENT, AUTO_INCREMENT=3;

--
-- AUTO_INCREMENT for table `tblleads`
--
ALTER TABLE `tblleads`
  MODIFY `id` int(11) NOT NULL AUTO_INCREMENT, AUTO_INCREMENT=6;

--
-- AUTO_INCREMENT for table `tblleads_email_integration`
--
ALTER TABLE `tblleads_email_integration`
  MODIFY `id` int(11) NOT NULL AUTO_INCREMENT COMMENT 'the ID always must be 1', AUTO_INCREMENT=2;

--
-- AUTO_INCREMENT for table `tblleads_sources`
--
ALTER TABLE `tblleads_sources`
  MODIFY `id` int(11) NOT NULL AUTO_INCREMENT, AUTO_INCREMENT=5;

--
-- AUTO_INCREMENT for table `tblleads_status`
--
ALTER TABLE `tblleads_status`
  MODIFY `id` int(11) NOT NULL AUTO_INCREMENT, AUTO_INCREMENT=7;

--
-- AUTO_INCREMENT for table `tbllead_activity_log`
--
ALTER TABLE `tbllead_activity_log`
  MODIFY `id` int(11) NOT NULL AUTO_INCREMENT, AUTO_INCREMENT=34;

--
-- AUTO_INCREMENT for table `tbllead_integration_emails`
--
ALTER TABLE `tbllead_integration_emails`
  MODIFY `id` int(11) NOT NULL AUTO_INCREMENT;

--
-- AUTO_INCREMENT for table `tblmail_queue`
--
ALTER TABLE `tblmail_queue`
  MODIFY `id` int(11) NOT NULL AUTO_INCREMENT;

--
-- AUTO_INCREMENT for table `tblmilestones`
--
ALTER TABLE `tblmilestones`
  MODIFY `id` int(11) NOT NULL AUTO_INCREMENT;

--
-- AUTO_INCREMENT for table `tblmodules`
--
ALTER TABLE `tblmodules`
  MODIFY `id` int(11) NOT NULL AUTO_INCREMENT, AUTO_INCREMENT=2;

--
-- AUTO_INCREMENT for table `tblmodules_permissions`
--
ALTER TABLE `tblmodules_permissions`
  MODIFY `id` int(11) NOT NULL AUTO_INCREMENT, AUTO_INCREMENT=32;

--
-- AUTO_INCREMENT for table `tblnewsfeed_comment_likes`
--
ALTER TABLE `tblnewsfeed_comment_likes`
  MODIFY `id` int(11) NOT NULL AUTO_INCREMENT;

--
-- AUTO_INCREMENT for table `tblnewsfeed_posts`
--
ALTER TABLE `tblnewsfeed_posts`
  MODIFY `postid` int(11) NOT NULL AUTO_INCREMENT;

--
-- AUTO_INCREMENT for table `tblnewsfeed_post_comments`
--
ALTER TABLE `tblnewsfeed_post_comments`
  MODIFY `id` int(11) NOT NULL AUTO_INCREMENT;

--
-- AUTO_INCREMENT for table `tblnewsfeed_post_likes`
--
ALTER TABLE `tblnewsfeed_post_likes`
  MODIFY `id` int(11) NOT NULL AUTO_INCREMENT;

--
-- AUTO_INCREMENT for table `tblnotes`
--
ALTER TABLE `tblnotes`
  MODIFY `id` int(11) NOT NULL AUTO_INCREMENT, AUTO_INCREMENT=4;

--
-- AUTO_INCREMENT for table `tblnotifications`
--
ALTER TABLE `tblnotifications`
  MODIFY `id` int(11) NOT NULL AUTO_INCREMENT, AUTO_INCREMENT=291;

--
-- AUTO_INCREMENT for table `tbloptions`
--
ALTER TABLE `tbloptions`
  MODIFY `id` int(11) NOT NULL AUTO_INCREMENT, AUTO_INCREMENT=426;

--
-- AUTO_INCREMENT for table `tblpayment_modes`
--
ALTER TABLE `tblpayment_modes`
  MODIFY `id` int(11) NOT NULL AUTO_INCREMENT, AUTO_INCREMENT=2;

--
-- AUTO_INCREMENT for table `tblpinned_projects`
--
ALTER TABLE `tblpinned_projects`
  MODIFY `id` int(11) NOT NULL AUTO_INCREMENT, AUTO_INCREMENT=3;

--
-- AUTO_INCREMENT for table `tblpipeline`
--
ALTER TABLE `tblpipeline`
  MODIFY `id` int(11) NOT NULL AUTO_INCREMENT, AUTO_INCREMENT=10;

--
-- AUTO_INCREMENT for table `tblprojectdiscussioncomments`
--
ALTER TABLE `tblprojectdiscussioncomments`
  MODIFY `id` int(11) NOT NULL AUTO_INCREMENT;

--
-- AUTO_INCREMENT for table `tblprojectdiscussions`
--
ALTER TABLE `tblprojectdiscussions`
  MODIFY `id` int(11) NOT NULL AUTO_INCREMENT;

--
-- AUTO_INCREMENT for table `tblprojects`
--
ALTER TABLE `tblprojects`
  MODIFY `id` int(11) NOT NULL AUTO_INCREMENT, AUTO_INCREMENT=104;

--
-- AUTO_INCREMENT for table `tblprojects_status`
--
ALTER TABLE `tblprojects_status`
  MODIFY `id` int(11) NOT NULL AUTO_INCREMENT, AUTO_INCREMENT=9;

--
-- AUTO_INCREMENT for table `tblproject_activity`
--
ALTER TABLE `tblproject_activity`
  MODIFY `id` int(11) NOT NULL AUTO_INCREMENT, AUTO_INCREMENT=850;

--
-- AUTO_INCREMENT for table `tblproject_contacts`
--
ALTER TABLE `tblproject_contacts`
  MODIFY `id` int(11) NOT NULL AUTO_INCREMENT, AUTO_INCREMENT=139;

--
-- AUTO_INCREMENT for table `tblproject_files`
--
ALTER TABLE `tblproject_files`
  MODIFY `id` int(11) NOT NULL AUTO_INCREMENT, AUTO_INCREMENT=8;

--
-- AUTO_INCREMENT for table `tblproject_members`
--
ALTER TABLE `tblproject_members`
  MODIFY `id` int(11) NOT NULL AUTO_INCREMENT, AUTO_INCREMENT=107;

--
-- AUTO_INCREMENT for table `tblproject_notes`
--
ALTER TABLE `tblproject_notes`
  MODIFY `id` int(11) NOT NULL AUTO_INCREMENT, AUTO_INCREMENT=7;

--
-- AUTO_INCREMENT for table `tblproject_settings`
--
ALTER TABLE `tblproject_settings`
  MODIFY `id` int(11) NOT NULL AUTO_INCREMENT, AUTO_INCREMENT=1566;

--
-- AUTO_INCREMENT for table `tblproposals`
--
ALTER TABLE `tblproposals`
  MODIFY `id` int(11) NOT NULL AUTO_INCREMENT;

--
-- AUTO_INCREMENT for table `tblproposal_comments`
--
ALTER TABLE `tblproposal_comments`
  MODIFY `id` int(11) NOT NULL AUTO_INCREMENT;

--
-- AUTO_INCREMENT for table `tblrelated_items`
--
ALTER TABLE `tblrelated_items`
  MODIFY `id` int(11) NOT NULL AUTO_INCREMENT;

--
-- AUTO_INCREMENT for table `tblreminders`
--
ALTER TABLE `tblreminders`
  MODIFY `id` int(11) NOT NULL AUTO_INCREMENT, AUTO_INCREMENT=6;

--
-- AUTO_INCREMENT for table `tblroles`
--
ALTER TABLE `tblroles`
  MODIFY `roleid` int(11) NOT NULL AUTO_INCREMENT, AUTO_INCREMENT=35;

--
-- AUTO_INCREMENT for table `tblsales_activity`
--
ALTER TABLE `tblsales_activity`
  MODIFY `id` int(11) NOT NULL AUTO_INCREMENT, AUTO_INCREMENT=6;

--
-- AUTO_INCREMENT for table `tblservices`
--
ALTER TABLE `tblservices`
  MODIFY `serviceid` int(11) NOT NULL AUTO_INCREMENT;

--
-- AUTO_INCREMENT for table `tblspam_filters`
--
ALTER TABLE `tblspam_filters`
  MODIFY `id` int(11) NOT NULL AUTO_INCREMENT;

--
-- AUTO_INCREMENT for table `tblstaff`
--
ALTER TABLE `tblstaff`
  MODIFY `staffid` int(11) NOT NULL AUTO_INCREMENT, AUTO_INCREMENT=11;

--
-- AUTO_INCREMENT for table `tblstaff_departments`
--
ALTER TABLE `tblstaff_departments`
  MODIFY `staffdepartmentid` int(11) NOT NULL AUTO_INCREMENT;

--
-- AUTO_INCREMENT for table `tblsubscriptions`
--
ALTER TABLE `tblsubscriptions`
  MODIFY `id` int(11) NOT NULL AUTO_INCREMENT;

--
-- AUTO_INCREMENT for table `tbltags`
--
ALTER TABLE `tbltags`
  MODIFY `id` int(11) NOT NULL AUTO_INCREMENT, AUTO_INCREMENT=5;

--
-- AUTO_INCREMENT for table `tbltasks`
--
ALTER TABLE `tbltasks`
  MODIFY `id` int(11) NOT NULL AUTO_INCREMENT, AUTO_INCREMENT=102;

--
-- AUTO_INCREMENT for table `tbltaskstimers`
--
ALTER TABLE `tbltaskstimers`
  MODIFY `id` int(11) NOT NULL AUTO_INCREMENT, AUTO_INCREMENT=16;

--
-- AUTO_INCREMENT for table `tbltasks_checklist_templates`
--
ALTER TABLE `tbltasks_checklist_templates`
  MODIFY `id` int(11) NOT NULL AUTO_INCREMENT;

--
-- AUTO_INCREMENT for table `tbltasktype`
--
ALTER TABLE `tbltasktype`
  MODIFY `id` int(11) NOT NULL AUTO_INCREMENT, AUTO_INCREMENT=13;

--
-- AUTO_INCREMENT for table `tbltask_assigned`
--
ALTER TABLE `tbltask_assigned`
  MODIFY `id` int(11) NOT NULL AUTO_INCREMENT, AUTO_INCREMENT=143;

--
-- AUTO_INCREMENT for table `tbltask_checklist_items`
--
ALTER TABLE `tbltask_checklist_items`
  MODIFY `id` int(11) NOT NULL AUTO_INCREMENT, AUTO_INCREMENT=6;

--
-- AUTO_INCREMENT for table `tbltask_comments`
--
ALTER TABLE `tbltask_comments`
  MODIFY `id` int(11) NOT NULL AUTO_INCREMENT, AUTO_INCREMENT=10;

--
-- AUTO_INCREMENT for table `tbltask_followers`
--
ALTER TABLE `tbltask_followers`
  MODIFY `id` int(11) NOT NULL AUTO_INCREMENT, AUTO_INCREMENT=2;

--
-- AUTO_INCREMENT for table `tbltaxes`
--
ALTER TABLE `tbltaxes`
  MODIFY `id` int(11) NOT NULL AUTO_INCREMENT;

--
-- AUTO_INCREMENT for table `tbltickets`
--
ALTER TABLE `tbltickets`
  MODIFY `ticketid` int(11) NOT NULL AUTO_INCREMENT;

--
-- AUTO_INCREMENT for table `tbltickets_pipe_log`
--
ALTER TABLE `tbltickets_pipe_log`
  MODIFY `id` int(11) NOT NULL AUTO_INCREMENT;

--
-- AUTO_INCREMENT for table `tbltickets_predefined_replies`
--
ALTER TABLE `tbltickets_predefined_replies`
  MODIFY `id` int(11) NOT NULL AUTO_INCREMENT;

--
-- AUTO_INCREMENT for table `tbltickets_priorities`
--
ALTER TABLE `tbltickets_priorities`
  MODIFY `priorityid` int(11) NOT NULL AUTO_INCREMENT, AUTO_INCREMENT=4;

--
-- AUTO_INCREMENT for table `tbltickets_status`
--
ALTER TABLE `tbltickets_status`
  MODIFY `ticketstatusid` int(11) NOT NULL AUTO_INCREMENT, AUTO_INCREMENT=6;

--
-- AUTO_INCREMENT for table `tblticket_attachments`
--
ALTER TABLE `tblticket_attachments`
  MODIFY `id` int(11) NOT NULL AUTO_INCREMENT;

--
-- AUTO_INCREMENT for table `tblticket_replies`
--
ALTER TABLE `tblticket_replies`
  MODIFY `id` int(11) NOT NULL AUTO_INCREMENT;

--
-- AUTO_INCREMENT for table `tbltodos`
--
ALTER TABLE `tbltodos`
  MODIFY `todoid` int(11) NOT NULL AUTO_INCREMENT, AUTO_INCREMENT=6;

--
-- AUTO_INCREMENT for table `tbltracked_mails`
--
ALTER TABLE `tbltracked_mails`
  MODIFY `id` int(11) NOT NULL AUTO_INCREMENT;

--
-- AUTO_INCREMENT for table `tbluser_meta`
--
ALTER TABLE `tbluser_meta`
  MODIFY `umeta_id` bigint(20) UNSIGNED NOT NULL AUTO_INCREMENT, AUTO_INCREMENT=18;

--
-- AUTO_INCREMENT for table `tblvault`
--
ALTER TABLE `tblvault`
  MODIFY `id` int(11) NOT NULL AUTO_INCREMENT;

--
-- AUTO_INCREMENT for table `tblviews_tracking`
--
ALTER TABLE `tblviews_tracking`
  MODIFY `id` int(11) NOT NULL AUTO_INCREMENT;

--
-- AUTO_INCREMENT for table `tblweb_to_lead`
--
ALTER TABLE `tblweb_to_lead`
  MODIFY `id` int(11) NOT NULL AUTO_INCREMENT;
COMMIT;

/*!40101 SET CHARACTER_SET_CLIENT=@OLD_CHARACTER_SET_CLIENT */;
/*!40101 SET CHARACTER_SET_RESULTS=@OLD_CHARACTER_SET_RESULTS */;
/*!40101 SET COLLATION_CONNECTION=@OLD_COLLATION_CONNECTION */;
